date,open,high,low,close,volume,source,label,ticker
2011-05-30,2704.485,2728.062,2689.206,2706.361,6517438800,akshare,上证指数,sh000001
2011-05-31,2707.559,2744.934,2702.095,2743.472,6790038400,akshare,上证指数,sh000001
2011-06-01,2737.057,2744.559,2726.495,2743.572,6855550400,akshare,上证指数,sh000001
2011-06-02,2715.316,2727.995,2676.538,2705.181,8602116000,akshare,上证指数,sh000001
2011-06-03,2701.773,2732.427,2701.25,2728.02,6798394400,akshare,上证指数,sh000001
2011-06-07,2720.97,2745.77,2717.313,2744.3,6502129200,akshare,上证指数,sh000001
2011-06-08,2742.043,2754.122,2715.25,2750.288,7429466400,akshare,上证指数,sh000001
2011-06-09,2743.539,2747.332,2702.695,2703.345,8346926400,akshare,上证指数,sh000001
2011-06-10,2696.13,2707.742,2672.32,2705.143,7340029600,akshare,上证指数,sh000001
2011-06-13,2687.653,2703.423,2669.395,2700.379,6306946000,akshare,上证指数,sh000001
2011-06-14,2696.223,2735.553,2691.671,2730.04,8309751200,akshare,上证指数,sh000001
2011-06-15,2717.677,2730.476,2705.072,2705.431,7485694400,akshare,上证指数,sh000001
2011-06-16,2685.632,2691.944,2663.12,2664.283,7092787200,akshare,上证指数,sh000001
2011-06-17,2661.414,2675.027,2641.392,2642.818,6444263200,akshare,上证指数,sh000001
2011-06-20,2635.834,2637.883,2610.99,2621.253,6005986400,akshare,上证指数,sh000001
2011-06-21,2628.022,2648.024,2618.807,2646.483,6482187200,akshare,上证指数,sh000001
2011-06-22,2648.534,2657.725,2633.474,2649.321,5831380000,akshare,上证指数,sh000001
2011-06-23,2640.66,2693.417,2630.336,2688.249,7377268800,akshare,上证指数,sh000001
2011-06-24,2678.052,2759.71,2674.303,2746.211,12577363200,akshare,上证指数,sh000001
2011-06-27,2746.787,2769.043,2743.496,2758.23,10160101600,akshare,上证指数,sh000001
2011-06-28,2759.713,2763.28,2736.398,2759.202,8827744800,akshare,上证指数,sh000001
2011-06-29,2757.4,2759.231,2727.253,2728.483,8822420000,akshare,上证指数,sh000001
2011-06-30,2729.992,2774.365,2729.992,2762.076,9096712000,akshare,上证指数,sh000001
2011-07-01,2767.834,2778.668,2752.966,2759.362,9207288000,akshare,上证指数,sh000001
2011-07-04,2770.94,2813.27,2770.94,2812.818,12196225600,akshare,上证指数,sh000001
2011-07-05,2812.722,2818.141,2799.11,2816.355,11012422400,akshare,上证指数,sh000001
2011-07-06,2811.815,2811.815,2780.728,2810.479,10310439200,akshare,上证指数,sh000001
2011-07-07,2813.193,2825.123,2793.892,2794.267,11651214400,akshare,上证指数,sh000001
2011-07-08,2797.026,2807.38,2784.126,2797.774,8621160800,akshare,上证指数,sh000001
2011-07-11,2789.454,2807.322,2780.665,2802.692,8606359200,akshare,上证指数,sh000001
2011-07-12,2783.722,2783.722,2752.186,2754.582,9667447200,akshare,上证指数,sh000001
2011-07-13,2756.032,2797.266,2756.032,2795.476,9192912800,akshare,上证指数,sh000001
2011-07-14,2798.212,2811.704,2788.983,2810.444,10450208000,akshare,上证指数,sh000001
2011-07-15,2803.585,2821.339,2794.159,2820.169,10747006400,akshare,上证指数,sh000001
2011-07-18,2821.358,2826.959,2807.108,2816.688,10810862400,akshare,上证指数,sh000001
2011-07-19,2804.923,2809.315,2790.685,2796.983,9274088000,akshare,上证指数,sh000001
2011-07-20,2810.436,2817.285,2779.381,2794.205,8403061600,akshare,上证指数,sh000001
2011-07-21,2795.896,2799.852,2763.418,2765.894,8176058400,akshare,上证指数,sh000001
2011-07-22,2769.863,2782.169,2763.8,2770.79,7021184000,akshare,上证指数,sh000001
2011-07-25,2759.628,2759.628,2680.747,2688.746,11124224800,akshare,上证指数,sh000001
2011-07-26,2685.754,2704.939,2677.119,2703.026,7288145600,akshare,上证指数,sh000001
2011-07-27,2690.144,2726.801,2680.433,2723.492,8040778400,akshare,上证指数,sh000001
2011-07-28,2701.771,2712.09,2684.661,2708.777,7847491200,akshare,上证指数,sh000001
2011-07-29,2706.497,2721.53,2681.272,2701.729,7547165600,akshare,上证指数,sh000001
2011-08-01,2697.575,2712.888,2688.529,2703.783,5900071200,akshare,上证指数,sh000001
2011-08-02,2689.971,2689.971,2651.28,2679.259,6999318400,akshare,上证指数,sh000001
2011-08-03,2659.118,2688.065,2654.364,2678.485,6398160800,akshare,上证指数,sh000001
2011-08-04,2683.192,2698.815,2675.534,2684.039,5887211200,akshare,上证指数,sh000001
2011-08-05,2620.277,2644.581,2605.137,2626.423,7857183200,akshare,上证指数,sh000001
2011-08-08,2599.289,2614.19,2497.918,2526.816,11030249600,akshare,上证指数,sh000001
2011-08-09,2468.032,2537.409,2437.681,2526.07,10372388800,akshare,上证指数,sh000001
2011-08-10,2562.393,2579.156,2544.952,2549.176,10036934400,akshare,上证指数,sh000001
2011-08-11,2508.857,2582.155,2505.012,2581.508,9559726400,akshare,上证指数,sh000001
2011-08-12,2593.395,2605.447,2585.846,2593.173,9717120800,akshare,上证指数,sh000001
2011-08-15,2598.138,2627.104,2584.407,2626.77,8867684000,akshare,上证指数,sh000001
2011-08-16,2627.854,2636.36,2601.501,2608.166,8522686400,akshare,上证指数,sh000001
2011-08-17,2603.961,2617.165,2596.039,2601.261,7010914400,akshare,上证指数,sh000001
2011-08-18,2601.99,2603.485,2556.859,2559.472,7098928000,akshare,上证指数,sh000001
2011-08-19,2519.645,2538.272,2513.754,2534.358,7060680000,akshare,上证指数,sh000001
2011-08-22,2534.57,2553.415,2507.782,2515.863,6121442800,akshare,上证指数,sh000001
2011-08-23,2524.877,2554.178,2514.949,2554.019,6094419200,akshare,上证指数,sh000001
2011-08-24,2562.411,2569.278,2536.256,2541.091,6546246800,akshare,上证指数,sh000001
2011-08-25,2546.402,2616.304,2545.054,2615.261,10453797600,akshare,上证指数,sh000001
2011-08-26,2602.208,2616.636,2593.238,2612.188,7785044800,akshare,上证指数,sh000001
2011-08-29,2595.466,2595.466,2570.844,2576.413,7369609600,akshare,上证指数,sh000001
2011-08-30,2592.597,2615.135,2563.689,2566.595,7591068800,akshare,上证指数,sh000001
2011-08-31,2566.529,2574.415,2545.096,2567.34,5916972000,akshare,上证指数,sh000001
2011-09-01,2569.799,2584.804,2547.855,2556.042,5729092800,akshare,上证指数,sh000001
2011-09-02,2551.556,2557.31,2517.618,2528.28,5443658000,akshare,上证指数,sh000001
2011-09-05,2510.1,2510.1,2478.195,2478.739,5503106400,akshare,上证指数,sh000001
2011-09-06,2465.565,2482.242,2459.543,2470.524,4922317200,akshare,上证指数,sh000001
2011-09-07,2480.941,2516.754,2475.218,2516.09,5966586000,akshare,上证指数,sh000001
2011-09-08,2523.962,2524.377,2498.113,2498.943,5527195200,akshare,上证指数,sh000001
2011-09-09,2506.969,2528.422,2487.145,2497.753,5125338000,akshare,上证指数,sh000001
2011-09-13,2467.73,2477.083,2453.796,2471.305,4993092000,akshare,上证指数,sh000001
2011-09-14,2478.586,2485.934,2439.372,2484.827,5406597600,akshare,上证指数,sh000001
2011-09-15,2482.859,2496.572,2477.651,2479.055,5600368800,akshare,上证指数,sh000001
2011-09-16,2490.177,2499.481,2475.758,2482.343,4798685600,akshare,上证指数,sh000001
2011-09-19,2469.6,2469.6,2437.165,2437.795,4874682400,akshare,上证指数,sh000001
2011-09-20,2433.721,2460.034,2426.703,2447.755,4626589200,akshare,上证指数,sh000001
2011-09-21,2450.116,2517.673,2438.852,2512.963,8668928000,akshare,上证指数,sh000001
2011-09-22,2491.212,2499.976,2442.462,2443.057,7469540800,akshare,上证指数,sh000001
2011-09-23,2411.833,2440.751,2400.141,2433.159,6730269600,akshare,上证指数,sh000001
2011-09-26,2416.226,2441.729,2384.64,2393.183,5742504000,akshare,上证指数,sh000001
2011-09-27,2410.991,2423.913,2395.164,2415.054,5523143200,akshare,上证指数,sh000001
2011-09-28,2427.289,2430.27,2383.396,2392.062,5575844800,akshare,上证指数,sh000001
2011-09-29,2378.423,2387.538,2358.572,2365.343,5919124000,akshare,上证指数,sh000001
2011-09-30,2368.398,2377.541,2348.217,2359.22,4881837200,akshare,上证指数,sh000001
2011-10-10,2363.078,2368.149,2338.685,2344.787,4174530400,akshare,上证指数,sh000001
2011-10-11,2401.738,2412.376,2323.412,2348.516,6397580800,akshare,上证指数,sh000001
2011-10-12,2335.488,2421.693,2318.628,2420.0,9150856800,akshare,上证指数,sh000001
2011-10-13,2412.832,2439.64,2406.282,2438.79,8786010400,akshare,上证指数,sh000001
2011-10-14,2429.885,2437.594,2409.288,2431.375,6067316000,akshare,上证指数,sh000001
2011-10-17,2434.486,2452.99,2424.726,2440.402,5826768000,akshare,上证指数,sh000001
2011-10-18,2423.282,2425.646,2378.667,2383.485,7952574400,akshare,上证指数,sh000001
2011-10-19,2387.831,2401.688,2374.417,2377.512,5853463600,akshare,上证指数,sh000001
2011-10-20,2365.909,2368.64,2315.9,2331.366,6542521600,akshare,上证指数,sh000001
2011-10-21,2330.512,2340.315,2313.782,2317.275,4843672400,akshare,上证指数,sh000001
2011-10-24,2322.02,2371.092,2307.146,2370.333,7087407200,akshare,上证指数,sh000001
2011-10-25,2366.398,2414.049,2357.387,2409.672,9088888000,akshare,上证指数,sh000001
2011-10-26,2398.187,2448.981,2394.733,2427.48,10744716800,akshare,上证指数,sh000001
2011-10-27,2432.473,2449.701,2426.315,2435.614,8240896000,akshare,上证指数,sh000001
2011-10-28,2462.085,2483.759,2456.177,2473.41,11003272000,akshare,上证指数,sh000001
2011-10-31,2470.254,2478.307,2455.205,2468.25,8417256000,akshare,上证指数,sh000001
2011-11-01,2450.331,2491.355,2445.527,2470.019,8889241600,akshare,上证指数,sh000001
2011-11-02,2437.87,2505.121,2433.715,2504.108,10546820000,akshare,上证指数,sh000001
2011-11-03,2510.842,2535.24,2507.297,2508.09,13657632000,akshare,上证指数,sh000001
2011-11-04,2525.244,2536.779,2512.904,2528.294,10187367200,akshare,上证指数,sh000001
2011-11-07,2518.898,2536.18,2507.615,2509.799,7886717600,akshare,上证指数,sh000001
2011-11-08,2514.259,2524.82,2500.02,2503.836,7867265600,akshare,上证指数,sh000001
2011-11-09,2512.587,2527.703,2489.025,2524.919,7820857600,akshare,上证指数,sh000001
2011-11-10,2498.594,2507.452,2478.139,2479.536,8711108800,akshare,上证指数,sh000001
2011-11-11,2483.957,2496.527,2472.761,2481.084,6613766800,akshare,上证指数,sh000001
2011-11-14,2498.672,2529.632,2496.335,2528.714,8122980800,akshare,上证指数,sh000001
2011-11-15,2525.948,2534.059,2518.703,2529.761,7922775200,akshare,上证指数,sh000001
2011-11-16,2529.073,2529.458,2456.856,2466.959,9338211200,akshare,上证指数,sh000001
2011-11-17,2467.704,2482.528,2459.165,2463.046,6641428400,akshare,上证指数,sh000001
2011-11-18,2448.387,2448.51,2411.042,2416.562,7218080800,akshare,上证指数,sh000001
2011-11-21,2416.732,2419.244,2396.087,2415.13,5017036800,akshare,上证指数,sh000001
2011-11-22,2400.984,2414.85,2387.826,2412.625,5144323200,akshare,上证指数,sh000001
2011-11-23,2415.197,2418.56,2390.654,2395.065,5054784800,akshare,上证指数,sh000001
2011-11-24,2379.146,2409.719,2370.695,2397.554,5215415200,akshare,上证指数,sh000001
2011-11-25,2393.327,2403.942,2372.622,2380.224,4536255200,akshare,上证指数,sh000001
2011-11-28,2383.893,2396.827,2372.156,2383.034,4606466400,akshare,上证指数,sh000001
2011-11-29,2398.994,2413.326,2388.202,2412.393,5512319200,akshare,上证指数,sh000001
2011-11-30,2406.329,2407.326,2319.44,2333.414,7661110400,akshare,上证指数,sh000001
2011-12-01,2392.485,2423.559,2376.916,2386.86,9865004800,akshare,上证指数,sh000001
2011-12-02,2374.899,2378.299,2344.846,2360.664,5986884400,akshare,上证指数,sh000001
2011-12-05,2363.111,2363.127,2327.61,2333.229,5221496800,akshare,上证指数,sh000001
2011-12-06,2326.66,2331.892,2310.155,2325.905,4591707600,akshare,上证指数,sh000001
2011-12-07,2325.562,2339.847,2317.814,2332.73,4157030400,akshare,上证指数,sh000001
2011-12-08,2329.911,2346.654,2302.642,2329.82,5147352000,akshare,上证指数,sh000001
2011-12-09,2315.513,2331.259,2309.457,2315.27,3998856000,akshare,上证指数,sh000001
2011-12-12,2312.151,2315.811,2290.264,2291.545,3963257600,akshare,上证指数,sh000001
2011-12-13,2283.223,2285.814,2245.868,2248.59,5862748000,akshare,上证指数,sh000001
2011-12-14,2241.387,2256.744,2224.725,2228.525,4407982400,akshare,上证指数,sh000001
2011-12-15,2215.792,2216.909,2179.467,2180.895,5671218400,akshare,上证指数,sh000001
2011-12-16,2179.509,2225.538,2170.748,2224.84,5726590400,akshare,上证指数,sh000001
2011-12-19,2208.071,2221.448,2164.887,2218.235,5781846400,akshare,上证指数,sh000001
2011-12-20,2209.699,2239.859,2206.519,2215.93,5276111200,akshare,上证指数,sh000001
2011-12-21,2230.18,2237.466,2188.71,2191.148,5087726400,akshare,上证指数,sh000001
2011-12-22,2178.572,2201.587,2149.423,2186.297,5898611600,akshare,上证指数,sh000001
2011-12-23,2183.911,2219.786,2178.141,2204.784,5242132400,akshare,上证指数,sh000001
2011-12-26,2193.659,2213.453,2186.07,2190.11,4361366400,akshare,上证指数,sh000001
2011-12-27,2186.709,2196.973,2162.723,2166.205,4571218000,akshare,上证指数,sh000001
2011-12-28,2157.65,2170.672,2134.017,2170.013,4963343600,akshare,上证指数,sh000001
2011-12-29,2161.184,2181.955,2157.115,2173.561,4474920000,akshare,上证指数,sh000001
2011-12-30,2177.517,2200.988,2177.517,2199.417,5194384000,akshare,上证指数,sh000001
2012-01-04,2211.995,2217.52,2168.644,2169.39,4924553600,akshare,上证指数,sh000001
2012-01-05,2160.898,2183.404,2145.556,2148.452,5874344800,akshare,上证指数,sh000001
2012-01-06,2148.147,2164.322,2132.626,2163.395,5058305600,akshare,上证指数,sh000001
2012-01-09,2164.741,2226.218,2148.453,2225.89,7675984000,akshare,上证指数,sh000001
2012-01-10,2221.832,2288.628,2218.275,2285.744,10958541600,akshare,上证指数,sh000001
2012-01-11,2282.913,2290.644,2265.185,2276.046,8444178400,akshare,上证指数,sh000001
2012-01-12,2268.739,2295.224,2265.256,2275.01,7156999200,akshare,上证指数,sh000001
2012-01-13,2277.08,2281.532,2225.736,2244.58,7147432000,akshare,上证指数,sh000001
2012-01-16,2230.433,2241.259,2206.045,2206.193,4585952000,akshare,上证指数,sh000001
2012-01-17,2206.531,2298.376,2196.117,2298.376,8780356000,akshare,上证指数,sh000001
2012-01-18,2298.834,2311.579,2257.898,2266.384,8994042400,akshare,上证指数,sh000001
2012-01-19,2266.076,2305.707,2259.337,2296.075,7249886400,akshare,上证指数,sh000001
2012-01-20,2300.5,2322.891,2293.893,2319.118,6992275200,akshare,上证指数,sh000001
2012-01-30,2324.493,2324.493,2284.291,2285.038,5841368800,akshare,上证指数,sh000001
2012-01-31,2285.954,2296.384,2277.056,2292.61,4873832400,akshare,上证指数,sh000001
2012-02-01,2288.066,2305.863,2263.342,2268.08,5355381200,akshare,上证指数,sh000001
2012-02-02,2273.85,2312.556,2268.687,2312.556,6347187200,akshare,上证指数,sh000001
2012-02-03,2306.656,2336.267,2300.982,2330.405,7894369600,akshare,上证指数,sh000001
2012-02-06,2334.248,2341.575,2317.422,2331.136,7573448000,akshare,上证指数,sh000001
2012-02-07,2319.421,2319.708,2278.825,2291.902,6732690400,akshare,上证指数,sh000001
2012-02-08,2291.812,2350.965,2286.819,2347.53,8711452800,akshare,上证指数,sh000001
2012-02-09,2344.224,2363.613,2333.935,2349.589,9803232800,akshare,上证指数,sh000001
2012-02-10,2342.011,2368.979,2339.885,2351.981,9650161600,akshare,上证指数,sh000001
2012-02-13,2332.055,2365.339,2325.028,2351.855,8626358400,akshare,上证指数,sh000001
2012-02-14,2348.877,2352.469,2332.247,2344.771,7313041600,akshare,上证指数,sh000001
2012-02-15,2340.455,2374.282,2335.101,2366.702,9886102400,akshare,上证指数,sh000001
2012-02-16,2363.897,2373.804,2342.073,2356.86,9505116800,akshare,上证指数,sh000001
2012-02-17,2366.63,2372.512,2344.76,2357.181,7192484000,akshare,上证指数,sh000001
2012-02-20,2383.686,2388.009,2362.012,2363.597,8891158400,akshare,上证指数,sh000001
2012-02-21,2365.487,2382.146,2345.053,2381.43,7934867200,akshare,上证指数,sh000001
2012-02-22,2380.504,2404.442,2374.03,2403.587,11868427200,akshare,上证指数,sh000001
2012-02-23,2401.738,2416.805,2396.71,2409.554,11255359200,akshare,上证指数,sh000001
2012-02-24,2410.881,2439.977,2405.274,2439.628,13490324800,akshare,上证指数,sh000001
2012-02-27,2447.406,2478.375,2444.629,2447.057,15807324800,akshare,上证指数,sh000001
2012-02-28,2440.914,2458.651,2431.828,2451.857,11836199200,akshare,上证指数,sh000001
2012-02-29,2446.228,2453.067,2426.329,2428.487,9553695200,akshare,上证指数,sh000001
2012-03-01,2418.788,2437.874,2418.334,2426.115,7508328800,akshare,上证指数,sh000001
2012-03-02,2430.098,2461.121,2430.098,2460.693,10322837600,akshare,上证指数,sh000001
2012-03-05,2464.849,2469.841,2442.115,2445.002,11269332800,akshare,上证指数,sh000001
2012-03-06,2439.779,2442.001,2406.056,2410.445,10370900800,akshare,上证指数,sh000001
2012-03-07,2391.203,2413.695,2388.519,2394.794,9479064000,akshare,上证指数,sh000001
2012-03-08,2401.102,2426.698,2401.102,2420.276,9678213600,akshare,上证指数,sh000001
2012-03-09,2425.885,2440.511,2414.966,2439.462,10062405600,akshare,上证指数,sh000001
2012-03-12,2438.546,2440.857,2420.84,2434.859,10622305600,akshare,上证指数,sh000001
2012-03-13,2432.843,2457.22,2428.609,2455.795,10464971200,akshare,上证指数,sh000001
2012-03-14,2464.915,2476.216,2382.836,2391.23,17978603200,akshare,上证指数,sh000001
2012-03-15,2388.063,2403.742,2366.024,2373.774,12002549600,akshare,上证指数,sh000001
2012-03-16,2377.757,2406.148,2368.311,2404.736,10367562400,akshare,上证指数,sh000001
2012-03-19,2401.217,2412.336,2383.674,2410.184,10215348800,akshare,上证指数,sh000001
2012-03-20,2407.542,2407.542,2376.031,2376.839,9790393600,akshare,上证指数,sh000001
2012-03-21,2384.709,2396.722,2361.222,2378.195,9568653600,akshare,上证指数,sh000001
2012-03-22,2376.991,2386.099,2364.13,2375.772,7934888000,akshare,上证指数,sh000001
2012-03-23,2369.077,2371.263,2342.12,2349.539,7686213600,akshare,上证指数,sh000001
2012-03-26,2349.086,2357.996,2339.141,2350.599,5542773200,akshare,上证指数,sh000001
2012-03-27,2358.545,2363.766,2344.304,2347.179,6088111600,akshare,上证指数,sh000001
2012-03-28,2341.003,2341.42,2281.433,2284.881,8364528000,akshare,上证指数,sh000001
2012-03-29,2276.74,2280.958,2242.345,2252.16,7424808000,akshare,上证指数,sh000001
2012-03-30,2256.042,2266.208,2246.245,2262.788,6202414800,akshare,上证指数,sh000001
2012-04-05,2258.031,2303.824,2251.393,2302.241,8010145600,akshare,上证指数,sh000001
2012-04-06,2299.055,2309.64,2291.559,2306.553,7213652000,akshare,上证指数,sh000001
2012-04-09,2300.051,2304.65,2284.442,2285.777,5976064000,akshare,上证指数,sh000001
2012-04-10,2281.024,2306.387,2258.853,2305.863,6734552800,akshare,上证指数,sh000001
2012-04-11,2286.716,2319.053,2280.035,2308.925,7513007200,akshare,上证指数,sh000001
2012-04-12,2310.484,2351.055,2307.841,2350.864,9768789600,akshare,上证指数,sh000001
2012-04-13,2351.513,2369.701,2346.944,2359.161,9877441600,akshare,上证指数,sh000001
2012-04-16,2346.307,2364.111,2342.199,2357.026,8532268000,akshare,上证指数,sh000001
2012-04-17,2355.369,2363.013,2333.341,2334.985,8468844800,akshare,上证指数,sh000001
2012-04-18,2341.135,2383.64,2337.857,2380.848,10861254400,akshare,上证指数,sh000001
2012-04-19,2378.632,2386.978,2369.459,2378.634,9427242400,akshare,上证指数,sh000001
2012-04-20,2374.662,2407.294,2372.13,2406.863,11552206400,akshare,上证指数,sh000001
2012-04-23,2403.521,2411.51,2383.068,2388.588,12290756000,akshare,上证指数,sh000001
2012-04-24,2380.236,2415.749,2350.399,2388.834,13372235200,akshare,上证指数,sh000001
2012-04-25,2382.211,2411.421,2376.626,2406.813,13097286400,akshare,上证指数,sh000001
2012-04-26,2408.558,2414.754,2393.265,2404.697,11552958400,akshare,上证指数,sh000001
2012-04-27,2402.431,2408.42,2393.867,2396.316,9122835200,akshare,上证指数,sh000001
2012-05-02,2421.082,2446.35,2407.788,2438.436,12800600800,akshare,上证指数,sh000001
2012-05-03,2433.589,2441.953,2427.728,2440.08,10224849600,akshare,上证指数,sh000001
2012-05-04,2437.465,2453.731,2427.969,2452.014,10220487200,akshare,上证指数,sh000001
2012-05-07,2441.757,2451.947,2432.736,2451.947,10883010400,akshare,上证指数,sh000001
2012-05-08,2451.575,2451.598,2431.025,2448.884,10485553600,akshare,上证指数,sh000001
2012-05-09,2432.472,2432.472,2407.509,2408.587,9790220800,akshare,上证指数,sh000001
2012-05-10,2409.945,2419.121,2402.204,2410.23,8169847200,akshare,上证指数,sh000001
2012-05-11,2406.074,2415.977,2393.378,2394.983,7486399200,akshare,上证指数,sh000001
2012-05-14,2408.262,2411.272,2377.983,2380.725,9052633600,akshare,上证指数,sh000001
2012-05-15,2367.083,2376.594,2354.614,2374.843,7792291200,akshare,上证指数,sh000001
2012-05-16,2369.295,2372.032,2344.5,2346.192,7673383200,akshare,上证指数,sh000001
2012-05-17,2347.177,2383.306,2342.352,2378.886,8687003200,akshare,上证指数,sh000001
2012-05-18,2364.899,2369.598,2338.241,2344.52,8968941600,akshare,上证指数,sh000001
2012-05-21,2343.576,2360.386,2330.325,2348.3,7484034400,akshare,上证指数,sh000001
2012-05-22,2355.732,2374.056,2354.868,2373.307,7677977600,akshare,上证指数,sh000001
2012-05-23,2369.265,2378.077,2350.548,2363.437,8421657600,akshare,上证指数,sh000001
2012-05-24,2359.682,2373.057,2344.58,2350.973,7920680800,akshare,上证指数,sh000001
2012-05-25,2350.541,2355.808,2327.408,2333.553,7401924800,akshare,上证指数,sh000001
2012-05-28,2325.317,2361.744,2309.072,2361.367,9496210400,akshare,上证指数,sh000001
2012-05-29,2361.003,2393.279,2358.374,2389.636,11715772800,akshare,上证指数,sh000001
2012-05-30,2385.392,2391.691,2378.133,2384.668,8980979200,akshare,上证指数,sh000001
2012-05-31,2370.007,2382.989,2362.314,2372.234,7789022400,akshare,上证指数,sh000001
2012-06-01,2373.224,2388.087,2365.442,2373.436,7702192000,akshare,上证指数,sh000001
2012-06-04,2346.984,2348.199,2308.229,2308.55,9017934400,akshare,上证指数,sh000001
2012-06-05,2313.741,2323.298,2304.046,2311.916,6607852800,akshare,上证指数,sh000001
2012-06-06,2315.561,2323.113,2301.035,2309.555,5853202800,akshare,上证指数,sh000001
2012-06-07,2324.672,2328.672,2288.665,2293.13,6023204800,akshare,上证指数,sh000001
2012-06-08,2306.219,2306.882,2276.714,2281.447,6792464000,akshare,上证指数,sh000001
2012-06-11,2282.891,2311.772,2278.163,2305.856,6419796800,akshare,上证指数,sh000001
2012-06-12,2295.07,2298.95,2280.951,2289.791,5994198400,akshare,上证指数,sh000001
2012-06-13,2289.707,2319.714,2284.65,2318.924,7845435200,akshare,上证指数,sh000001
2012-06-14,2306.781,2314.585,2293.065,2295.946,7163372000,akshare,上证指数,sh000001
2012-06-15,2299.781,2314.242,2283.4,2306.85,6868757600,akshare,上证指数,sh000001
2012-06-18,2313.53,2325.052,2309.709,2316.052,6059462400,akshare,上证指数,sh000001
2012-06-19,2313.455,2313.455,2298.394,2300.795,6013590400,akshare,上证指数,sh000001
2012-06-20,2300.406,2304.458,2291.541,2292.877,5410395600,akshare,上证指数,sh000001
2012-06-21,2288.454,2288.454,2253.789,2260.877,5899201200,akshare,上证指数,sh000001
2012-06-25,2253.514,2253.514,2223.054,2224.114,5976895200,akshare,上证指数,sh000001
2012-06-26,2214.649,2229.24,2203.944,2222.067,5294080000,akshare,上证指数,sh000001
2012-06-27,2219.944,2233.543,2213.323,2216.934,5104912800,akshare,上证指数,sh000001
2012-06-28,2220.236,2224.155,2195.356,2195.843,5418218400,akshare,上证指数,sh000001
2012-06-29,2190.576,2226.485,2188.716,2225.431,6144188800,akshare,上证指数,sh000001
2012-07-02,2234.32,2234.873,2215.358,2226.11,6219620800,akshare,上证指数,sh000001
2012-07-03,2225.568,2244.832,2219.05,2229.193,6270302000,akshare,上证指数,sh000001
2012-07-04,2233.335,2239.27,2219.448,2227.315,5527365600,akshare,上证指数,sh000001
2012-07-05,2218.216,2218.216,2192.648,2201.353,5796793600,akshare,上证指数,sh000001
2012-07-06,2203.73,2227.473,2185.522,2223.579,7655792000,akshare,上证指数,sh000001
2012-07-09,2210.714,2216.697,2168.608,2170.814,7511147200,akshare,上证指数,sh000001
2012-07-10,2166.947,2178.195,2156.726,2164.437,5899397200,akshare,上证指数,sh000001
2012-07-11,2160.02,2176.491,2156.596,2175.383,5861447200,akshare,上证指数,sh000001
2012-07-12,2172.064,2197.044,2152.675,2185.491,8213376000,akshare,上证指数,sh000001
2012-07-13,2180.172,2198.661,2177.924,2185.895,5754684000,akshare,上证指数,sh000001
2012-07-16,2187.887,2188.063,2146.154,2147.955,6748768000,akshare,上证指数,sh000001
2012-07-17,2142.43,2165.335,2141.481,2161.186,5518440800,akshare,上证指数,sh000001
2012-07-18,2159.857,2170.296,2138.792,2169.099,6655266000,akshare,上证指数,sh000001
2012-07-19,2164.274,2197.79,2159.943,2184.841,7933804800,akshare,上证指数,sh000001
2012-07-20,2180.012,2185.733,2162.064,2168.638,6434667200,akshare,上证指数,sh000001
2012-07-23,2154.171,2154.171,2135.563,2141.402,5567708000,akshare,上证指数,sh000001
2012-07-24,2132.317,2158.948,2131.013,2146.589,5441128800,akshare,上证指数,sh000001
2012-07-25,2141.036,2151.45,2132.833,2136.151,4857589600,akshare,上证指数,sh000001
2012-07-26,2134.987,2147.664,2124.155,2126.004,5288407600,akshare,上证指数,sh000001
2012-07-27,2132.009,2139.154,2120.63,2128.765,5207692000,akshare,上证指数,sh000001
2012-07-30,2128.159,2137.736,2107.634,2109.914,5199238400,akshare,上证指数,sh000001
2012-07-31,2109.325,2116.904,2100.252,2103.634,5345609600,akshare,上证指数,sh000001
2012-08-01,2101.723,2130.712,2101.708,2123.36,5380460000,akshare,上证指数,sh000001
2012-08-02,2120.146,2126.46,2103.495,2111.182,5346754000,akshare,上证指数,sh000001
2012-08-03,2113.964,2133.266,2108.33,2132.796,5337132800,akshare,上证指数,sh000001
2012-08-06,2129.148,2158.681,2127.263,2154.916,7184320000,akshare,上证指数,sh000001
2012-08-07,2153.093,2159.683,2148.897,2157.62,7504980000,akshare,上证指数,sh000001
2012-08-08,2158.982,2168.734,2153.02,2160.99,7286953600,akshare,上证指数,sh000001
2012-08-09,2159.434,2175.545,2148.694,2174.102,7252924800,akshare,上证指数,sh000001
2012-08-10,2172.964,2176.795,2165.284,2168.814,6836856000,akshare,上证指数,sh000001
2012-08-13,2164.043,2164.043,2134.554,2136.078,7135232000,akshare,上证指数,sh000001
2012-08-14,2137.047,2144.006,2119.253,2142.525,6757159200,akshare,上证指数,sh000001
2012-08-15,2138.278,2139.142,2118.503,2118.945,5460939200,akshare,上证指数,sh000001
2012-08-16,2116.08,2122.683,2109.658,2112.197,4517300800,akshare,上证指数,sh000001
2012-08-17,2111.653,2120.714,2100.787,2114.891,4439063200,akshare,上证指数,sh000001
2012-08-20,2102.231,2110.78,2089.018,2106.957,4671750000,akshare,上证指数,sh000001
2012-08-21,2106.381,2124.195,2103.071,2118.268,6075650400,akshare,上证指数,sh000001
2012-08-22,2118.881,2121.149,2097.605,2107.711,5844141200,akshare,上证指数,sh000001
2012-08-23,2106.96,2118.736,2097.083,2113.072,5847230000,akshare,上证指数,sh000001
2012-08-24,2108.36,2109.822,2089.217,2092.104,6017894800,akshare,上证指数,sh000001
2012-08-27,2085.373,2085.373,2055.377,2055.708,6031483200,akshare,上证指数,sh000001
2012-08-28,2054.967,2083.956,2052.492,2073.154,5442210400,akshare,上证指数,sh000001
2012-08-29,2066.82,2073.949,2051.775,2053.235,5220980800,akshare,上证指数,sh000001
2012-08-30,2044.033,2060.185,2032.537,2052.585,6196379200,akshare,上证指数,sh000001
2012-08-31,2046.289,2059.302,2044.65,2047.522,4614390400,akshare,上证指数,sh000001
2012-09-03,2044.825,2066.78,2041.161,2059.147,6063549600,akshare,上证指数,sh000001
2012-09-04,2060.613,2063.817,2039.266,2043.649,5746218400,akshare,上证指数,sh000001
2012-09-05,2038.873,2048.319,2029.054,2037.681,5764980400,akshare,上证指数,sh000001
2012-09-06,2040.668,2052.95,2036.366,2051.918,5609181600,akshare,上证指数,sh000001
2012-09-07,2062.99,2145.003,2062.99,2127.762,13993262400,akshare,上证指数,sh000001
2012-09-10,2128.065,2140.168,2120.486,2134.893,10358002400,akshare,上证指数,sh000001
2012-09-11,2127.519,2127.519,2107.219,2120.554,8042664000,akshare,上证指数,sh000001
2012-09-12,2129.687,2137.89,2109.137,2126.554,8411474400,akshare,上证指数,sh000001
2012-09-13,2123.84,2130.079,2109.996,2110.379,7904497600,akshare,上证指数,sh000001
2012-09-14,2127.389,2136.226,2111.12,2123.847,9124827200,akshare,上证指数,sh000001
2012-09-17,2120.617,2121.583,2077.484,2078.5,7639223200,akshare,上证指数,sh000001
2012-09-18,2069.343,2074.762,2053.662,2059.543,5379484800,akshare,上证指数,sh000001
2012-09-19,2061.061,2069.95,2055.198,2067.831,5224362800,akshare,上证指数,sh000001
2012-09-20,2060.306,2060.306,2023.085,2024.837,6748265600,akshare,上证指数,sh000001
2012-09-21,2020.554,2041.948,2018.263,2026.69,6028945600,akshare,上证指数,sh000001
2012-09-24,2015.767,2040.85,2005.263,2033.192,5763778000,akshare,上证指数,sh000001
2012-09-25,2028.633,2039.096,2021.809,2029.293,4821940800,akshare,上证指数,sh000001
2012-09-26,2027.855,2033.036,1999.484,2004.172,5040082800,akshare,上证指数,sh000001
2012-09-27,2003.099,2068.071,2002.324,2056.323,7669145600,akshare,上证指数,sh000001
2012-09-28,2042.886,2089.633,2040.35,2086.169,7944895200,akshare,上证指数,sh000001
2012-10-08,2084.849,2096.259,2063.089,2074.419,5513161200,akshare,上证指数,sh000001
2012-10-09,2081.589,2119.336,2081.589,2115.23,8456379200,akshare,上证指数,sh000001
2012-10-10,2111.587,2121.992,2102.535,2119.942,7891203200,akshare,上证指数,sh000001
2012-10-11,2114.232,2117.839,2101.14,2102.868,7449703200,akshare,上证指数,sh000001
2012-10-12,2109.07,2127.307,2092.511,2104.932,6826297600,akshare,上证指数,sh000001
2012-10-15,2105.024,2107.199,2085.115,2098.703,5394075200,akshare,上证指数,sh000001
2012-10-16,2097.05,2111.78,2089.695,2098.808,5781844000,akshare,上证指数,sh000001
2012-10-17,2104.28,2113.162,2088.044,2105.618,5987406400,akshare,上证指数,sh000001
2012-10-18,2108.498,2137.686,2107.492,2131.688,8719108800,akshare,上证指数,sh000001
2012-10-19,2129.82,2136.869,2125.736,2128.302,6764128000,akshare,上证指数,sh000001
2012-10-22,2118.521,2138.027,2112.752,2132.758,6011722400,akshare,上证指数,sh000001
2012-10-23,2132.108,2136.218,2111.923,2114.447,7268380800,akshare,上证指数,sh000001
2012-10-24,2106.83,2123.998,2104.67,2115.99,7288661600,akshare,上证指数,sh000001
2012-10-25,2114.764,2128.74,2100.609,2101.58,8539311200,akshare,上证指数,sh000001
2012-10-26,2100.1,2102.162,2058.063,2066.209,7860643200,akshare,上证指数,sh000001
2012-10-29,2061.847,2068.237,2053.092,2058.943,5363500800,akshare,上证指数,sh000001
2012-10-30,2059.202,2075.905,2054.264,2062.347,6056909200,akshare,上证指数,sh000001
2012-10-31,2061.124,2070.479,2053.583,2068.88,5952723200,akshare,上证指数,sh000001
2012-11-01,2070.02,2109.496,2069.947,2104.428,8288667200,akshare,上证指数,sh000001
2012-11-02,2105.449,2119.224,2096.531,2117.046,7655721600,akshare,上证指数,sh000001
2012-11-05,2113.328,2123.327,2104.584,2114.027,7153876000,akshare,上证指数,sh000001
2012-11-06,2113.658,2114.791,2078.472,2105.999,7134384800,akshare,上证指数,sh000001
2012-11-07,2102.419,2112.631,2093.289,2105.73,5938012800,akshare,上证指数,sh000001
2012-11-08,2091.254,2092.565,2070.65,2071.509,6659456000,akshare,上证指数,sh000001
2012-11-09,2066.495,2077.228,2062.417,2069.067,5422346000,akshare,上证指数,sh000001
2012-11-12,2069.214,2079.571,2061.84,2079.274,5669485600,akshare,上证指数,sh000001
2012-11-13,2078.133,2078.133,2044.036,2047.889,6108729200,akshare,上证指数,sh000001
2012-11-14,2047.257,2056.488,2040.172,2055.419,4809300000,akshare,上证指数,sh000001
2012-11-15,2045.456,2053.56,2029.874,2030.29,5055685600,akshare,上证指数,sh000001
2012-11-16,2026.563,2028.686,2001.716,2014.725,4958168000,akshare,上证指数,sh000001
2012-11-19,2013.246,2018.38,1995.721,2016.982,4532701600,akshare,上证指数,sh000001
2012-11-20,2020.433,2023.611,2004.17,2008.923,4258063600,akshare,上证指数,sh000001
2012-11-21,2008.211,2031.149,1995.174,2030.319,5328202000,akshare,上证指数,sh000001
2012-11-22,2021.209,2023.085,2009.72,2015.611,4557784800,akshare,上证指数,sh000001
2012-11-23,2020.015,2034.884,2017.004,2027.384,5155146800,akshare,上证指数,sh000001
2012-11-26,2023.339,2027.274,2014.029,2017.464,4477955200,akshare,上证指数,sh000001
2012-11-27,2012.075,2014.211,1990.336,1991.165,5662742400,akshare,上证指数,sh000001
2012-11-28,1984.48,1984.863,1968.213,1973.523,5050558800,akshare,上证指数,sh000001
2012-11-29,1972.925,1980.556,1961.822,1963.488,4954008800,akshare,上证指数,sh000001
2012-11-30,1961.815,1983.419,1959.334,1980.117,5689341600,akshare,上证指数,sh000001
2012-12-03,1977.254,1988.191,1957.884,1959.767,6165337600,akshare,上证指数,sh000001
2012-12-04,1956.616,1980.119,1949.457,1975.143,6237812400,akshare,上证指数,sh000001
2012-12-05,1973.107,2040.604,1970.202,2031.907,11997304000,akshare,上证指数,sh000001
2012-12-06,2029.562,2036.609,2018.379,2029.237,8145921600,akshare,上证指数,sh000001
2012-12-07,2028.766,2065.745,2023.961,2061.786,11515728800,akshare,上证指数,sh000001
2012-12-10,2067.324,2087.007,2064.615,2083.77,11538322400,akshare,上证指数,sh000001
2012-12-11,2077.557,2088.635,2070.192,2074.704,9337083200,akshare,上证指数,sh000001
2012-12-12,2073.271,2085.934,2066.391,2082.726,7855914400,akshare,上证指数,sh000001
2012-12-13,2077.416,2081.363,2059.472,2061.476,7227232000,akshare,上证指数,sh000001
2012-12-14,2062.689,2152.496,2062.543,2150.625,16087380800,akshare,上证指数,sh000001
2012-12-17,2152.097,2169.57,2151.936,2160.342,14424222400,akshare,上证指数,sh000001
2012-12-18,2155.858,2183.714,2144.733,2162.464,12609946400,akshare,上证指数,sh000001
2012-12-19,2158.67,2175.395,2154.287,2162.239,9439152000,akshare,上证指数,sh000001
2012-12-20,2156.193,2174.819,2142.951,2168.353,9938418400,akshare,上证指数,sh000001
2012-12-21,2169.57,2190.398,2148.17,2153.31,10337287200,akshare,上证指数,sh000001
2012-12-24,2150.654,2170.394,2149.825,2159.053,7846966400,akshare,上证指数,sh000001
2012-12-25,2154.32,2220.263,2146.862,2213.611,14332771200,akshare,上证指数,sh000001
2012-12-26,2211.594,2220.475,2206.787,2219.132,12185863200,akshare,上证指数,sh000001
2012-12-27,2223.655,2234.724,2204.79,2205.897,12902350400,akshare,上证指数,sh000001
2012-12-28,2207.913,2234.869,2204.003,2233.252,11592493600,akshare,上证指数,sh000001
2012-12-31,2236.461,2269.512,2236.461,2269.128,12803140000,akshare,上证指数,sh000001
2013-01-04,2289.51,2296.113,2256.56,2276.992,13946993600,akshare,上证指数,sh000001
2013-01-07,2271.663,2293.317,2266.862,2285.364,11816281600,akshare,上证指数,sh000001
2013-01-08,2284.654,2289.139,2262.979,2276.07,12290788000,akshare,上证指数,sh000001
2013-01-09,2271.299,2283.896,2259.051,2275.34,12201492800,akshare,上证指数,sh000001
2013-01-10,2274.377,2295.484,2268.648,2283.658,12006667200,akshare,上证指数,sh000001
2013-01-11,2285.185,2290.205,2234.947,2242.997,12506827200,akshare,上证指数,sh000001
2013-01-14,2236.288,2317.617,2235.107,2311.74,14474988800,akshare,上证指数,sh000001
2013-01-15,2312.468,2332.783,2309.323,2325.682,16564598400,akshare,上证指数,sh000001
2013-01-16,2322.158,2326.764,2279.507,2309.499,15351116800,akshare,上证指数,sh000001
2013-01-17,2305.14,2305.602,2275.877,2284.909,11910183200,akshare,上证指数,sh000001
2013-01-18,2295.809,2324.509,2285.972,2317.07,12543802400,akshare,上证指数,sh000001
2013-01-21,2321.49,2329.581,2305.099,2328.221,13468046400,akshare,上证指数,sh000001
2013-01-22,2326.49,2335.806,2301.301,2315.139,14946659200,akshare,上证指数,sh000001
2013-01-23,2308.521,2325.118,2296.491,2320.911,11817972000,akshare,上证指数,sh000001
2013-01-24,2320.258,2362.943,2287.296,2302.598,16103168000,akshare,上证指数,sh000001
2013-01-25,2300.001,2308.38,2288.262,2291.304,9260574400,akshare,上证指数,sh000001
2013-01-28,2295.352,2346.921,2295.352,2346.505,12838376000,akshare,上证指数,sh000001
2013-01-29,2347.215,2363.797,2337.353,2358.977,14185393600,akshare,上证指数,sh000001
2013-01-30,2360.748,2383.763,2347.89,2382.475,14987891200,akshare,上证指数,sh000001
2013-01-31,2383.426,2391.821,2371.226,2385.422,13970788800,akshare,上证指数,sh000001
2013-02-01,2377.414,2421.154,2369.57,2419.02,14081817600,akshare,上证指数,sh000001
2013-02-04,2425.921,2440.376,2417.585,2428.154,16755140800,akshare,上证指数,sh000001
2013-02-05,2411.001,2437.415,2403.302,2433.13,15075451200,akshare,上证指数,sh000001
2013-02-06,2432.677,2441.726,2427.699,2434.477,11657996800,akshare,上证指数,sh000001
2013-02-07,2430.688,2433.893,2394.218,2418.53,12000863200,akshare,上证指数,sh000001
2013-02-08,2416.619,2443.032,2414.398,2432.402,10907038400,akshare,上证指数,sh000001
2013-02-18,2441.906,2444.804,2415.429,2421.558,11617499200,akshare,上证指数,sh000001
2013-02-19,2420.265,2427.075,2373.535,2382.914,12347333600,akshare,上证指数,sh000001
2013-02-20,2383.493,2397.941,2370.608,2397.178,11028057600,akshare,上证指数,sh000001
2013-02-21,2378.822,2378.822,2309.171,2325.951,14405947200,akshare,上证指数,sh000001
2013-02-22,2322.94,2330.879,2308.76,2314.164,9698182400,akshare,上证指数,sh000001
2013-02-25,2320.618,2338.78,2315.012,2325.819,8836737600,akshare,上证指数,sh000001
2013-02-26,2313.74,2340.709,2289.887,2293.341,11763866400,akshare,上证指数,sh000001
2013-02-27,2297.767,2324.627,2292.034,2313.22,9782488800,akshare,上证指数,sh000001
2013-02-28,2322.323,2366.164,2308.916,2365.593,12695049600,akshare,上证指数,sh000001
2013-03-01,2364.544,2369.649,2330.858,2359.506,12031275200,akshare,上证指数,sh000001
2013-03-04,2332.08,2333.54,2259.247,2273.404,16175003200,akshare,上证指数,sh000001
2013-03-05,2274.808,2328.143,2270.1,2326.306,13113660000,akshare,上证指数,sh000001
2013-03-06,2333.615,2351.441,2321.6,2347.179,14133369600,akshare,上证指数,sh000001
2013-03-07,2340.436,2352.021,2304.27,2324.293,13975635200,akshare,上证指数,sh000001
2013-03-08,2326.417,2333.667,2314.587,2318.611,9879414400,akshare,上证指数,sh000001
2013-03-11,2314.683,2320.961,2296.583,2310.593,8411190400,akshare,上证指数,sh000001
2013-03-12,2309.158,2333.286,2264.829,2286.605,11766445600,akshare,上证指数,sh000001
2013-03-13,2282.17,2286.329,2253.249,2263.968,9097278400,akshare,上证指数,sh000001
2013-03-14,2255.775,2276.222,2253.31,2270.277,8029408800,akshare,上证指数,sh000001
2013-03-15,2269.315,2312.078,2250.005,2278.401,11647781600,akshare,上证指数,sh000001
2013-03-18,2267.287,2276.05,2239.214,2240.016,9312276800,akshare,上证指数,sh000001
2013-03-19,2244.265,2261.314,2232.023,2257.434,8758210400,akshare,上证指数,sh000001
2013-03-20,2257.737,2317.86,2257.421,2317.374,13124128000,akshare,上证指数,sh000001
2013-03-21,2318.205,2330.813,2311.603,2324.242,11920091200,akshare,上证指数,sh000001
2013-03-22,2321.403,2331.995,2314.967,2328.278,10116729600,akshare,上证指数,sh000001
2013-03-25,2334.735,2344.894,2319.908,2326.715,9703152800,akshare,上证指数,sh000001
2013-03-26,2318.578,2319.988,2281.118,2297.669,10444901600,akshare,上证指数,sh000001
2013-03-27,2299.377,2323.477,2288.995,2301.259,9633119200,akshare,上证指数,sh000001
2013-03-28,2273.552,2273.552,2232.906,2236.302,12765869600,akshare,上证指数,sh000001
2013-03-29,2238.485,2246.868,2228.813,2236.621,8556547200,akshare,上证指数,sh000001
2013-04-01,2229.46,2243.949,2227.314,2234.395,7741177600,akshare,上证指数,sh000001
2013-04-02,2234.901,2253.421,2220.439,2227.74,8971432000,akshare,上证指数,sh000001
2013-04-03,2232.694,2241.34,2217.252,2225.295,8179526400,akshare,上证指数,sh000001
2013-04-08,2196.238,2212.586,2180.673,2211.592,8625747200,akshare,上证指数,sh000001
2013-04-09,2215.467,2234.725,2215.467,2225.775,8289654400,akshare,上证指数,sh000001
2013-04-10,2224.934,2233.04,2212.561,2226.126,8061962400,akshare,上证指数,sh000001
2013-04-11,2236.983,2242.479,2217.265,2219.553,7363270400,akshare,上证指数,sh000001
2013-04-12,2218.095,2226.262,2204.438,2206.78,6684634000,akshare,上证指数,sh000001
2013-04-15,2199.914,2204.987,2177.388,2181.942,7163232000,akshare,上证指数,sh000001
2013-04-16,2169.63,2196.432,2165.784,2194.846,7999217600,akshare,上证指数,sh000001
2013-04-17,2195.032,2197.508,2178.468,2193.796,6831418400,akshare,上证指数,sh000001
2013-04-18,2181.822,2206.027,2175.444,2197.602,7161692800,akshare,上证指数,sh000001
2013-04-19,2201.122,2250.11,2200.584,2244.643,10966056000,akshare,上证指数,sh000001
2013-04-22,2236.402,2245.119,2232.258,2242.169,9523372800,akshare,上证指数,sh000001
2013-04-23,2242.616,2242.616,2182.806,2184.538,9654131200,akshare,上证指数,sh000001
2013-04-24,2187.349,2226.117,2184.109,2218.318,9160026400,akshare,上证指数,sh000001
2013-04-25,2213.185,2224.63,2191.848,2199.307,9670419200,akshare,上证指数,sh000001
2013-04-26,2203.889,2210.581,2173.864,2177.912,7667396800,akshare,上证指数,sh000001
2013-05-02,2170.783,2179.647,2161.14,2174.123,6833793600,akshare,上证指数,sh000001
2013-05-03,2179.049,2222.811,2179.049,2205.497,8858346400,akshare,上证指数,sh000001
2013-05-06,2212.495,2236.066,2212.495,2231.166,9226814400,akshare,上证指数,sh000001
2013-05-07,2227.861,2240.256,2219.435,2235.575,8645235200,akshare,上证指数,sh000001
2013-05-08,2242.393,2255.208,2235.417,2246.3,9037193600,akshare,上证指数,sh000001
2013-05-09,2246.963,2247.864,2221.384,2232.971,9853164000,akshare,上证指数,sh000001
2013-05-10,2228.819,2247.674,2225.812,2246.831,9033547200,akshare,上证指数,sh000001
2013-05-13,2247.678,2250.854,2231.363,2241.92,8621122400,akshare,上证指数,sh000001
2013-05-14,2238.904,2239.926,2205.873,2217.01,8324497600,akshare,上证指数,sh000001
2013-05-15,2217.086,2225.186,2213.582,2224.797,7172289600,akshare,上证指数,sh000001
2013-05-16,2221.337,2252.872,2210.77,2251.806,11028437600,akshare,上证指数,sh000001
2013-05-17,2249.811,2288.091,2248.413,2282.87,12612600800,akshare,上证指数,sh000001
2013-05-20,2286.328,2309.392,2281.899,2299.986,13915051200,akshare,上证指数,sh000001
2013-05-21,2297.11,2305.301,2290.124,2305.114,12417317600,akshare,上证指数,sh000001
2013-05-22,2303.75,2314.183,2292.431,2302.403,12836002400,akshare,上证指数,sh000001
2013-05-23,2293.809,2304.953,2274.102,2275.667,12401984000,akshare,上证指数,sh000001
2013-05-24,2281.445,2292.595,2270.25,2288.533,10144121600,akshare,上证指数,sh000001
2013-05-27,2286.661,2301.702,2283.935,2293.077,10732506400,akshare,上证指数,sh000001
2013-05-28,2293.4,2322.099,2281.468,2321.318,13263299200,akshare,上证指数,sh000001
2013-05-29,2323.539,2334.335,2321.166,2324.017,12525072800,akshare,上证指数,sh000001
2013-05-30,2316.253,2325.721,2310.492,2317.749,11191303200,akshare,上证指数,sh000001
2013-05-31,2320.739,2325.534,2299.369,2300.595,10816255200,akshare,上证指数,sh000001
2013-06-03,2300.209,2313.425,2294.113,2299.252,9688281600,akshare,上证指数,sh000001
2013-06-04,2297.1,2297.1,2264.761,2272.416,10189581600,akshare,上证指数,sh000001
2013-06-05,2270.712,2276.865,2260.871,2270.931,7648330400,akshare,上证指数,sh000001
2013-06-06,2264.425,2266.692,2240.07,2242.11,8153869600,akshare,上证指数,sh000001
2013-06-07,2242.263,2250.629,2205.066,2210.898,8997808000,akshare,上证指数,sh000001
2013-06-13,2190.101,2190.101,2126.216,2148.355,9437109600,akshare,上证指数,sh000001
2013-06-14,2150.06,2163.846,2142.78,2162.041,7785747200,akshare,上证指数,sh000001
2013-06-17,2165.994,2169.356,2147.029,2156.215,7575779200,akshare,上证指数,sh000001
2013-06-18,2158.546,2161.681,2138.347,2159.291,6963227200,akshare,上证指数,sh000001
2013-06-19,2150.816,2150.816,2115.793,2143.454,7542501600,akshare,上证指数,sh000001
2013-06-20,2132.813,2132.813,2082.825,2084.021,7778792800,akshare,上证指数,sh000001
2013-06-21,2058.978,2085.86,2042.879,2073.095,7967322400,akshare,上证指数,sh000001
2013-06-24,2068.862,2068.862,1958.401,1963.235,10919821600,akshare,上证指数,sh000001
2013-06-25,1948.315,1963.566,1849.653,1959.508,13815851200,akshare,上证指数,sh000001
2013-06-26,1954.474,1959.158,1922.824,1951.495,10119252800,akshare,上证指数,sh000001
2013-06-27,1955.126,1980.54,1942.371,1950.013,10581332000,akshare,上证指数,sh000001
2013-06-28,1935.516,1987.984,1925.651,1979.206,10073796800,akshare,上证指数,sh000001
2013-07-01,1965.987,1995.916,1957.571,1995.242,7805139200,akshare,上证指数,sh000001
2013-07-02,1992.89,2007.62,1978.428,2006.56,8641541600,akshare,上证指数,sh000001
2013-07-03,1996.506,1996.537,1965.519,1994.268,9346647200,akshare,上证指数,sh000001
2013-07-04,1982.87,2022.136,1974.103,2006.098,10039418400,akshare,上证指数,sh000001
2013-07-05,2006.191,2021.541,2002.367,2007.199,9134522400,akshare,上证指数,sh000001
2013-07-08,1983.215,1983.215,1953.121,1958.273,8413648800,akshare,上证指数,sh000001
2013-07-09,1953.602,1969.149,1946.366,1965.454,6453873200,akshare,上证指数,sh000001
2013-07-10,1962.84,2009.36,1960.277,2008.126,8979798400,akshare,上证指数,sh000001
2013-07-11,2011.02,2092.868,2010.4,2072.991,15997076800,akshare,上证指数,sh000001
2013-07-12,2068.044,2074.857,2036.05,2039.486,12117417600,akshare,上证指数,sh000001
2013-07-15,2046.119,2076.665,2037.248,2059.39,10147036000,akshare,上证指数,sh000001
2013-07-16,2054.6,2066.363,2038.535,2065.72,9673740000,akshare,上证指数,sh000001
2013-07-17,2061.186,2075.813,2043.231,2044.922,10325132000,akshare,上证指数,sh000001
2013-07-18,2038.4,2043.372,2016.899,2023.396,9213204800,akshare,上证指数,sh000001
2013-07-19,2025.317,2035.22,1990.253,1992.648,10457756800,akshare,上证指数,sh000001
2013-07-22,1977.733,2005.474,1970.639,2004.762,8292219200,akshare,上证指数,sh000001
2013-07-23,2008.955,2051.526,2005.092,2043.876,10951736000,akshare,上证指数,sh000001
2013-07-24,2035.691,2042.773,2010.424,2033.329,10665577600,akshare,上证指数,sh000001
2013-07-25,2037.336,2045.365,2016.431,2021.174,9854536800,akshare,上证指数,sh000001
2013-07-26,2013.19,2021.574,2000.797,2010.85,7380043200,akshare,上证指数,sh000001
2013-07-29,1997.838,1997.838,1969.853,1976.306,7868327200,akshare,上证指数,sh000001
2013-07-30,1981.452,2006.232,1965.361,1990.064,7721978400,akshare,上证指数,sh000001
2013-07-31,2000.794,2015.472,1987.88,1993.799,7016060000,akshare,上证指数,sh000001
2013-08-01,2000.818,2029.928,1997.058,2029.067,9125668800,akshare,上证指数,sh000001
2013-08-02,2039.514,2047.084,2025.654,2029.418,9359276800,akshare,上证指数,sh000001
2013-08-05,2031.724,2050.911,2025.226,2050.481,8551796800,akshare,上证指数,sh000001
2013-08-06,2043.653,2066.74,2034.957,2060.5,10558097600,akshare,上证指数,sh000001
2013-08-07,2056.367,2069.561,2043.75,2046.778,10771259200,akshare,上证指数,sh000001
2013-08-08,2044.436,2058.561,2037.251,2044.895,8413328800,akshare,上证指数,sh000001
2013-08-09,2052.244,2061.708,2030.127,2052.235,9531642400,akshare,上证指数,sh000001
2013-08-12,2058.416,2102.347,2055.715,2101.283,13512897600,akshare,上证指数,sh000001
2013-08-13,2101.324,2106.397,2093.796,2106.156,11770887200,akshare,上证指数,sh000001
2013-08-14,2109.225,2122.965,2093.043,2100.137,11443780000,akshare,上证指数,sh000001
2013-08-15,2099.279,2108.405,2079.969,2081.88,9939665600,akshare,上证指数,sh000001
2013-08-16,2075.983,2198.848,2061.654,2068.452,15306332800,akshare,上证指数,sh000001
2013-08-19,2055.128,2091.132,2052.703,2085.602,9744678400,akshare,上证指数,sh000001
2013-08-20,2081.966,2098.98,2066.072,2072.595,10738177600,akshare,上证指数,sh000001
2013-08-21,2076.271,2076.317,2056.913,2072.961,8744599200,akshare,上证指数,sh000001
2013-08-22,2069.313,2083.333,2062.367,2067.124,9092830400,akshare,上证指数,sh000001
2013-08-23,2075.929,2079.846,2029.365,2057.458,11242635200,akshare,上证指数,sh000001
2013-08-26,2061.417,2097.344,2056.133,2096.474,11993265600,akshare,上证指数,sh000001
2013-08-27,2095.44,2105.376,2090.425,2103.567,12634196800,akshare,上证指数,sh000001
2013-08-28,2092.311,2113.817,2080.861,2101.301,16139203200,akshare,上证指数,sh000001
2013-08-29,2108.436,2110.894,2088.236,2097.227,13326821600,akshare,上证指数,sh000001
2013-08-30,2097.217,2114.393,2089.095,2098.382,17007564800,akshare,上证指数,sh000001
2013-09-02,2104.09,2108.683,2078.455,2098.448,14915852800,akshare,上证指数,sh000001
2013-09-03,2100.449,2123.847,2095.455,2123.112,13889316800,akshare,上证指数,sh000001
2013-09-04,2121.68,2132.996,2115.753,2127.618,14200038400,akshare,上证指数,sh000001
2013-09-05,2125.255,2127.855,2115.236,2122.43,12654410400,akshare,上证指数,sh000001
2013-09-06,2119.333,2143.244,2119.021,2139.993,14326065600,akshare,上证指数,sh000001
2013-09-09,2151.347,2218.529,2151.347,2212.516,21942708800,akshare,上证指数,sh000001
2013-09-10,2214.814,2238.551,2202.817,2237.984,23720665600,akshare,上证指数,sh000001
2013-09-11,2244.962,2258.075,2233.003,2241.268,24434945600,akshare,上证指数,sh000001
2013-09-12,2236.171,2270.268,2226.288,2255.605,20971510400,akshare,上证指数,sh000001
2013-09-13,2251.462,2259.424,2228.483,2236.217,17198422400,akshare,上证指数,sh000001
2013-09-16,2244.463,2248.471,2226.171,2231.401,15488401600,akshare,上证指数,sh000001
2013-09-17,2230.388,2230.929,2184.922,2185.56,15454256000,akshare,上证指数,sh000001
2013-09-18,2185.936,2195.904,2172.043,2191.851,11511188800,akshare,上证指数,sh000001
2013-09-23,2199.361,2223.068,2198.336,2221.044,13317485600,akshare,上证指数,sh000001
2013-09-24,2219.467,2219.543,2187.236,2207.531,16041505600,akshare,上证指数,sh000001
2013-09-25,2206.225,2217.974,2193.722,2198.515,16021276800,akshare,上证指数,sh000001
2013-09-26,2192.226,2192.226,2154.721,2155.809,14041534400,akshare,上证指数,sh000001
2013-09-27,2150.961,2165.777,2149.594,2160.027,10540179200,akshare,上证指数,sh000001
2013-09-30,2167.734,2176.303,2165.162,2174.665,9281008000,akshare,上证指数,sh000001
2013-10-08,2171.904,2200.018,2161.489,2198.199,12671020000,akshare,上证指数,sh000001
2013-10-09,2191.392,2212.347,2185.181,2211.769,13087173600,akshare,上证指数,sh000001
2013-10-10,2214.405,2214.592,2186.48,2190.929,14977590400,akshare,上证指数,sh000001
2013-10-11,2201.409,2228.871,2200.53,2228.146,15689217600,akshare,上证指数,sh000001
2013-10-14,2232.218,2242.984,2226.403,2237.773,16598339200,akshare,上证指数,sh000001
2013-10-15,2237.931,2240.25,2221.139,2233.412,15372283200,akshare,上证指数,sh000001
2013-10-16,2228.113,2228.113,2183.403,2193.074,15463864000,akshare,上证指数,sh000001
2013-10-17,2201.71,2211.03,2183.246,2188.542,12676794400,akshare,上证指数,sh000001
2013-10-18,2188.714,2203.291,2184.36,2193.78,10372463200,akshare,上证指数,sh000001
2013-10-21,2198.114,2230.285,2190.394,2229.237,13669440000,akshare,上证指数,sh000001
2013-10-22,2227.341,2227.341,2204.244,2210.652,14913283200,akshare,上证指数,sh000001
2013-10-23,2213.274,2226.847,2177.725,2183.107,14634708800,akshare,上证指数,sh000001
2013-10-24,2178.82,2183.412,2159.871,2164.322,10300895200,akshare,上证指数,sh000001
2013-10-25,2163.689,2170.612,2122.678,2132.955,11392452000,akshare,上证指数,sh000001
2013-10-28,2135.879,2140.957,2123.069,2133.869,8840132000,akshare,上证指数,sh000001
2013-10-29,2135.226,2163.657,2093.197,2128.864,14309281600,akshare,上证指数,sh000001
2013-10-30,2126.69,2161.935,2121.841,2160.463,11964336000,akshare,上证指数,sh000001
2013-10-31,2155.511,2155.511,2137.466,2141.614,10806302400,akshare,上证指数,sh000001
2013-11-01,2139.88,2157.313,2132.629,2149.562,8911848000,akshare,上证指数,sh000001
2013-11-04,2156.087,2160.578,2143.207,2149.634,7614794400,akshare,上证指数,sh000001
2013-11-05,2139.837,2158.148,2124.845,2157.24,9190003200,akshare,上证指数,sh000001
2013-11-06,2149.39,2166.171,2138.78,2139.607,10048734400,akshare,上证指数,sh000001
2013-11-07,2136.627,2141.6,2119.186,2129.4,8184260800,akshare,上证指数,sh000001
2013-11-08,2120.923,2128.581,2103.51,2106.127,8309685600,akshare,上证指数,sh000001
2013-11-11,2103.299,2117.28,2093.626,2109.471,6967829600,akshare,上证指数,sh000001
2013-11-12,2110.724,2127.938,2108.396,2126.772,7944672800,akshare,上证指数,sh000001
2013-11-13,2117.886,2117.912,2086.006,2087.941,8825709600,akshare,上证指数,sh000001
2013-11-14,2087.119,2102.38,2078.988,2100.506,8379937600,akshare,上证指数,sh000001
2013-11-15,2100.9,2153.213,2100.786,2135.827,12589452000,akshare,上证指数,sh000001
2013-11-18,2147.373,2198.316,2143.768,2197.219,15750272000,akshare,上证指数,sh000001
2013-11-19,2198.318,2203.297,2186.114,2193.125,12508230400,akshare,上证指数,sh000001
2013-11-20,2201.474,2207.105,2186.642,2206.613,11896186400,akshare,上证指数,sh000001
2013-11-21,2197.008,2206.531,2177.735,2205.766,13724552000,akshare,上证指数,sh000001
2013-11-22,2206.471,2211.066,2188.767,2196.378,11386645600,akshare,上证指数,sh000001
2013-11-25,2186.058,2209.148,2181.418,2186.115,10828265600,akshare,上证指数,sh000001
2013-11-26,2184.332,2192.579,2176.177,2183.073,10046083200,akshare,上证指数,sh000001
2013-11-27,2181.725,2207.617,2176.847,2201.07,11538440800,akshare,上证指数,sh000001
2013-11-28,2204.378,2234.387,2202.623,2219.372,13445678400,akshare,上证指数,sh000001
2013-11-29,2221.618,2224.944,2212.263,2220.504,10695905600,akshare,上证指数,sh000001
2013-12-02,2203.122,2231.921,2172.633,2207.371,17428198400,akshare,上证指数,sh000001
2013-12-03,2196.824,2227.925,2193.251,2222.67,11350640800,akshare,上证指数,sh000001
2013-12-04,2219.965,2260.871,2215.916,2251.762,15729294400,akshare,上证指数,sh000001
2013-12-05,2252.723,2255.261,2239.144,2247.063,12204841600,akshare,上证指数,sh000001
2013-12-06,2242.563,2248.147,2228.632,2237.108,10370092800,akshare,上证指数,sh000001
2013-12-09,2241.793,2249.169,2231.734,2238.2,9327364000,akshare,上证指数,sh000001
2013-12-10,2239.864,2250.504,2231.68,2237.492,10904313600,akshare,上证指数,sh000001
2013-12-11,2228.633,2228.633,2193.16,2204.166,10947315200,akshare,上证指数,sh000001
2013-12-12,2199.317,2214.548,2194.901,2202.796,8610867200,akshare,上证指数,sh000001
2013-12-13,2188.259,2204.637,2183.842,2196.075,8510100800,akshare,上证指数,sh000001
2013-12-16,2197.234,2201.696,2159.987,2160.861,10138759200,akshare,上证指数,sh000001
2013-12-17,2161.536,2165.543,2146.314,2151.079,7857893600,akshare,上证指数,sh000001
2013-12-18,2150.412,2156.593,2142.624,2148.285,6417358400,akshare,上证指数,sh000001
2013-12-19,2153.674,2159.142,2126.246,2127.792,7312348000,akshare,上证指数,sh000001
2013-12-20,2128.374,2131.737,2082.855,2084.794,8677521600,akshare,上证指数,sh000001
2013-12-23,2089.539,2099.522,2068.543,2089.707,6814664000,akshare,上证指数,sh000001
2013-12-24,2094.073,2111.805,2079.81,2092.905,7025146400,akshare,上证指数,sh000001
2013-12-25,2095.019,2107.232,2088.297,2106.354,6513909600,akshare,上证指数,sh000001
2013-12-26,2102.66,2102.66,2070.546,2073.099,7854140800,akshare,上证指数,sh000001
2013-12-27,2074.592,2110.357,2069.59,2101.251,7675682400,akshare,上证指数,sh000001
2013-12-30,2108.883,2112.009,2095.063,2097.529,7408505600,akshare,上证指数,sh000001
2013-12-31,2090.679,2120.274,2087.415,2115.978,8047437600,akshare,上证指数,sh000001
2014-01-02,2112.126,2113.11,2101.016,2109.387,6848548800,akshare,上证指数,sh000001
2014-01-03,2101.542,2102.167,2075.899,2083.136,8449724000,akshare,上证指数,sh000001
2014-01-06,2078.684,2078.684,2034.006,2045.709,8958760800,akshare,上证指数,sh000001
2014-01-07,2034.224,2052.279,2029.246,2047.317,6340293600,akshare,上证指数,sh000001
2014-01-08,2047.256,2062.952,2037.11,2044.34,7164736000,akshare,上证指数,sh000001
2014-01-09,2041.773,2057.196,2026.446,2027.622,7594188000,akshare,上证指数,sh000001
2014-01-10,2023.535,2029.297,2008.007,2013.298,7561612000,akshare,上证指数,sh000001
2014-01-13,2014.978,2027.181,2000.404,2009.564,6654477600,akshare,上证指数,sh000001
2014-01-14,2007.156,2027.428,2001.135,2026.842,7036661600,akshare,上证指数,sh000001
2014-01-15,2024.228,2027.409,2010.204,2023.348,6743622400,akshare,上证指数,sh000001
2014-01-16,2022.538,2034.707,2014.407,2023.701,7275572000,akshare,上证指数,sh000001
2014-01-17,2017.522,2017.868,2001.33,2004.949,6730572000,akshare,上证指数,sh000001
2014-01-20,2001.894,2005.938,1984.824,1991.253,5627124800,akshare,上证指数,sh000001
2014-01-21,1992.015,2014.152,1992.015,2008.313,5984491200,akshare,上证指数,sh000001
2014-01-22,2009.969,2052.339,2008.93,2051.749,9889285600,akshare,上证指数,sh000001
2014-01-23,2048.331,2052.528,2039.052,2042.18,8421058400,akshare,上证指数,sh000001
2014-01-24,2037.667,2060.986,2034.453,2054.392,9294792000,akshare,上证指数,sh000001
2014-01-27,2044.272,2044.846,2029.626,2033.3,8881542400,akshare,上证指数,sh000001
2014-01-28,2036.402,2047.129,2026.987,2038.513,7252904000,akshare,上证指数,sh000001
2014-01-29,2042.176,2051.583,2039.771,2049.914,7386546400,akshare,上证指数,sh000001
2014-01-30,2045.931,2045.931,2031.466,2033.083,6261518400,akshare,上证指数,sh000001
2014-02-07,2022.323,2044.73,2014.698,2044.497,7359875200,akshare,上证指数,sh000001
2014-02-10,2049.984,2087.975,2049.984,2086.067,12433183200,akshare,上证指数,sh000001
2014-02-11,2086.177,2111.061,2082.522,2103.671,14221132800,akshare,上证指数,sh000001
2014-02-12,2103.828,2110.904,2096.509,2109.955,12633318400,akshare,上证指数,sh000001
2014-02-13,2106.934,2122.826,2096.966,2098.401,14653264000,akshare,上证指数,sh000001
2014-02-14,2097.32,2116.186,2095.09,2115.848,11151795200,akshare,上证指数,sh000001
2014-02-17,2124.88,2136.447,2117.689,2135.415,14024444800,akshare,上证指数,sh000001
2014-02-18,2134.143,2134.143,2113.128,2119.066,14286931200,akshare,上证指数,sh000001
2014-02-19,2116.919,2152.961,2111.168,2142.554,15126124800,akshare,上证指数,sh000001
2014-02-20,2152.891,2177.978,2136.481,2138.782,15705227200,akshare,上证指数,sh000001
2014-02-21,2131.592,2132.703,2098.328,2113.693,11766264800,akshare,上证指数,sh000001
2014-02-24,2099.717,2099.717,2058.791,2076.686,12355531200,akshare,上证指数,sh000001
2014-02-25,2077.285,2087.616,2026.543,2034.219,14013297600,akshare,上证指数,sh000001
2014-02-26,2026.61,2041.627,2014.381,2041.254,11011268800,akshare,上证指数,sh000001
2014-02-27,2045.096,2068.314,2036.391,2047.354,13216385600,akshare,上证指数,sh000001
2014-02-28,2040.624,2058.489,2020.935,2056.302,11163790400,akshare,上证指数,sh000001
2014-03-03,2052.075,2078.333,2047.067,2075.235,12746088800,akshare,上证指数,sh000001
2014-03-04,2068.107,2074.025,2050.125,2071.473,11592579200,akshare,上证指数,sh000001
2014-03-05,2073.295,2074.815,2050.175,2053.084,10773308000,akshare,上证指数,sh000001
2014-03-06,2050.032,2065.79,2030.946,2059.578,10929013600,akshare,上证指数,sh000001
2014-03-07,2058.375,2079.49,2050.47,2057.908,10370953600,akshare,上证指数,sh000001
2014-03-10,2042.352,2042.634,1995.549,1999.065,11569666400,akshare,上证指数,sh000001
2014-03-11,1994.415,2008.071,1985.599,2001.157,9270526400,akshare,上证指数,sh000001
2014-03-12,1996.239,2011.06,1974.382,1997.692,10136172000,akshare,上证指数,sh000001
2014-03-13,2000.695,2029.12,1996.529,2019.111,10097811200,akshare,上证指数,sh000001
2014-03-14,2008.825,2017.913,1990.98,2004.339,8777511200,akshare,上证指数,sh000001
2014-03-17,2009.882,2024.372,1999.249,2023.673,8625037600,akshare,上证指数,sh000001
2014-03-18,2026.224,2034.917,2020.41,2025.196,9677719200,akshare,上证指数,sh000001
2014-03-19,2019.98,2022.181,2002.441,2021.734,9518080000,akshare,上证指数,sh000001
2014-03-20,2017.22,2030.847,1993.002,1993.479,11033304800,akshare,上证指数,sh000001
2014-03-21,1987.679,2052.472,1986.071,2047.619,14447766400,akshare,上证指数,sh000001
2014-03-24,2050.827,2074.056,2043.33,2066.279,14770008000,akshare,上证指数,sh000001
2014-03-25,2063.323,2079.551,2057.491,2067.311,13182223200,akshare,上证指数,sh000001
2014-03-26,2070.574,2074.572,2057.648,2063.67,10261112000,akshare,上证指数,sh000001
2014-03-27,2060.812,2073.982,2042.713,2046.588,11914937600,akshare,上证指数,sh000001
2014-03-28,2046.851,2060.134,2035.243,2041.712,12168196800,akshare,上证指数,sh000001
2014-03-31,2043.045,2048.134,2024.185,2033.306,9435653600,akshare,上证指数,sh000001
2014-04-01,2031.005,2050.681,2028.096,2047.46,8328657600,akshare,上证指数,sh000001
2014-04-02,2049.423,2060.778,2046.742,2058.988,10265852800,akshare,上证指数,sh000001
2014-04-03,2063.497,2066.007,2037.447,2043.702,10861842400,akshare,上证指数,sh000001
2014-04-04,2037.552,2060.104,2035.221,2058.831,8318905600,akshare,上证指数,sh000001
2014-04-08,2054.53,2102.452,2052.9,2098.284,13337098400,akshare,上证指数,sh000001
2014-04-09,2100.651,2108.75,2095.64,2105.237,10534047200,akshare,上证指数,sh000001
2014-04-10,2105.876,2146.67,2098.079,2134.3,15678961600,akshare,上证指数,sh000001
2014-04-11,2130.368,2138.651,2120.179,2130.542,13176836000,akshare,上证指数,sh000001
2014-04-14,2127.409,2134.434,2116.61,2131.539,10207785600,akshare,上证指数,sh000001
2014-04-15,2125.902,2125.902,2098.15,2101.601,10753115200,akshare,上证指数,sh000001
2014-04-16,2097.213,2112.05,2092.157,2105.122,8936165600,akshare,上证指数,sh000001
2014-04-17,2108.947,2110.716,2095.714,2098.885,8989632800,akshare,上证指数,sh000001
2014-04-18,2091.48,2099.637,2081.185,2097.748,8815569600,akshare,上证指数,sh000001
2014-04-21,2085.98,2103.078,2065.234,2065.826,9637836800,akshare,上证指数,sh000001
2014-04-22,2062.787,2073.663,2047.332,2072.831,9871988000,akshare,上证指数,sh000001
2014-04-23,2068.084,2076.349,2059.109,2067.382,7853152000,akshare,上证指数,sh000001
2014-04-24,2064.156,2075.757,2056.193,2057.033,7818595200,akshare,上证指数,sh000001
2014-04-25,2060.538,2065.643,2035.566,2036.519,9304233600,akshare,上证指数,sh000001
2014-04-28,2033.337,2035.99,2000.137,2003.487,8979526400,akshare,上证指数,sh000001
2014-04-29,2001.896,2021.68,1997.64,2020.341,7622127200,akshare,上证指数,sh000001
2014-04-30,2020.438,2029.538,2016.577,2026.358,7452857600,akshare,上证指数,sh000001
2014-05-05,2022.178,2028.957,2007.351,2027.353,7993339200,akshare,上证指数,sh000001
2014-05-06,2024.256,2038.705,2021.485,2028.038,7460940800,akshare,上证指数,sh000001
2014-05-07,2023.152,2024.631,2008.451,2010.083,7436019200,akshare,上证指数,sh000001
2014-05-08,2006.853,2036.941,2005.685,2015.274,7786539200,akshare,上证指数,sh000001
2014-05-09,2016.501,2020.454,2001.3,2011.135,7622424000,akshare,上证指数,sh000001
2014-05-12,2022.932,2055.506,2016.638,2052.871,11574208000,akshare,上证指数,sh000001
2014-05-13,2055.079,2061.06,2043.547,2050.728,9722339200,akshare,上证指数,sh000001
2014-05-14,2049.27,2056.574,2042.744,2047.91,7201112800,akshare,上证指数,sh000001
2014-05-15,2044.377,2047.316,2022.861,2024.974,7584515200,akshare,上证指数,sh000001
2014-05-16,2023.596,2027.756,2012.694,2026.504,6635366000,akshare,上证指数,sh000001
2014-05-19,2023.014,2023.267,1996.015,2005.183,6532944000,akshare,上证指数,sh000001
2014-05-20,2011.846,2018.156,2002.759,2008.119,6134538400,akshare,上证指数,sh000001
2014-05-21,2001.306,2025.194,1991.055,2024.951,6181154800,akshare,上证指数,sh000001
2014-05-22,2023.148,2041.96,2018.877,2021.285,7472847200,akshare,上证指数,sh000001
2014-05-23,2020.115,2034.569,2017.739,2034.569,6348806400,akshare,上证指数,sh000001
2014-05-26,2042.028,2045.381,2035.094,2041.476,7028121600,akshare,上证指数,sh000001
2014-05-27,2039.791,2044.148,2032.839,2034.565,6757788800,akshare,上证指数,sh000001
2014-05-28,2034.561,2052.656,2029.336,2050.228,8133864000,akshare,上证指数,sh000001
2014-05-29,2051.84,2057.077,2039.238,2040.595,8124292000,akshare,上证指数,sh000001
2014-05-30,2040.394,2046.96,2031.373,2039.212,7514889600,akshare,上证指数,sh000001
2014-06-03,2039.196,2049.576,2037.3,2038.305,7158412800,akshare,上证指数,sh000001
2014-06-04,2037.989,2038.481,2012.913,2024.834,7241276800,akshare,上证指数,sh000001
2014-06-05,2019.442,2041.701,2016.175,2040.878,6794953600,akshare,上证指数,sh000001
2014-06-06,2040.864,2041.573,2022.158,2029.956,6602174400,akshare,上证指数,sh000001
2014-06-09,2024.942,2045.255,2023.198,2030.502,6478831600,akshare,上证指数,sh000001
2014-06-10,2033.207,2052.765,2026.389,2052.532,7962372000,akshare,上证指数,sh000001
2014-06-11,2049.128,2056.631,2045.407,2054.948,7444435200,akshare,上证指数,sh000001
2014-06-12,2051.582,2057.105,2045.962,2051.713,8171118400,akshare,上证指数,sh000001
2014-06-13,2049.206,2073.596,2048.618,2070.715,9717480800,akshare,上证指数,sh000001
2014-06-16,2070.699,2087.322,2069.441,2085.983,9593976800,akshare,上证指数,sh000001
2014-06-17,2080.482,2080.482,2064.666,2066.698,8780048000,akshare,上证指数,sh000001
2014-06-18,2064.383,2066.913,2051.746,2055.519,8724535200,akshare,上证指数,sh000001
2014-06-19,2054.62,2059.255,2017.653,2023.735,9291427200,akshare,上证指数,sh000001
2014-06-20,2013.414,2027.148,2010.53,2026.674,6716724800,akshare,上证指数,sh000001
2014-06-23,2026.226,2033.32,2022.917,2024.365,7048516000,akshare,上证指数,sh000001
2014-06-24,2023.699,2034.707,2021.75,2033.931,7121463200,akshare,上证指数,sh000001
2014-06-25,2030.433,2030.616,2018.36,2025.502,6753960800,akshare,上证指数,sh000001
2014-06-26,2025.662,2040.754,2025.314,2038.677,8095577600,akshare,上证指数,sh000001
2014-06-27,2031.907,2043.982,2025.073,2036.51,9759201600,akshare,上证指数,sh000001
2014-06-30,2038.613,2052.342,2038.527,2048.327,9666660000,akshare,上证指数,sh000001
2014-07-01,2051.225,2052.635,2041.937,2050.381,9845740800,akshare,上证指数,sh000001
2014-07-02,2049.485,2060.595,2044.035,2059.418,10955391200,akshare,上证指数,sh000001
2014-07-03,2051.632,2066.641,2048.081,2063.229,12292658400,akshare,上证指数,sh000001
2014-07-04,2062.358,2065.078,2054.217,2059.375,10500879200,akshare,上证指数,sh000001
2014-07-07,2058.128,2064.043,2050.887,2059.927,9716875200,akshare,上证指数,sh000001
2014-07-08,2058.134,2064.433,2047.204,2064.021,9505339200,akshare,上证指数,sh000001
2014-07-09,2061.635,2062.474,2037.601,2038.612,11330584000,akshare,上证指数,sh000001
2014-07-10,2036.54,2045.527,2034.956,2038.342,9794381600,akshare,上证指数,sh000001
2014-07-11,2033.869,2051.737,2033.004,2046.961,10508808000,akshare,上证指数,sh000001
2014-07-14,2047.744,2067.342,2044.901,2066.646,11511974400,akshare,上证指数,sh000001
2014-07-15,2065.9,2070.358,2059.679,2070.357,12448876800,akshare,上证指数,sh000001
2014-07-16,2068.343,2075.493,2061.572,2067.276,13712801600,akshare,上证指数,sh000001
2014-07-17,2062.888,2062.888,2046.189,2055.591,10449180800,akshare,上证指数,sh000001
2014-07-18,2047.498,2067.233,2045.996,2059.067,10664109600,akshare,上证指数,sh000001
2014-07-21,2057.767,2061.823,2049.175,2054.479,9385787200,akshare,上证指数,sh000001
2014-07-22,2050.5,2078.085,2049.815,2075.481,12319187200,akshare,上证指数,sh000001
2014-07-23,2074.195,2088.192,2072.229,2078.489,13729220800,akshare,上证指数,sh000001
2014-07-24,2079.632,2107.946,2079.632,2105.062,16567699200,akshare,上证指数,sh000001
2014-07-25,2108.714,2127.217,2106.714,2126.614,14249582400,akshare,上证指数,sh000001
2014-07-28,2135.249,2181.496,2135.249,2177.948,23618576000,akshare,上证指数,sh000001
2014-07-29,2179.826,2193.523,2172.102,2183.192,20026425600,akshare,上证指数,sh000001
2014-07-30,2178.179,2194.572,2177.244,2181.243,18492219200,akshare,上证指数,sh000001
2014-07-31,2179.543,2202.126,2173.9,2201.562,16469164800,akshare,上证指数,sh000001
2014-08-01,2194.17,2218.789,2184.641,2185.303,19147504000,akshare,上证指数,sh000001
2014-08-04,2190.036,2224.068,2186.917,2223.331,17409740800,akshare,上证指数,sh000001
2014-08-05,2224.632,2226.838,2206.85,2219.945,17538699200,akshare,上证指数,sh000001
2014-08-06,2212.003,2223.893,2192.993,2217.465,17771171200,akshare,上证指数,sh000001
2014-08-07,2216.659,2220.568,2185.763,2187.669,17523328000,akshare,上证指数,sh000001
2014-08-08,2188.709,2199.578,2180.597,2194.425,13518144000,akshare,上证指数,sh000001
2014-08-11,2199.433,2225.961,2198.314,2224.654,15058342400,akshare,上证指数,sh000001
2014-08-12,2222.696,2222.979,2210.0,2221.595,15479904000,akshare,上证指数,sh000001
2014-08-13,2223.051,2230.991,2202.443,2222.877,17806280000,akshare,上证指数,sh000001
2014-08-14,2221.541,2230.894,2204.384,2206.466,17014912000,akshare,上证指数,sh000001
2014-08-15,2207.226,2230.872,2203.242,2226.734,14997868800,akshare,上证指数,sh000001
2014-08-18,2229.804,2242.035,2228.134,2239.466,16392862400,akshare,上证指数,sh000001
2014-08-19,2242.34,2246.016,2227.925,2245.33,17774459200,akshare,上证指数,sh000001
2014-08-20,2241.664,2248.939,2233.892,2240.211,16765838400,akshare,上证指数,sh000001
2014-08-21,2239.568,2240.077,2211.63,2230.458,16573350400,akshare,上证指数,sh000001
2014-08-22,2228.974,2243.303,2225.267,2240.812,16011168000,akshare,上证指数,sh000001
2014-08-25,2241.1,2241.553,2222.009,2229.274,16211958400,akshare,上证指数,sh000001
2014-08-26,2225.291,2232.785,2200.618,2207.106,16350742400,akshare,上证指数,sh000001
2014-08-27,2207.03,2216.67,2204.048,2209.465,12088588800,akshare,上证指数,sh000001
2014-08-28,2210.484,2219.473,2194.861,2195.818,12422901600,akshare,上证指数,sh000001
2014-08-29,2198.946,2218.696,2193.263,2217.2,10520249600,akshare,上证指数,sh000001
2014-09-01,2220.129,2236.286,2217.685,2235.511,12916658400,akshare,上证指数,sh000001
2014-09-02,2239.684,2267.509,2234.378,2266.046,19212486400,akshare,上证指数,sh000001
2014-09-03,2268.395,2290.547,2268.1,2288.627,21247899200,akshare,上证指数,sh000001
2014-09-04,2290.029,2307.701,2283.277,2306.862,19948998400,akshare,上证指数,sh000001
2014-09-05,2311.305,2327.557,2307.447,2326.432,21318192000,akshare,上证指数,sh000001
2014-09-09,2328.426,2331.917,2315.894,2326.527,19699032000,akshare,上证指数,sh000001
2014-09-10,2318.496,2321.908,2306.421,2318.305,18982899200,akshare,上证指数,sh000001
2014-09-11,2315.732,2343.595,2304.602,2311.679,22222179200,akshare,上证指数,sh000001
2014-09-12,2308.346,2331.95,2302.775,2331.95,19347153600,akshare,上证指数,sh000001
2014-09-15,2330.187,2340.449,2321.593,2339.14,21511241600,akshare,上证指数,sh000001
2014-09-16,2341.027,2347.935,2293.869,2296.555,30269411200,akshare,上证指数,sh000001
2014-09-17,2298.982,2309.048,2282.795,2307.893,21084244800,akshare,上证指数,sh000001
2014-09-18,2303.85,2319.875,2297.931,2315.928,18908904000,akshare,上证指数,sh000001
2014-09-19,2312.984,2331.561,2305.517,2329.451,17464848000,akshare,上证指数,sh000001
2014-09-22,2323.554,2323.554,2284.378,2289.866,17584235200,akshare,上证指数,sh000001
2014-09-23,2289.091,2311.525,2289.024,2309.718,15685516800,akshare,上证指数,sh000001
2014-09-24,2302.231,2345.747,2297.876,2343.575,22252572800,akshare,上证指数,sh000001
2014-09-25,2352.865,2365.154,2336.805,2345.103,22568832000,akshare,上证指数,sh000001
2014-09-26,2339.288,2350.109,2329.955,2347.718,17474828800,akshare,上证指数,sh000001
2014-09-29,2353.708,2363.059,2346.579,2357.711,20011102400,akshare,上证指数,sh000001
2014-09-30,2361.318,2365.491,2354.268,2363.87,19391868800,akshare,上证指数,sh000001
2014-10-08,2368.576,2382.794,2354.29,2382.794,20439732800,akshare,上证指数,sh000001
2014-10-09,2383.859,2391.348,2367.111,2389.371,23592001600,akshare,上证指数,sh000001
2014-10-10,2380.755,2386.277,2365.075,2374.54,22467112000,akshare,上证指数,sh000001
2014-10-13,2366.426,2366.862,2341.124,2366.009,20089931200,akshare,上证指数,sh000001
2014-10-14,2362.802,2380.515,2349.194,2359.475,19683142400,akshare,上证指数,sh000001
2014-10-15,2358.233,2374.808,2344.373,2373.67,20280491200,akshare,上证指数,sh000001
2014-10-16,2361.13,2389.675,2353.406,2356.499,24820116800,akshare,上证指数,sh000001
2014-10-17,2352.784,2360.597,2312.826,2341.184,21230096000,akshare,上证指数,sh000001
2014-10-20,2346.052,2357.509,2340.459,2356.728,16002230400,akshare,上证指数,sh000001
2014-10-21,2355.033,2361.653,2337.551,2339.657,16882828800,akshare,上证指数,sh000001
2014-10-22,2339.223,2352.124,2324.59,2326.553,15269843200,akshare,上证指数,sh000001
2014-10-23,2322.316,2329.927,2297.33,2302.418,16263630400,akshare,上证指数,sh000001
2014-10-24,2303.08,2314.875,2296.657,2302.28,13222528000,akshare,上证指数,sh000001
2014-10-27,2293.573,2293.644,2279.836,2290.437,13026156800,akshare,上证指数,sh000001
2014-10-28,2294.012,2338.278,2294.012,2337.871,17859035200,akshare,上证指数,sh000001
2014-10-29,2343.72,2381.643,2339.712,2373.03,26558868800,akshare,上证指数,sh000001
2014-10-30,2371.891,2397.256,2365.919,2391.076,29464595200,akshare,上证指数,sh000001
2014-10-31,2393.178,2423.596,2384.483,2420.178,32576352000,akshare,上证指数,sh000001
2014-11-03,2425.225,2436.785,2418.167,2430.032,29882124800,akshare,上证指数,sh000001
2014-11-04,2428.271,2435.223,2417.221,2430.677,30901302400,akshare,上证指数,sh000001
2014-11-05,2432.169,2434.363,2415.502,2419.254,26360665600,akshare,上证指数,sh000001
2014-11-06,2419.617,2426.89,2401.75,2425.864,22200508800,akshare,上证指数,sh000001
2014-11-07,2427.898,2454.423,2407.442,2418.171,29117225600,akshare,上证指数,sh000001
2014-11-10,2436.628,2474.156,2428.185,2473.673,30062819200,akshare,上证指数,sh000001
2014-11-11,2483.648,2508.623,2445.96,2469.673,41190406400,akshare,上证指数,sh000001
2014-11-12,2454.602,2494.917,2444.814,2494.476,25293385600,akshare,上证指数,sh000001
2014-11-13,2494.998,2507.743,2471.407,2485.606,29503705600,akshare,上证指数,sh000001
2014-11-14,2477.966,2481.025,2457.045,2478.824,22060761600,akshare,上证指数,sh000001
2014-11-17,2506.864,2508.767,2472.446,2474.009,21568780800,akshare,上证指数,sh000001
2014-11-18,2474.182,2477.052,2449.813,2456.366,20106257600,akshare,上证指数,sh000001
2014-11-19,2452.15,2461.491,2442.71,2450.986,18623577600,akshare,上证指数,sh000001
2014-11-20,2443.276,2458.319,2437.476,2452.66,16549521600,akshare,上证指数,sh000001
2014-11-21,2452.635,2488.201,2446.646,2486.791,21223977600,akshare,上证指数,sh000001
2014-11-24,2505.532,2546.746,2495.521,2532.879,36348582400,akshare,上证指数,sh000001
2014-11-25,2531.998,2568.381,2527.077,2567.597,31431558400,akshare,上证指数,sh000001
2014-11-26,2572.649,2605.07,2570.404,2604.345,33712726400,akshare,上证指数,sh000001
2014-11-27,2615.367,2631.399,2599.108,2630.486,36407571200,akshare,上证指数,sh000001
2014-11-28,2629.626,2683.18,2622.061,2682.835,46588003200,akshare,上证指数,sh000001
2014-12-01,2691.725,2720.743,2668.841,2680.155,44679174400,akshare,上证指数,sh000001
2014-12-02,2667.82,2777.372,2665.686,2763.545,43773337600,akshare,上证指数,sh000001
2014-12-03,2768.678,2824.179,2733.868,2779.525,56212025600,akshare,上证指数,sh000001
2014-12-04,2783.469,2900.508,2772.432,2899.456,53268771200,akshare,上证指数,sh000001
2014-12-05,2926.573,2978.029,2813.052,2937.647,64050028800,akshare,上证指数,sh000001
2014-12-08,2907.815,3041.657,2879.847,3020.258,58757088000,akshare,上证指数,sh000001
2014-12-09,2992.49,3091.324,2834.592,2856.269,77199840000,akshare,上证指数,sh000001
2014-12-10,2855.94,2946.707,2807.678,2940.006,51288691200,akshare,上证指数,sh000001
2014-12-11,2912.346,2965.675,2892.611,2925.743,48263273600,akshare,上证指数,sh000001
2014-12-12,2929.36,2962.51,2914.956,2938.173,40948080000,akshare,上证指数,sh000001
2014-12-15,2921.446,2960.227,2890.904,2953.421,40037168000,akshare,上证指数,sh000001
2014-12-16,2953.811,3021.897,2943.912,3021.518,45384272000,akshare,上证指数,sh000001
2014-12-17,3031.952,3076.599,2993.333,3061.02,54250316800,akshare,上证指数,sh000001
2014-12-18,3062.801,3089.791,3030.319,3057.521,43590496000,akshare,上证指数,sh000001
2014-12-19,3053.075,3117.527,3018.421,3108.596,52107350400,akshare,上证指数,sh000001
2014-12-22,3129.267,3189.867,3090.509,3127.445,67937190400,akshare,上证指数,sh000001
2014-12-23,3085.08,3136.838,3025.667,3032.612,43776240000,akshare,上证指数,sh000001
2014-12-24,3039.206,3050.507,2934.911,2972.532,37680524800,akshare,上证指数,sh000001
2014-12-25,2992.462,3073.345,2969.874,3072.536,37694777600,akshare,上证指数,sh000001
2014-12-26,3078.005,3164.155,3064.176,3157.603,46070092800,akshare,上证指数,sh000001
2014-12-29,3212.559,3223.86,3126.944,3168.016,51011142400,akshare,上证指数,sh000001
2014-12-30,3160.801,3190.299,3130.353,3165.815,39772531200,akshare,上证指数,sh000001
2014-12-31,3172.597,3239.357,3157.259,3234.677,40599852800,akshare,上证指数,sh000001
2015-01-05,3258.627,3369.281,3253.883,3350.519,53135238400,akshare,上证指数,sh000001
2015-01-06,3330.799,3394.224,3303.184,3351.446,50166169600,akshare,上证指数,sh000001
2015-01-07,3326.649,3374.896,3312.211,3373.954,39191888000,akshare,上证指数,sh000001
2015-01-08,3371.957,3381.566,3285.095,3293.456,37113116800,akshare,上证指数,sh000001
2015-01-09,3276.965,3404.834,3267.509,3285.412,41024086400,akshare,上证指数,sh000001
2015-01-12,3258.213,3275.185,3191.582,3229.316,32206467200,akshare,上证指数,sh000001
2015-01-13,3223.542,3259.386,3214.412,3235.301,23072576000,akshare,上证指数,sh000001
2015-01-14,3242.337,3268.483,3193.978,3222.437,24019075200,akshare,上证指数,sh000001
2015-01-15,3224.07,3337.084,3207.545,3336.455,28254624000,akshare,上证指数,sh000001
2015-01-16,3343.603,3400.318,3340.49,3376.495,33987676800,akshare,上证指数,sh000001
2015-01-19,3189.727,3262.207,3095.066,3116.351,40109878400,akshare,上证指数,sh000001
2015-01-20,3114.56,3190.245,3100.477,3173.052,35708080000,akshare,上证指数,sh000001
2015-01-21,3189.085,3337.004,3178.343,3323.611,41095603200,akshare,上证指数,sh000001
2015-01-22,3327.319,3352.384,3293.978,3343.344,35338297600,akshare,上证指数,sh000001
2015-01-23,3357.096,3406.786,3328.293,3351.764,36624924800,akshare,上证指数,sh000001
2015-01-26,3347.257,3384.798,3321.315,3383.182,31754099200,akshare,上证指数,sh000001
2015-01-27,3389.853,3390.216,3290.219,3352.96,37451753600,akshare,上证指数,sh000001
2015-01-28,3325.722,3354.802,3294.655,3305.738,30192710400,akshare,上证指数,sh000001
2015-01-29,3258.997,3286.786,3234.241,3262.305,27465862400,akshare,上证指数,sh000001
2015-01-30,3273.747,3288.503,3210.308,3210.363,25831254400,akshare,上证指数,sh000001
2015-02-02,3148.136,3175.134,3122.572,3128.3,25086163200,akshare,上证指数,sh000001
2015-02-03,3156.086,3207.935,3129.732,3204.907,24819216000,akshare,上证指数,sh000001
2015-02-04,3212.822,3238.982,3171.144,3174.126,24909808000,akshare,上证指数,sh000001
2015-02-05,3251.212,3251.212,3135.819,3136.531,30613929600,akshare,上证指数,sh000001
2015-02-06,3120.09,3129.539,3052.939,3075.907,24674966400,akshare,上证指数,sh000001
2015-02-09,3063.51,3119.034,3049.111,3095.124,20610838400,akshare,上证指数,sh000001
2015-02-10,3090.49,3142.099,3084.253,3141.593,19381713600,akshare,上证指数,sh000001
2015-02-11,3145.765,3166.421,3139.052,3157.704,17284009600,akshare,上证指数,sh000001
2015-02-12,3157.959,3181.766,3134.244,3173.416,19459230400,akshare,上证指数,sh000001
2015-02-13,3186.808,3237.159,3182.794,3203.827,26129043200,akshare,上证指数,sh000001
2015-02-16,3206.137,3228.846,3195.884,3222.363,22379742400,akshare,上证指数,sh000001
2015-02-17,3230.884,3255.725,3230.772,3246.906,22833262400,akshare,上证指数,sh000001
2015-02-25,3256.479,3257.223,3215.552,3228.843,23334809600,akshare,上证指数,sh000001
2015-02-26,3222.151,3300.616,3202.188,3298.359,30126387200,akshare,上证指数,sh000001
2015-02-27,3296.831,3324.546,3291.007,3310.303,29916371200,akshare,上证指数,sh000001
2015-03-02,3332.721,3336.76,3298.669,3336.285,34644566400,akshare,上证指数,sh000001
2015-03-03,3317.695,3317.695,3260.429,3263.052,38204460800,akshare,上证指数,sh000001
2015-03-04,3264.182,3286.588,3250.484,3279.533,29363952000,akshare,上证指数,sh000001
2015-03-05,3264.085,3266.638,3221.666,3248.476,32066358400,akshare,上证指数,sh000001
2015-03-06,3248.036,3266.933,3234.533,3241.187,28291577600,akshare,上证指数,sh000001
2015-03-09,3224.314,3307.702,3198.37,3302.408,32149542400,akshare,上证指数,sh000001
2015-03-10,3289.085,3309.915,3277.095,3286.068,28581756800,akshare,上证指数,sh000001
2015-03-11,3289.594,3325.054,3278.471,3290.9,28298553600,akshare,上证指数,sh000001
2015-03-12,3314.813,3360.054,3300.488,3349.323,35729510400,akshare,上证指数,sh000001
2015-03-13,3359.488,3391.255,3352.15,3372.911,32841014400,akshare,上证指数,sh000001
2015-03-16,3391.158,3449.305,3377.087,3449.305,39913241600,akshare,上证指数,sh000001
2015-03-17,3469.603,3504.123,3459.694,3502.847,52093952000,akshare,上证指数,sh000001
2015-03-18,3510.501,3577.662,3503.853,3577.301,54521715200,akshare,上证指数,sh000001
2015-03-19,3576.019,3600.684,3546.844,3582.271,53734662400,akshare,上证指数,sh000001
2015-03-20,3587.084,3632.338,3569.38,3617.318,51666166400,akshare,上证指数,sh000001
2015-03-23,3640.104,3688.249,3635.485,3687.728,53606284800,akshare,上证指数,sh000001
2015-03-24,3692.569,3715.873,3600.698,3691.41,63955468800,akshare,上证指数,sh000001
2015-03-25,3680.953,3693.151,3634.559,3660.727,52188633600,akshare,上证指数,sh000001
2015-03-26,3641.942,3707.318,3615.011,3682.095,48864720000,akshare,上证指数,sh000001
2015-03-27,3686.134,3710.477,3656.831,3691.096,40894515200,akshare,上证指数,sh000001
2015-03-30,3710.612,3795.935,3710.612,3786.568,56470233600,akshare,上证指数,sh000001
2015-03-31,3822.987,3835.567,3737.043,3747.899,56167603200,akshare,上证指数,sh000001
2015-04-01,3748.34,3817.082,3742.213,3810.294,44745830400,akshare,上证指数,sh000001
2015-04-02,3827.689,3835.451,3775.894,3825.784,47929968000,akshare,上证指数,sh000001
2015-04-03,3803.383,3864.405,3792.211,3863.929,47303331200,akshare,上证指数,sh000001
2015-04-07,3899.42,3961.666,3891.728,3961.378,57044755200,akshare,上证指数,sh000001
2015-04-08,3976.532,4000.22,3903.648,3994.811,61808544000,akshare,上证指数,sh000001
2015-04-09,4006.13,4016.396,3900.027,3957.534,58517683200,akshare,上证指数,sh000001
2015-04-10,3947.492,4040.348,3929.319,4034.31,48428361600,akshare,上证指数,sh000001
2015-04-13,4072.723,4128.072,4057.293,4121.715,58981420800,akshare,上证指数,sh000001
2015-04-14,4125.782,4168.346,4091.257,4135.565,61068352000,akshare,上证指数,sh000001
2015-04-15,4135.648,4175.494,4069.007,4084.163,61300582400,akshare,上证指数,sh000001
2015-04-16,4055.916,4195.305,4031.244,4194.823,55124294400,akshare,上证指数,sh000001
2015-04-17,4254.723,4317.223,4238.91,4287.296,70170617600,akshare,上证指数,sh000001
2015-04-20,4301.352,4356.001,4190.681,4217.077,85713280000,akshare,上证指数,sh000001
2015-04-21,4212.185,4294.375,4188.569,4293.623,63447065600,akshare,上证指数,sh000001
2015-04-22,4304.597,4400.193,4297.951,4398.494,68030508800,akshare,上证指数,sh000001
2015-04-23,4414.485,4444.41,4358.844,4414.508,66734464000,akshare,上证指数,sh000001
2015-04-24,4355.951,4416.376,4318.119,4393.686,62855500800,akshare,上证指数,sh000001
2015-04-27,4441.929,4529.735,4441.929,4527.396,67108851200,akshare,上证指数,sh000001
2015-04-28,4527.635,4572.391,4432.904,4476.215,76767641600,akshare,上证指数,sh000001
2015-04-29,4446.119,4499.945,4398.639,4476.62,51983420800,akshare,上证指数,sh000001
2015-04-30,4483.013,4507.344,4441.054,4441.655,52672796800,akshare,上证指数,sh000001
2015-05-04,4441.343,4487.57,4387.426,4480.464,49417340800,akshare,上证指数,sh000001
2015-05-05,4479.848,4488.865,4282.237,4298.706,57285862400,akshare,上证指数,sh000001
2015-05-06,4311.641,4376.353,4187.368,4229.266,48173299200,akshare,上证指数,sh000001
2015-05-07,4197.896,4213.764,4108.009,4112.214,39456665600,akshare,上证指数,sh000001
2015-05-08,4152.984,4206.86,4099.042,4205.917,39742809600,akshare,上证指数,sh000001
2015-05-11,4231.271,4334.877,4187.82,4333.584,48875052800,akshare,上证指数,sh000001
2015-05-12,4342.37,4402.309,4317.975,4401.219,52186640000,akshare,上证指数,sh000001
2015-05-13,4402.378,4415.629,4342.481,4375.76,51049046400,akshare,上证指数,sh000001
2015-05-14,4372.816,4397.745,4329.042,4378.311,44907792000,akshare,上证指数,sh000001
2015-05-15,4366.822,4366.822,4278.553,4308.691,43970620800,akshare,上证指数,sh000001
2015-05-18,4277.895,4324.826,4260.509,4283.491,38005744000,akshare,上证指数,sh000001
2015-05-19,4285.777,4418.403,4285.777,4417.552,43673523200,akshare,上证指数,sh000001
2015-05-20,4434.979,4520.538,4432.279,4446.288,51410620800,akshare,上证指数,sh000001
2015-05-21,4456.435,4530.478,4438.258,4529.422,46499651200,akshare,上证指数,sh000001
2015-05-22,4584.984,4658.273,4562.989,4657.596,65559129600,akshare,上证指数,sh000001
2015-05-25,4660.075,4814.672,4656.825,4813.798,68246137600,akshare,上证指数,sh000001
2015-05-26,4854.85,4911.685,4779.075,4910.897,70489280000,akshare,上证指数,sh000001
2015-05-27,4932.846,4958.156,4857.056,4941.714,68116537600,akshare,上证指数,sh000001
2015-05-28,4943.742,4986.503,4614.241,4620.266,78296460800,akshare,上证指数,sh000001
2015-05-29,4603.465,4698.193,4431.563,4611.744,61126240000,akshare,上证指数,sh000001
2015-06-01,4633.098,4829.502,4615.231,4828.738,59338905600,akshare,上证指数,sh000001
2015-06-02,4844.704,4911.574,4797.552,4910.527,62374809600,akshare,上证指数,sh000001
2015-06-03,4924.381,4942.065,4822.442,4909.978,61145382400,akshare,上证指数,sh000001
2015-06-04,4912.945,4947.965,4647.407,4947.102,67495238400,akshare,上证指数,sh000001
2015-06-05,5016.088,5051.626,4898.068,5023.096,77224083200,akshare,上证指数,sh000001
2015-06-08,5045.694,5146.949,4997.481,5131.881,85503507200,akshare,上证指数,sh000001
2015-06-09,5145.978,5147.454,5042.963,5113.534,72989382400,akshare,上证指数,sh000001
2015-06-10,5049.197,5164.162,5001.489,5106.036,59696902400,akshare,上证指数,sh000001
2015-06-11,5101.44,5122.457,5050.765,5121.593,56399052800,akshare,上证指数,sh000001
2015-06-12,5143.343,5178.191,5103.401,5166.35,62562784000,akshare,上证指数,sh000001
2015-06-15,5174.418,5176.795,5048.742,5062.993,63780396800,akshare,上证指数,sh000001
2015-06-16,5004.412,5029.684,4842.1,4887.432,55080140800,akshare,上证指数,sh000001
2015-06-17,4890.551,4983.658,4767.216,4967.898,53710118400,akshare,上证指数,sh000001
2015-06-18,4942.52,4966.767,4780.873,4785.356,50744089600,akshare,上证指数,sh000001
2015-06-19,4689.929,4744.081,4476.501,4478.364,45268963200,akshare,上证指数,sh000001
2015-06-23,4471.613,4577.939,4264.772,4576.492,47352614400,akshare,上证指数,sh000001
2015-06-24,4604.579,4691.768,4552.129,4690.15,54300371200,akshare,上证指数,sh000001
2015-06-25,4711.763,4720.701,4483.548,4527.779,57279750400,akshare,上证指数,sh000001
2015-06-26,4399.933,4456.896,4139.53,4192.873,56521785600,akshare,上证指数,sh000001
2015-06-29,4289.771,4297.475,3875.05,4053.03,67378636800,akshare,上证指数,sh000001
2015-06-30,4006.754,4279.969,3847.88,4277.222,70917664000,akshare,上证指数,sh000001
2015-07-01,4214.15,4317.053,4043.367,4053.7,59876940800,akshare,上证指数,sh000001
2015-07-02,4058.624,4080.387,3795.253,3912.767,58601561600,akshare,上证指数,sh000001
2015-07-03,3793.712,3927.128,3629.556,3686.915,54816313600,akshare,上证指数,sh000001
2015-07-06,3975.214,3975.214,3653.037,3775.912,83113926400,akshare,上证指数,sh000001
2015-07-07,3654.778,3750.57,3585.399,3727.125,69881868800,akshare,上证指数,sh000001
2015-07-08,3467.399,3599.253,3421.525,3507.192,68035692800,akshare,上证指数,sh000001
2015-07-09,3432.454,3748.479,3373.54,3709.33,65691462400,akshare,上证指数,sh000001
2015-07-10,3707.458,3959.22,3677.435,3877.803,58636422400,akshare,上证指数,sh000001
2015-07-13,3918.99,4030.195,3858.637,3970.388,64348902400,akshare,上证指数,sh000001
2015-07-14,3958.373,4035.435,3855.56,3924.487,67055878400,akshare,上证指数,sh000001
2015-07-15,3874.968,3914.273,3741.25,3805.703,60130131200,akshare,上证指数,sh000001
2015-07-16,3758.505,3877.514,3688.442,3823.176,49225619200,akshare,上证指数,sh000001
2015-07-17,3831.421,3994.477,3814.147,3957.352,48172627200,akshare,上证指数,sh000001
2015-07-20,3948.421,4021.326,3927.121,3992.11,53910668800,akshare,上证指数,sh000001
2015-07-21,3939.898,4041.819,3912.801,4017.675,50428803200,akshare,上证指数,sh000001
2015-07-22,3996.427,4042.338,3960.864,4026.045,52073222400,akshare,上证指数,sh000001
2015-07-23,4022.268,4132.612,4019.038,4123.923,56358598400,akshare,上证指数,sh000001
2015-07-24,4124.755,4184.449,4044.831,4070.908,62742483200,akshare,上证指数,sh000001
2015-07-27,3985.57,4051.159,3720.444,3725.558,55600326400,akshare,上证指数,sh000001
2015-07-28,3573.143,3762.526,3537.358,3663.002,56333004800,akshare,上证指数,sh000001
2015-07-29,3689.825,3792.072,3612.064,3789.168,43435209600,akshare,上证指数,sh000001
2015-07-30,3773.788,3844.374,3685.956,3705.766,45794323200,akshare,上证指数,sh000001
2015-07-31,3655.667,3729.512,3620.165,3663.726,35095574400,akshare,上证指数,sh000001
2015-08-03,3614.99,3648.943,3549.496,3622.905,36396873600,akshare,上证指数,sh000001
2015-08-04,3621.855,3757.029,3601.289,3756.545,36290166400,akshare,上证指数,sh000001
2015-08-05,3745.646,3782.352,3676.39,3694.573,36642297600,akshare,上证指数,sh000001
2015-08-06,3625.504,3710.57,3614.742,3661.539,27407465600,akshare,上证指数,sh000001
2015-08-07,3692.614,3756.74,3686.3,3744.205,34075718400,akshare,上证指数,sh000001
2015-08-10,3786.033,3943.624,3775.854,3928.415,49730432000,akshare,上证指数,sh000001
2015-08-11,3928.808,3970.337,3891.179,3927.908,53892345600,akshare,上证指数,sh000001
2015-08-12,3881.228,3937.772,3871.136,3886.32,44268828800,akshare,上证指数,sh000001
2015-08-13,3869.911,3955.789,3838.159,3954.556,43007331200,akshare,上证指数,sh000001
2015-08-14,3976.405,4000.684,3939.835,3965.335,46798822400,akshare,上证指数,sh000001
2015-08-17,3947.844,3994.537,3907.399,3993.668,46043206400,akshare,上证指数,sh000001
2015-08-18,3999.134,4006.337,3743.394,3748.164,54377081600,akshare,上证指数,sh000001
2015-08-19,3646.803,3811.427,3558.383,3794.109,47539622400,akshare,上证指数,sh000001
2015-08-20,3754.567,3788.005,3663.607,3664.291,39006307200,akshare,上证指数,sh000001
2015-08-21,3609.959,3652.837,3490.54,3507.744,36992048000,akshare,上证指数,sh000001
2015-08-24,3373.478,3388.364,3191.879,3209.905,33467180800,akshare,上证指数,sh000001
2015-08-25,3004.126,3123.034,2947.944,2964.967,35232512000,akshare,上证指数,sh000001
2015-08-26,2980.794,3092.041,2850.714,2927.288,46669964800,akshare,上证指数,sh000001
2015-08-27,2978.03,3085.422,2906.49,3083.591,40030838400,akshare,上证指数,sh000001
2015-08-28,3125.264,3235.839,3102.945,3232.35,44313692800,akshare,上证指数,sh000001
2015-08-31,3203.559,3207.862,3109.163,3205.986,39743139200,akshare,上证指数,sh000001
2015-09-01,3157.832,3180.331,3053.738,3166.624,43243248000,akshare,上证指数,sh000001
2015-09-02,3027.678,3194.485,3019.087,3160.167,43817014400,akshare,上证指数,sh000001
2015-09-07,3149.38,3217.579,3066.304,3080.42,29646812800,akshare,上证指数,sh000001
2015-09-08,3054.444,3174.709,3011.117,3170.452,25541547200,akshare,上证指数,sh000001
2015-09-09,3182.552,3256.743,3165.696,3243.089,37532796800,akshare,上证指数,sh000001
2015-09-10,3190.553,3243.281,3178.904,3197.893,27326176000,akshare,上证指数,sh000001
2015-09-11,3189.479,3223.762,3163.449,3200.234,22455782400,akshare,上证指数,sh000001
2015-09-14,3221.165,3229.482,3049.23,3114.798,34663116800,akshare,上证指数,sh000001
2015-09-15,3043.805,3081.703,2983.92,3005.172,24919444800,akshare,上证指数,sh000001
2015-09-16,2998.036,3182.934,2983.535,3152.263,27752451200,akshare,上证指数,sh000001
2015-09-17,3131.982,3204.702,3085.314,3086.061,31760288000,akshare,上证指数,sh000001
2015-09-18,3100.28,3122.048,3070.336,3097.917,20917539200,akshare,上证指数,sh000001
2015-09-21,3072.094,3159.883,3060.856,3156.54,23989736000,akshare,上证指数,sh000001
2015-09-22,3161.318,3213.476,3152.481,3185.619,27478614400,akshare,上证指数,sh000001
2015-09-23,3137.723,3164.041,3104.744,3115.888,23632267200,akshare,上证指数,sh000001
2015-09-24,3126.491,3151.165,3109.691,3142.687,21288772800,akshare,上证指数,sh000001
2015-09-25,3130.851,3149.948,3062.995,3092.347,23626387200,akshare,上证指数,sh000001
2015-09-28,3085.567,3103.069,3042.31,3100.756,15672753600,akshare,上证指数,sh000001
2015-09-29,3055.218,3068.298,3021.157,3038.137,16322267200,akshare,上证指数,sh000001
2015-09-30,3052.841,3073.3,3039.742,3052.781,14664244800,akshare,上证指数,sh000001
2015-10-08,3156.075,3172.281,3133.127,3143.357,23427604800,akshare,上证指数,sh000001
2015-10-09,3146.644,3192.717,3137.788,3183.152,23485144000,akshare,上证指数,sh000001
2015-10-12,3193.54,3318.714,3188.407,3287.662,38629472000,akshare,上证指数,sh000001
2015-10-13,3262.156,3298.626,3253.249,3293.23,29715312000,akshare,上证指数,sh000001
2015-10-14,3280.02,3307.315,3256.253,3262.441,29507772800,akshare,上证指数,sh000001
2015-10-15,3255.032,3338.297,3254.392,3338.073,31628384000,akshare,上证指数,sh000001
2015-10-16,3358.297,3393.018,3334.854,3391.352,39546057600,akshare,上证指数,sh000001
2015-10-19,3401.627,3423.402,3355.566,3386.7,37811219200,akshare,上证指数,sh000001
2015-10-20,3377.547,3425.516,3357.861,3425.33,31897376000,akshare,上证指数,sh000001
2015-10-21,3428.561,3447.258,3265.436,3320.676,45845542400,akshare,上证指数,sh000001
2015-10-22,3292.291,3373.776,3282.993,3368.739,32373932800,akshare,上证指数,sh000001
2015-10-23,3377.548,3422.022,3360.218,3412.434,34737286400,akshare,上证指数,sh000001
2015-10-26,3448.649,3457.517,3402.0,3429.581,36556086400,akshare,上证指数,sh000001
2015-10-27,3409.137,3441.565,3332.616,3434.336,32817276800,akshare,上证指数,sh000001
2015-10-28,3417.011,3439.758,3367.231,3375.196,29352329600,akshare,上证指数,sh000001
2015-10-29,3387.774,3411.714,3362.509,3387.315,23567603200,akshare,上证指数,sh000001
2015-10-30,3380.284,3417.201,3346.591,3382.561,24359512000,akshare,上证指数,sh000001
2015-11-02,3337.578,3391.064,3322.312,3325.085,23095113600,akshare,上证指数,sh000001
2015-11-03,3330.316,3346.275,3302.184,3316.695,19289742400,akshare,上证指数,sh000001
2015-11-04,3325.619,3459.646,3325.619,3459.64,33907872000,akshare,上证指数,sh000001
2015-11-05,3459.215,3585.657,3455.525,3522.819,55325497600,akshare,上证指数,sh000001
2015-11-06,3514.436,3596.382,3508.827,3590.032,42916704000,akshare,上证指数,sh000001
2015-11-09,3588.498,3673.76,3588.498,3646.881,50301667200,akshare,上证指数,sh000001
2015-11-10,3617.396,3669.533,3607.891,3640.485,42974656000,akshare,上证指数,sh000001
2015-11-11,3635.004,3654.877,3605.621,3650.249,36097264000,akshare,上证指数,sh000001
2015-11-12,3656.817,3659.315,3603.228,3632.902,36171760000,akshare,上证指数,sh000001
2015-11-13,3600.764,3632.556,3564.809,3580.839,34587094400,akshare,上证指数,sh000001
2015-11-16,3522.461,3607.612,3519.421,3606.957,27618707200,akshare,上证指数,sh000001
2015-11-17,3629.977,3678.273,3598.068,3604.795,38357545600,akshare,上证指数,sh000001
2015-11-18,3605.061,3617.069,3558.697,3568.468,29758073600,akshare,上证指数,sh000001
2015-11-19,3573.776,3618.213,3561.044,3617.062,24791558400,akshare,上证指数,sh000001
2015-11-20,3620.791,3640.529,3607.915,3630.5,31080198400,akshare,上证指数,sh000001
2015-11-23,3630.867,3654.754,3598.871,3610.315,31599747200,akshare,上证指数,sh000001
2015-11-24,3602.887,3616.484,3563.104,3616.113,24881052800,akshare,上证指数,sh000001
2015-11-25,3614.068,3648.367,3607.518,3647.93,27302486400,akshare,上证指数,sh000001
2015-11-26,3659.574,3668.376,3629.865,3635.552,30676156800,akshare,上证指数,sh000001
2015-11-27,3616.544,3621.897,3412.427,3436.303,35428752000,akshare,上证指数,sh000001
2015-11-30,3433.855,3470.371,3327.812,3445.405,30419788800,akshare,上证指数,sh000001
2015-12-01,3442.441,3483.414,3417.545,3456.309,25239075200,akshare,上证指数,sh000001
2015-12-02,3450.278,3538.847,3427.661,3536.905,30149148800,akshare,上证指数,sh000001
2015-12-03,3525.727,3591.73,3517.23,3584.824,28111126400,akshare,上证指数,sh000001
2015-12-04,3558.149,3568.97,3510.412,3524.992,25173641600,akshare,上证指数,sh000001
2015-12-07,3529.806,3543.945,3506.625,3536.927,20830257600,akshare,上证指数,sh000001
2015-12-08,3518.648,3518.648,3466.79,3470.07,22436731200,akshare,上证指数,sh000001
2015-12-09,3462.583,3495.702,3454.879,3472.439,19569884500,akshare,上证指数,sh000001
2015-12-10,3469.806,3503.654,3446.273,3455.495,20042752000,akshare,上证指数,sh000001
2015-12-11,3441.597,3455.548,3410.924,3434.581,18290888000,akshare,上证指数,sh000001
2015-12-14,3403.507,3521.779,3399.28,3520.668,21537462400,akshare,上证指数,sh000001
2015-12-15,3518.126,3529.961,3496.854,3510.354,20047134400,akshare,上证指数,sh000001
2015-12-16,3522.091,3538.689,3506.291,3516.187,19348230400,akshare,上证指数,sh000001
2015-12-17,3533.628,3583.408,3533.628,3579.999,28385648000,akshare,上证指数,sh000001
2015-12-18,3574.94,3614.698,3568.161,3578.964,27370790400,akshare,上证指数,sh000001
2015-12-21,3568.581,3651.056,3565.751,3642.472,29984928000,akshare,上证指数,sh000001
2015-12-22,3645.99,3652.635,3616.87,3651.767,26117876300,akshare,上证指数,sh000001
2015-12-23,3653.282,3684.567,3633.025,3636.089,29820179200,akshare,上证指数,sh000001
2015-12-24,3631.313,3640.221,3572.277,3612.485,22778523200,akshare,上证指数,sh000001
2015-12-25,3614.054,3635.256,3601.738,3627.914,19845111100,akshare,上证指数,sh000001
2015-12-28,3635.769,3641.588,3533.779,3533.779,26998327800,akshare,上证指数,sh000001
2015-12-29,3528.395,3564.171,3515.52,3563.736,18255192300,akshare,上证指数,sh000001
2015-12-30,3566.731,3573.684,3538.112,3572.876,18788960900,akshare,上证指数,sh000001
2015-12-31,3570.467,3580.602,3538.353,3539.182,17696365900,akshare,上证指数,sh000001
2016-01-04,3536.589,3538.689,3295.741,3296.258,18441842300,akshare,上证指数,sh000001
2016-01-05,3196.651,3328.139,3189.605,3287.711,26688208300,akshare,上证指数,sh000001
2016-01-06,3291.195,3362.974,3288.933,3361.84,23888667000,akshare,上证指数,sh000001
2016-01-07,3309.657,3309.657,3115.885,3125.002,7056912300,akshare,上证指数,sh000001
2016-01-08,3194.625,3235.451,3056.878,3186.412,28644082200,akshare,上证指数,sh000001
2016-01-11,3131.853,3166.215,3016.697,3016.704,27164369100,akshare,上证指数,sh000001
2016-01-12,3026.159,3047.664,2978.463,3022.861,20765962200,akshare,上证指数,sh000001
2016-01-13,3041.107,3059.015,2949.29,2949.597,19428210600,akshare,上证指数,sh000001
2016-01-14,2874.049,3012.293,2867.553,3007.649,21290564400,akshare,上证指数,sh000001
2016-01-15,2988.048,3001.708,2883.868,2900.97,19872169700,akshare,上证指数,sh000001
2016-01-18,2847.539,2945.45,2844.704,2913.837,16469969400,akshare,上证指数,sh000001
2016-01-19,2914.408,3012.068,2906.404,3007.739,20527970300,akshare,上证指数,sh000001
2016-01-20,2993.014,3016.283,2951.922,2976.694,21650547400,akshare,上证指数,sh000001
2016-01-21,2934.391,2998.79,2880.085,2880.482,19167566800,akshare,上证指数,sh000001
2016-01-22,2911.112,2931.359,2851.733,2916.562,15981073400,akshare,上证指数,sh000001
2016-01-25,2934.078,2955.783,2911.829,2938.515,15303905700,akshare,上证指数,sh000001
2016-01-26,2907.718,2911.991,2743.839,2749.785,21083605400,akshare,上证指数,sh000001
2016-01-27,2756.082,2768.772,2638.302,2735.558,21572204600,akshare,上证指数,sh000001
2016-01-28,2711.158,2740.536,2647.493,2655.661,17112028000,akshare,上证指数,sh000001
2016-01-29,2652.854,2755.367,2649.791,2737.6,18667310600,akshare,上证指数,sh000001
2016-02-01,2730.984,2735.255,2655.623,2688.854,15638374400,akshare,上证指数,sh000001
2016-02-02,2687.982,2755.159,2687.982,2749.57,15807821100,akshare,上证指数,sh000001
2016-02-03,2719.574,2746.072,2696.884,2739.247,14839721700,akshare,上证指数,sh000001
2016-02-04,2751.432,2793.298,2751.314,2781.023,17038201800,akshare,上证指数,sh000001
2016-02-05,2783.076,2790.061,2762.16,2763.492,14118628400,akshare,上证指数,sh000001
2016-02-15,2684.961,2760.359,2682.09,2746.196,12926393200,akshare,上证指数,sh000001
2016-02-16,2758.579,2840.622,2758.579,2836.571,19596161400,akshare,上证指数,sh000001
2016-02-17,2829.764,2868.701,2824.356,2867.338,21690992500,akshare,上证指数,sh000001
2016-02-18,2881.777,2893.215,2857.699,2862.893,21920387300,akshare,上证指数,sh000001
2016-02-19,2854.904,2872.724,2840.488,2860.021,16339141300,akshare,上证指数,sh000001
2016-02-22,2888.598,2933.964,2880.347,2927.175,23217604200,akshare,上证指数,sh000001
2016-02-23,2925.708,2928.048,2872.282,2903.331,19974066300,akshare,上证指数,sh000001
2016-02-24,2889.885,2929.871,2872.274,2928.896,21341038400,akshare,上证指数,sh000001
2016-02-25,2922.237,2922.237,2729.851,2741.245,27028441600,akshare,上证指数,sh000001
2016-02-26,2760.058,2784.753,2715.874,2767.21,19111047200,akshare,上证指数,sh000001
2016-02-29,2754.814,2755.89,2638.963,2687.979,20741070900,akshare,上证指数,sh000001
2016-03-01,2688.38,2747.562,2668.757,2733.17,18720744300,akshare,上证指数,sh000001
2016-03-02,2733.767,2852.7,2732.539,2849.681,27096178300,akshare,上证指数,sh000001
2016-03-03,2847.331,2878.445,2840.874,2859.758,28747821000,akshare,上证指数,sh000001
2016-03-04,2848.538,2880.372,2808.849,2874.147,31249516900,akshare,上证指数,sh000001
2016-03-07,2886.64,2911.839,2871.346,2897.34,21746683600,akshare,上证指数,sh000001
2016-03-08,2895.666,2902.621,2802.563,2901.387,23348266100,akshare,上证指数,sh000001
2016-03-09,2839.411,2863.015,2811.718,2862.556,18335538300,akshare,上证指数,sh000001
2016-03-10,2847.567,2863.176,2803.476,2804.726,13897946100,akshare,上证指数,sh000001
2016-03-11,2781.6,2815.607,2772.551,2810.307,12724755400,akshare,上证指数,sh000001
2016-03-14,2830.084,2889.816,2823.028,2859.499,19481603000,akshare,上证指数,sh000001
2016-03-15,2853.978,2865.787,2819.795,2864.368,16338666700,akshare,上证指数,sh000001
2016-03-16,2858.709,2881.529,2854.192,2870.43,18649253500,akshare,上证指数,sh000001
2016-03-17,2875.411,2921.0,2857.191,2904.832,20029021300,akshare,上证指数,sh000001
2016-03-18,2915.518,2971.551,2908.742,2955.15,31333273500,akshare,上证指数,sh000001
2016-03-21,2978.455,3028.322,2973.758,3018.802,35240043800,akshare,上证指数,sh000001
2016-03-22,3001.63,3019.101,2988.426,2999.363,27037732200,akshare,上证指数,sh000001
2016-03-23,2991.169,3012.56,2980.855,3009.96,21697746200,akshare,上证指数,sh000001
2016-03-24,2986.801,2998.154,2960.537,2960.97,23700640300,akshare,上证指数,sh000001
2016-03-25,2956.2,2981.408,2952.106,2979.434,17507434400,akshare,上证指数,sh000001
2016-03-28,2988.01,3008.168,2948.526,2957.82,20202124100,akshare,上证指数,sh000001
2016-03-29,2956.705,2962.203,2905.251,2919.832,18296534500,akshare,上证指数,sh000001
2016-03-30,2941.218,3001.106,2941.218,3000.645,21037145100,akshare,上证指数,sh000001
2016-03-31,3009.367,3023.409,2992.916,3003.915,22041344500,akshare,上证指数,sh000001
2016-04-01,2997.088,3009.673,2956.247,3009.53,20654586600,akshare,上证指数,sh000001
2016-04-05,3000.938,3057.33,2993.148,3053.065,25673034400,akshare,上证指数,sh000001
2016-04-06,3039.745,3059.794,3029.005,3050.592,23226205100,akshare,上证指数,sh000001
2016-04-07,3058.339,3062.358,3007.06,3008.42,22091950600,akshare,上证指数,sh000001
2016-04-08,2988.2,2996.171,2960.46,2984.958,18790463300,akshare,上证指数,sh000001
2016-04-11,3006.909,3048.977,3006.909,3033.957,22001832400,akshare,上证指数,sh000001
2016-04-12,3031.301,3036.825,3001.315,3023.646,18271866800,akshare,上证指数,sh000001
2016-04-13,3041.358,3097.165,3041.358,3066.638,31000324600,akshare,上证指数,sh000001
2016-04-14,3080.09,3086.698,3056.989,3082.362,20823783000,akshare,上证指数,sh000001
2016-04-15,3085.026,3089.951,3066.872,3078.117,18961305100,akshare,上证指数,sh000001
2016-04-18,3058.463,3058.463,3022.97,3033.66,18330451200,akshare,上证指数,sh000001
2016-04-19,3047.133,3054.503,3024.895,3042.823,15653320000,akshare,上证指数,sh000001
2016-04-20,3050.381,3055.689,2905.049,2972.584,28314421900,akshare,上证指数,sh000001
2016-04-21,2954.37,2990.673,2943.464,2952.891,18940684900,akshare,上证指数,sh000001
2016-04-22,2933.035,2960.209,2926.776,2959.24,13721166800,akshare,上证指数,sh000001
2016-04-25,2949.973,2954.092,2917.02,2946.67,12585624300,akshare,上证指数,sh000001
2016-04-26,2944.716,2965.429,2933.971,2964.7,11771160400,akshare,上证指数,sh000001
2016-04-27,2967.19,2976.022,2949.432,2953.671,13086764000,akshare,上证指数,sh000001
2016-04-28,2955.742,2959.512,2916.374,2945.589,13866327400,akshare,上证指数,sh000001
2016-04-29,2935.376,2950.576,2930.357,2938.324,10931062800,akshare,上证指数,sh000001
2016-05-03,2940.392,2993.535,2929.815,2992.643,16870364300,akshare,上证指数,sh000001
2016-05-04,2983.027,3004.418,2978.33,2991.272,16540710600,akshare,上证指数,sh000001
2016-05-05,2987.022,2999.118,2977.2,2997.842,14483138300,akshare,上证指数,sh000001
2016-05-06,2998.402,3003.59,2913.036,2913.248,20679649800,akshare,上证指数,sh000001
2016-05-09,2896.162,2896.162,2821.826,2832.113,18037833000,akshare,上证指数,sh000001
2016-05-10,2822.327,2845.238,2820.164,2832.591,12082931000,akshare,上证指数,sh000001
2016-05-11,2843.545,2857.254,2818.699,2837.037,13579546600,akshare,上证指数,sh000001
2016-05-12,2812.108,2839.276,2781.236,2835.862,13633765500,akshare,上证指数,sh000001
2016-05-13,2828.462,2850.093,2814.115,2827.109,11431971000,akshare,上证指数,sh000001
2016-05-16,2816.775,2851.229,2804.991,2850.862,11465359200,akshare,上证指数,sh000001
2016-05-17,2850.926,2860.321,2832.459,2843.684,12336906400,akshare,上证指数,sh000001
2016-05-18,2828.178,2828.255,2781.417,2807.514,14048782600,akshare,上证指数,sh000001
2016-05-19,2802.315,2829.402,2801.548,2806.906,11159507100,akshare,上证指数,sh000001
2016-05-20,2792.888,2825.952,2785.08,2825.483,10870089900,akshare,上证指数,sh000001
2016-05-23,2826.312,2848.071,2826.256,2843.645,12047045500,akshare,上证指数,sh000001
2016-05-24,2839.682,2839.695,2807.188,2821.666,11145244500,akshare,上证指数,sh000001
2016-05-25,2835.029,2843.165,2807.749,2815.086,10352726500,akshare,上证指数,sh000001
2016-05-26,2813.543,2827.092,2780.763,2822.443,11476679700,akshare,上证指数,sh000001
2016-05-27,2817.968,2832.799,2809.799,2821.046,10984582300,akshare,上证指数,sh000001
2016-05-30,2814.651,2830.97,2794.661,2822.451,10631958900,akshare,上证指数,sh000001
2016-05-31,2822.593,2917.135,2822.593,2916.616,21526034100,akshare,上证指数,sh000001
2016-06-01,2917.154,2929.076,2909.512,2913.508,18838642100,akshare,上证指数,sh000001
2016-06-02,2911.219,2925.67,2906.524,2925.229,15971691600,akshare,上证指数,sh000001
2016-06-03,2929.788,2945.519,2915.185,2938.682,17202102300,akshare,上证指数,sh000001
2016-06-06,2940.994,2945.942,2922.283,2934.098,14199374200,akshare,上证指数,sh000001
2016-06-07,2936.282,2938.444,2923.502,2936.045,13298786700,akshare,上证指数,sh000001
2016-06-08,2932.376,2937.986,2908.367,2927.159,14304607100,akshare,上证指数,sh000001
2016-06-13,2897.273,2911.158,2832.507,2833.071,16925543400,akshare,上证指数,sh000001
2016-06-14,2824.229,2843.456,2822.061,2842.189,11975527400,akshare,上证指数,sh000001
2016-06-15,2814.693,2894.264,2811.781,2887.21,16667106900,akshare,上证指数,sh000001
2016-06-16,2878.402,2887.743,2865.388,2872.817,17388276700,akshare,上证指数,sh000001
2016-06-17,2873.009,2900.299,2872.185,2885.105,17147251700,akshare,上证指数,sh000001
2016-06-20,2887.636,2891.658,2864.02,2888.809,13657105100,akshare,上证指数,sh000001
2016-06-21,2898.384,2919.302,2869.176,2878.558,16435908900,akshare,上证指数,sh000001
2016-06-22,2872.734,2905.978,2869.513,2905.55,13059042400,akshare,上证指数,sh000001
2016-06-23,2902.398,2904.112,2878.661,2891.96,13613737500,akshare,上证指数,sh000001
2016-06-24,2883.759,2899.569,2807.598,2854.286,19084260900,akshare,上证指数,sh000001
2016-06-27,2840.559,2895.731,2840.277,2895.703,15669747200,akshare,上证指数,sh000001
2016-06-28,2885.011,2913.582,2878.824,2912.557,17387104700,akshare,上证指数,sh000001
2016-06-29,2918.534,2933.997,2915.062,2931.592,19321558600,akshare,上证指数,sh000001
2016-06-30,2931.481,2938.137,2922.312,2929.606,15446493000,akshare,上证指数,sh000001
2016-07-01,2931.802,2944.989,2925.81,2932.476,14124622700,akshare,上证指数,sh000001
2016-07-04,2924.293,2992.498,2922.52,2988.604,22201713200,akshare,上证指数,sh000001
2016-07-05,2991.752,3010.275,2990.642,3006.392,23520445000,akshare,上证指数,sh000001
2016-07-06,2998.521,3017.652,2984.828,3017.292,21237092000,akshare,上证指数,sh000001
2016-07-07,3009.353,3024.109,2994.643,3016.847,22268166700,akshare,上证指数,sh000001
2016-07-08,3000.326,3001.551,2983.881,2988.094,16898685900,akshare,上证指数,sh000001
2016-07-11,2993.749,3022.944,2990.907,2994.917,22433822400,akshare,上证指数,sh000001
2016-07-12,2992.52,3049.681,2984.421,3049.381,25948629500,akshare,上证指数,sh000001
2016-07-13,3049.513,3069.047,3048.199,3060.689,25365938400,akshare,上证指数,sh000001
2016-07-14,3054.975,3057.046,3036.523,3054.018,18019480400,akshare,上证指数,sh000001
2016-07-15,3056.682,3062.683,3044.538,3054.296,17286639800,akshare,上证指数,sh000001
2016-07-18,3047.637,3058.321,3031.639,3043.564,17749656200,akshare,上证指数,sh000001
2016-07-19,3040.226,3043.6,3014.289,3036.598,15536146600,akshare,上证指数,sh000001
2016-07-20,3034.714,3042.997,3022.631,3027.9,13824281500,akshare,上证指数,sh000001
2016-07-21,3027.604,3053.334,3027.368,3039.009,16376737000,akshare,上证指数,sh000001
2016-07-22,3038.118,3039.27,3007.457,3012.816,16201018100,akshare,上证指数,sh000001
2016-07-25,3008.094,3027.123,3003.292,3015.828,14420658200,akshare,上证指数,sh000001
2016-07-26,3014.04,3050.615,3013.802,3050.166,15669450600,akshare,上证指数,sh000001
2016-07-27,3050.368,3057.424,2939.227,2991.999,28016091500,akshare,上证指数,sh000001
2016-07-28,2980.501,3003.363,2968.182,2994.323,19056495000,akshare,上证指数,sh000001
2016-07-29,2992.536,3000.055,2972.917,2979.339,15010153400,akshare,上证指数,sh000001
2016-08-01,2971.949,2972.875,2931.963,2953.385,14740776300,akshare,上证指数,sh000001
2016-08-02,2950.08,2971.279,2946.637,2971.279,11546890000,akshare,上证指数,sh000001
2016-08-03,2963.215,2981.156,2956.786,2978.461,14114133200,akshare,上证指数,sh000001
2016-08-04,2976.41,2982.86,2958.933,2982.426,13393330100,akshare,上证指数,sh000001
2016-08-05,2978.778,2991.677,2971.564,2976.696,14185710100,akshare,上证指数,sh000001
2016-08-08,2972.625,3004.718,2959.048,3004.277,15572983300,akshare,上证指数,sh000001
2016-08-09,3001.306,3025.911,2998.677,3025.681,16999544600,akshare,上证指数,sh000001
2016-08-10,3023.472,3033.196,3017.09,3018.746,16467516500,akshare,上证指数,sh000001
2016-08-11,3013.678,3038.048,3001.168,3002.638,16187948100,akshare,上证指数,sh000001
2016-08-12,3000.273,3051.054,2999.039,3050.667,16817365700,akshare,上证指数,sh000001
2016-08-15,3056.484,3137.476,3053.871,3125.195,29761650600,akshare,上证指数,sh000001
2016-08-16,3130.533,3140.441,3102.065,3110.037,27832893400,akshare,上证指数,sh000001
2016-08-17,3106.991,3114.255,3090.281,3109.555,21383963700,akshare,上证指数,sh000001
2016-08-18,3107.753,3125.581,3093.317,3104.114,22935908100,akshare,上证指数,sh000001
2016-08-19,3100.391,3113.344,3082.771,3108.102,19434745300,akshare,上证指数,sh000001
2016-08-22,3107.381,3112.74,3083.593,3084.805,18538792700,akshare,上证指数,sh000001
2016-08-23,3081.572,3101.11,3073.529,3089.706,16136896500,akshare,上证指数,sh000001
2016-08-24,3092.02,3097.148,3079.548,3085.88,14570744000,akshare,上证指数,sh000001
2016-08-25,3073.444,3073.444,3041.505,3068.329,17403298000,akshare,上证指数,sh000001
2016-08-26,3069.85,3087.652,3063.894,3070.309,14966390100,akshare,上证指数,sh000001
2016-08-29,3068.46,3074.943,3058.785,3070.027,14450000700,akshare,上证指数,sh000001
2016-08-30,3071.44,3082.988,3065.971,3074.677,14043481100,akshare,上证指数,sh000001
2016-08-31,3072.916,3087.698,3063.396,3085.491,14136860900,akshare,上证指数,sh000001
2016-09-01,3083.961,3088.704,3062.876,3063.305,15519109300,akshare,上证指数,sh000001
2016-09-02,3057.495,3072.526,3050.492,3067.352,15044692000,akshare,上证指数,sh000001
2016-09-05,3070.707,3085.485,3065.329,3072.095,14496331700,akshare,上证指数,sh000001
2016-09-06,3071.055,3095.509,3053.187,3090.713,17290852400,akshare,上证指数,sh000001
2016-09-07,3091.329,3105.678,3087.879,3091.928,18695676300,akshare,上证指数,sh000001
2016-09-08,3089.953,3096.783,3083.902,3095.954,14588377100,akshare,上证指数,sh000001
2016-09-09,3095.427,3101.792,3078.218,3078.855,16069292400,akshare,上证指数,sh000001
2016-09-12,3037.507,3040.952,2999.929,3021.977,20601208600,akshare,上证指数,sh000001
2016-09-13,3025.035,3029.721,3008.741,3023.51,13538758000,akshare,上证指数,sh000001
2016-09-14,3008.904,3017.945,2995.416,3002.849,13341340100,akshare,上证指数,sh000001
2016-09-19,3005.323,3026.651,3005.323,3026.051,11922502700,akshare,上证指数,sh000001
2016-09-20,3027.172,3027.817,3015.88,3023.0,11892411700,akshare,上证指数,sh000001
2016-09-21,3021.576,3032.45,3017.541,3025.874,11572121300,akshare,上证指数,sh000001
2016-09-22,3038.422,3054.435,3035.07,3042.313,13930955400,akshare,上证指数,sh000001
2016-09-23,3044.786,3046.805,3032.802,3033.896,12559097600,akshare,上证指数,sh000001
2016-09-26,3028.243,3028.243,2980.117,2980.43,14433028600,akshare,上证指数,sh000001
2016-09-27,2974.593,2998.233,2969.132,2998.172,12170145000,akshare,上证指数,sh000001
2016-09-28,3000.695,3000.695,2984.321,2987.858,10462569700,akshare,上证指数,sh000001
2016-09-29,2992.168,3009.198,2991.909,2998.483,11321391900,akshare,上证指数,sh000001
2016-09-30,2994.251,3009.195,2993.062,3004.703,10133356200,akshare,上证指数,sh000001
2016-10-10,3020.457,3048.236,3014.62,3048.143,16005110400,akshare,上证指数,sh000001
2016-10-11,3051.622,3066.104,3048.018,3065.25,16727349600,akshare,上证指数,sh000001
2016-10-12,3057.316,3060.514,3048.888,3058.498,14249357700,akshare,上证指数,sh000001
2016-10-13,3057.972,3064.999,3052.64,3061.346,15475672500,akshare,上证指数,sh000001
2016-10-14,3056.993,3064.79,3043.184,3063.809,15537370500,akshare,上证指数,sh000001
2016-10-17,3064.691,3068.812,3033.753,3041.166,16373326500,akshare,上证指数,sh000001
2016-10-18,3037.404,3084.187,3037.404,3083.875,18204246000,akshare,上证指数,sh000001
2016-10-19,3085.749,3096.223,3076.771,3084.719,18247014300,akshare,上证指数,sh000001
2016-10-20,3084.908,3089.682,3076.295,3084.458,16069136400,akshare,上证指数,sh000001
2016-10-21,3081.389,3101.849,3069.267,3090.941,18738807200,akshare,上证指数,sh000001
2016-10-24,3092.047,3137.034,3090.786,3128.247,24052234900,akshare,上证指数,sh000001
2016-10-25,3127.968,3132.505,3121.05,3131.939,20338089800,akshare,上证指数,sh000001
2016-10-26,3129.838,3129.838,3110.387,3116.312,19166326300,akshare,上证指数,sh000001
2016-10-27,3112.603,3114.759,3100.392,3112.35,15800878900,akshare,上证指数,sh000001
2016-10-28,3111.704,3128.643,3101.237,3104.27,18177412300,akshare,上证指数,sh000001
2016-10-31,3097.188,3102.302,3081.072,3100.492,15150676400,akshare,上证指数,sh000001
2016-11-01,3101.664,3122.615,3097.042,3122.436,16023203200,akshare,上证指数,sh000001
2016-11-02,3115.729,3118.977,3099.82,3102.733,18272206700,akshare,上证指数,sh000001
2016-11-03,3096.765,3140.93,3094.103,3128.936,22298626000,akshare,上证指数,sh000001
2016-11-04,3126.349,3141.334,3119.535,3125.317,19768319700,akshare,上证指数,sh000001
2016-11-07,3124.892,3139.202,3117.096,3133.333,17941849000,akshare,上证指数,sh000001
2016-11-08,3140.944,3156.881,3134.955,3147.888,19084697900,akshare,上证指数,sh000001
2016-11-09,3146.078,3146.95,3096.947,3128.37,24111495800,akshare,上证指数,sh000001
2016-11-10,3148.544,3172.309,3148.544,3171.282,24419260200,akshare,上证指数,sh000001
2016-11-11,3169.401,3202.74,3166.07,3196.044,31085457900,akshare,上证指数,sh000001
2016-11-14,3187.709,3221.458,3186.796,3210.371,32960831300,akshare,上证指数,sh000001
2016-11-15,3209.955,3214.292,3195.035,3206.986,24088635000,akshare,上证指数,sh000001
2016-11-16,3208.497,3210.893,3195.411,3205.057,22176699300,akshare,上证指数,sh000001
2016-11-17,3198.499,3211.053,3187.206,3208.453,21420624000,akshare,上证指数,sh000001
2016-11-18,3207.193,3212.394,3187.496,3192.856,20982663900,akshare,上证指数,sh000001
2016-11-21,3188.496,3229.757,3188.28,3218.148,23065284400,akshare,上证指数,sh000001
2016-11-22,3220.983,3249.677,3220.983,3248.352,26163154700,akshare,上证指数,sh000001
2016-11-23,3247.945,3262.879,3231.586,3241.137,24995959200,akshare,上证指数,sh000001
2016-11-24,3237.428,3257.857,3232.869,3241.736,23232452700,akshare,上证指数,sh000001
2016-11-25,3241.243,3262.438,3209.598,3261.938,23392160100,akshare,上证指数,sh000001
2016-11-28,3270.047,3288.337,3267.674,3277.0,28155125300,akshare,上证指数,sh000001
2016-11-29,3269.234,3301.213,3263.397,3282.924,32083628700,akshare,上证指数,sh000001
2016-11-30,3272.142,3277.269,3239.521,3250.034,24357605300,akshare,上证指数,sh000001
2016-12-01,3257.027,3279.671,3256.256,3273.309,23775986400,akshare,上证指数,sh000001
2016-12-02,3270.121,3279.714,3235.277,3243.843,25956720500,akshare,上证指数,sh000001
2016-12-05,3203.784,3219.518,3194.879,3204.709,22301039400,akshare,上证指数,sh000001
2016-12-06,3202.029,3215.311,3196.525,3199.647,15757269300,akshare,上证指数,sh000001
2016-12-07,3198.475,3222.428,3189.485,3222.242,16907284700,akshare,上证指数,sh000001
2016-12-08,3225.55,3228.122,3211.471,3215.366,17071017300,akshare,上证指数,sh000001
2016-12-09,3209.34,3244.801,3207.043,3232.883,20402395600,akshare,上证指数,sh000001
2016-12-12,3233.666,3245.095,3149.896,3152.97,27470846100,akshare,上证指数,sh000001
2016-12-13,3138.988,3162.496,3118.712,3155.037,18516449500,akshare,上证指数,sh000001
2016-12-14,3149.377,3170.021,3136.348,3140.531,20135888700,akshare,上证指数,sh000001
2016-12-15,3125.757,3138.779,3100.913,3117.677,18999062600,akshare,上证指数,sh000001
2016-12-16,3111.515,3128.874,3106.346,3122.982,16498869900,akshare,上证指数,sh000001
2016-12-19,3120.696,3125.284,3110.082,3118.085,15416971600,akshare,上证指数,sh000001
2016-12-20,3115.898,3117.015,3084.8,3102.876,15742675900,akshare,上证指数,sh000001
2016-12-21,3107.24,3140.251,3107.24,3137.43,18670660700,akshare,上证指数,sh000001
2016-12-22,3132.156,3143.169,3126.887,3139.558,16780499000,akshare,上证指数,sh000001
2016-12-23,3134.929,3138.404,3103.748,3110.154,16617676900,akshare,上证指数,sh000001
2016-12-26,3095.579,3122.881,3068.415,3122.569,15257188100,akshare,上证指数,sh000001
2016-12-27,3117.387,3127.883,3113.745,3114.664,14152893900,akshare,上证指数,sh000001
2016-12-28,3113.767,3118.782,3094.549,3102.236,13572708700,akshare,上证指数,sh000001
2016-12-29,3095.845,3111.799,3087.344,3096.097,13262329200,akshare,上证指数,sh000001
2016-12-30,3097.345,3108.839,3089.989,3103.637,13326713000,akshare,上证指数,sh000001
2017-01-03,3105.309,3136.456,3105.309,3135.921,14156718700,akshare,上证指数,sh000001
2017-01-04,3133.787,3160.103,3130.115,3158.794,16786085000,akshare,上证指数,sh000001
2017-01-05,3157.906,3168.502,3154.281,3165.411,17472764500,akshare,上证指数,sh000001
2017-01-06,3163.776,3172.035,3153.025,3154.321,18370896600,akshare,上证指数,sh000001
2017-01-09,3148.532,3173.136,3147.735,3171.236,17171407500,akshare,上证指数,sh000001
2017-01-10,3167.57,3174.578,3157.332,3161.671,17975921600,akshare,上证指数,sh000001
2017-01-11,3156.686,3167.029,3136.267,3136.754,17836222100,akshare,上证指数,sh000001
2017-01-12,3133.602,3144.97,3115.979,3119.289,14888924000,akshare,上证指数,sh000001
2017-01-13,3116.083,3130.515,3102.163,3112.764,15627421400,akshare,上证指数,sh000001
2017-01-16,3104.492,3105.142,3044.291,3103.428,25788599600,akshare,上证指数,sh000001
2017-01-17,3087.03,3108.907,3072.338,3108.775,13615786100,akshare,上证指数,sh000001
2017-01-18,3104.766,3123.72,3098.586,3113.012,13178012800,akshare,上证指数,sh000001
2017-01-19,3104.972,3115.778,3094.006,3101.299,12385142000,akshare,上证指数,sh000001
2017-01-20,3095.819,3125.66,3095.215,3123.139,12236677700,akshare,上证指数,sh000001
2017-01-23,3125.421,3145.841,3125.421,3136.775,13266039200,akshare,上证指数,sh000001
2017-01-24,3134.592,3149.531,3131.218,3142.553,12597388100,akshare,上证指数,sh000001
2017-01-25,3137.646,3151.472,3133.191,3149.555,11207382700,akshare,上证指数,sh000001
2017-01-26,3149.217,3163.104,3148.908,3159.166,11387677200,akshare,上证指数,sh000001
2017-02-03,3160.082,3162.677,3136.013,3140.17,9222473600,akshare,上证指数,sh000001
2017-02-06,3143.093,3158.843,3135.387,3156.984,12719828300,akshare,上证指数,sh000001
2017-02-07,3154.405,3159.544,3140.036,3153.088,12833744200,akshare,上证指数,sh000001
2017-02-08,3148.086,3167.447,3132.033,3166.982,14492018700,akshare,上证指数,sh000001
2017-02-09,3164.688,3186.838,3162.574,3183.179,19164032700,akshare,上证指数,sh000001
2017-02-10,3183.007,3205.049,3182.802,3196.699,23934891300,akshare,上证指数,sh000001
2017-02-13,3198.995,3219.407,3198.995,3216.839,22019150800,akshare,上证指数,sh000001
2017-02-14,3216.137,3219.405,3205.285,3217.928,18879808800,akshare,上证指数,sh000001
2017-02-15,3215.464,3235.998,3206.561,3212.986,24150770600,akshare,上证指数,sh000001
2017-02-16,3210.357,3230.275,3207.785,3229.618,21695594200,akshare,上证指数,sh000001
2017-02-17,3227.707,3238.396,3199.425,3202.076,22622817700,akshare,上证指数,sh000001
2017-02-20,3198.963,3241.458,3198.963,3239.961,23215209600,akshare,上证指数,sh000001
2017-02-21,3242.223,3254.336,3239.878,3253.326,21167306600,akshare,上证指数,sh000001
2017-02-22,3252.69,3261.381,3243.84,3261.218,20745377600,akshare,上证指数,sh000001
2017-02-23,3258.832,3264.082,3236.355,3251.375,20917980000,akshare,上证指数,sh000001
2017-02-24,3246.86,3253.956,3233.535,3253.433,18640636200,akshare,上证指数,sh000001
2017-02-27,3249.195,3251.654,3224.088,3228.66,18258107100,akshare,上证指数,sh000001
2017-02-28,3225.969,3242.679,3225.969,3241.733,15124431800,akshare,上证指数,sh000001
2017-03-01,3240.073,3259.978,3237.871,3246.934,19067755000,akshare,上证指数,sh000001
2017-03-02,3250.518,3256.807,3228.665,3230.028,18121507600,akshare,上证指数,sh000001
2017-03-03,3219.202,3221.155,3206.613,3218.312,15708236800,akshare,上证指数,sh000001
2017-03-06,3217.335,3234.663,3215.067,3233.866,15609215800,akshare,上证指数,sh000001
2017-03-07,3233.094,3242.659,3226.822,3242.406,16406423500,akshare,上证指数,sh000001
2017-03-08,3240.532,3245.304,3230.608,3240.665,16073138800,akshare,上证指数,sh000001
2017-03-09,3233.701,3233.875,3205.279,3216.746,16737110800,akshare,上证指数,sh000001
2017-03-10,3213.729,3222.319,3208.447,3212.76,13667274300,akshare,上证指数,sh000001
2017-03-13,3209.449,3237.121,3193.157,3237.024,16367376000,akshare,上证指数,sh000001
2017-03-14,3235.252,3246.329,3231.521,3239.328,14694602200,akshare,上证指数,sh000001
2017-03-15,3235.403,3243.713,3227.738,3241.76,14405568200,akshare,上证指数,sh000001
2017-03-16,3247.163,3269.77,3247.163,3268.935,18941600200,akshare,上证指数,sh000001
2017-03-17,3271.867,3274.19,3232.281,3237.447,20058322300,akshare,上证指数,sh000001
2017-03-20,3241.11,3251.127,3228.118,3250.808,17054843000,akshare,上证指数,sh000001
2017-03-21,3250.247,3262.221,3246.696,3261.611,16271930600,akshare,上证指数,sh000001
2017-03-22,3246.223,3255.778,3229.128,3245.22,18973164900,akshare,上证指数,sh000001
2017-03-23,3245.808,3262.091,3221.934,3248.55,19302914400,akshare,上证指数,sh000001
2017-03-24,3247.35,3275.207,3241.123,3269.445,21977791400,akshare,上证指数,sh000001
2017-03-27,3268.924,3283.239,3262.118,3266.955,20185267500,akshare,上证指数,sh000001
2017-03-28,3265.634,3265.634,3246.086,3252.948,16171001300,akshare,上证指数,sh000001
2017-03-29,3252.865,3262.098,3233.28,3241.314,21610557500,akshare,上证指数,sh000001
2017-03-30,3235.137,3240.017,3195.852,3210.237,24713547900,akshare,上证指数,sh000001
2017-03-31,3206.253,3226.248,3205.537,3222.514,19644292200,akshare,上证指数,sh000001
2017-04-05,3235.66,3270.645,3233.237,3270.305,24832020200,akshare,上证指数,sh000001
2017-04-06,3272.193,3286.674,3265.765,3281.005,24528799900,akshare,上证指数,sh000001
2017-04-07,3280.624,3295.187,3275.051,3286.616,23610894200,akshare,上证指数,sh000001
2017-04-10,3285.459,3285.459,3265.012,3269.393,23269461600,akshare,上证指数,sh000001
2017-04-11,3266.222,3290.389,3244.405,3288.966,28128124800,akshare,上证指数,sh000001
2017-04-12,3283.837,3284.934,3262.277,3273.83,26938179000,akshare,上证指数,sh000001
2017-04-13,3265.218,3281.137,3261.49,3275.96,20734687500,akshare,上证指数,sh000001
2017-04-14,3276.138,3276.711,3238.896,3246.067,21450855800,akshare,上证指数,sh000001
2017-04-17,3229.949,3229.949,3199.912,3222.167,21273718900,akshare,上证指数,sh000001
2017-04-18,3215.396,3225.055,3196.488,3196.713,18866135300,akshare,上证指数,sh000001
2017-04-19,3184.666,3189.437,3147.066,3170.687,21323807500,akshare,上证指数,sh000001
2017-04-20,3165.665,3178.183,3148.184,3172.1,19087398500,akshare,上证指数,sh000001
2017-04-21,3170.29,3180.794,3158.629,3173.151,16476174000,akshare,上证指数,sh000001
2017-04-24,3164.248,3164.248,3111.215,3129.531,18627743400,akshare,上证指数,sh000001
2017-04-25,3123.894,3145.267,3117.449,3134.567,15341830700,akshare,上证指数,sh000001
2017-04-26,3132.918,3152.953,3131.418,3140.847,16987810700,akshare,上证指数,sh000001
2017-04-27,3131.35,3155.003,3097.333,3152.187,21179307300,akshare,上证指数,sh000001
2017-04-28,3144.022,3154.727,3136.578,3154.658,16288989900,akshare,上证指数,sh000001
2017-05-02,3147.228,3154.781,3136.539,3143.712,15422296200,akshare,上证指数,sh000001
2017-05-03,3138.307,3148.286,3123.751,3135.346,16376392400,akshare,上证指数,sh000001
2017-05-04,3127.106,3143.818,3111.391,3127.369,17796748500,akshare,上证指数,sh000001
2017-05-05,3114.774,3117.614,3092.092,3103.038,17621364100,akshare,上证指数,sh000001
2017-05-08,3090.065,3093.452,3067.694,3078.613,18052690400,akshare,上证指数,sh000001
2017-05-09,3064.848,3084.208,3056.558,3080.527,13506667400,akshare,上证指数,sh000001
2017-05-10,3078.173,3090.819,3051.59,3052.785,16079445200,akshare,上证指数,sh000001
2017-05-11,3036.789,3063.564,3016.531,3061.5,19134190100,akshare,上证指数,sh000001
2017-05-12,3054.112,3090.491,3051.871,3083.513,15968409900,akshare,上证指数,sh000001
2017-05-15,3085.932,3098.913,3085.932,3090.229,13566072800,akshare,上证指数,sh000001
2017-05-16,3082.872,3113.512,3060.534,3112.964,17377556400,akshare,上证指数,sh000001
2017-05-17,3107.802,3119.582,3101.295,3104.442,16867415800,akshare,上证指数,sh000001
2017-05-18,3082.329,3103.441,3077.963,3090.139,14862003500,akshare,上证指数,sh000001
2017-05-19,3086.705,3095.483,3081.278,3090.631,12963523000,akshare,上证指数,sh000001
2017-05-22,3087.171,3103.938,3063.153,3075.676,15368373000,akshare,上证指数,sh000001
2017-05-23,3069.394,3084.235,3050.842,3061.947,17831059900,akshare,上证指数,sh000001
2017-05-24,3047.568,3064.813,3022.303,3064.076,13981335300,akshare,上证指数,sh000001
2017-05-25,3055.343,3114.658,3052.831,3107.831,19139184100,akshare,上证指数,sh000001
2017-05-26,3101.286,3120.663,3100.388,3110.059,15592348600,akshare,上证指数,sh000001
2017-05-31,3125.325,3143.279,3111.556,3117.178,15295043000,akshare,上证指数,sh000001
2017-06-01,3108.421,3113.521,3097.679,3102.623,16301571900,akshare,上证指数,sh000001
2017-06-02,3094.225,3110.389,3081.849,3105.54,14250492500,akshare,上证指数,sh000001
2017-06-05,3102.11,3105.506,3084.83,3091.656,13257030000,akshare,上证指数,sh000001
2017-06-06,3084.54,3102.863,3078.787,3102.126,11343996300,akshare,上证指数,sh000001
2017-06-07,3101.761,3140.774,3098.951,3140.325,17322901400,akshare,上证指数,sh000001
2017-06-08,3136.471,3153.264,3132.828,3150.334,15227765900,akshare,上证指数,sh000001
2017-06-09,3147.453,3165.92,3146.108,3158.4,16013633400,akshare,上证指数,sh000001
2017-06-12,3149.527,3164.95,3135.314,3139.877,14672942500,akshare,上证指数,sh000001
2017-06-13,3134.009,3155.99,3131.043,3153.743,12831827900,akshare,上证指数,sh000001
2017-06-14,3146.748,3149.173,3125.355,3130.674,13834704200,akshare,上证指数,sh000001
2017-06-15,3125.587,3137.585,3117.084,3132.486,14695424500,akshare,上证指数,sh000001
2017-06-16,3126.373,3134.251,3117.857,3123.166,12965275800,akshare,上证指数,sh000001
2017-06-19,3122.158,3146.77,3121.779,3144.374,13489175800,akshare,上证指数,sh000001
2017-06-20,3148.019,3150.465,3134.611,3140.014,14119180200,akshare,上证指数,sh000001
2017-06-21,3148.986,3157.028,3132.617,3156.212,13668826800,akshare,上证指数,sh000001
2017-06-22,3152.242,3186.982,3146.643,3147.453,19134400600,akshare,上证指数,sh000001
2017-06-23,3138.444,3158.047,3118.095,3157.873,15484364800,akshare,上证指数,sh000001
2017-06-26,3157.002,3187.889,3156.977,3185.444,17357921100,akshare,上证指数,sh000001
2017-06-27,3183.42,3193.461,3172.463,3191.197,14820119800,akshare,上证指数,sh000001
2017-06-28,3183.633,3193.44,3170.786,3173.201,14651672000,akshare,上证指数,sh000001
2017-06-29,3174.981,3188.774,3174.284,3188.063,12875547000,akshare,上证指数,sh000001
2017-06-30,3176.948,3193.241,3171.57,3192.427,12146454300,akshare,上证指数,sh000001
2017-07-03,3191.998,3196.286,3177.024,3195.912,14030571700,akshare,上证指数,sh000001
2017-07-04,3192.889,3193.064,3174.314,3182.804,14111496700,akshare,上证指数,sh000001
2017-07-05,3179.217,3207.31,3174.708,3207.134,14829648300,akshare,上证指数,sh000001
2017-07-06,3203.863,3215.95,3188.773,3212.444,17580928700,akshare,上证指数,sh000001
2017-07-07,3203.823,3219.523,3195.291,3217.957,17671541600,akshare,上证指数,sh000001
2017-07-10,3208.463,3223.34,3203.209,3212.632,19892801000,akshare,上证指数,sh000001
2017-07-11,3201.517,3226.908,3199.224,3203.038,18783726200,akshare,上证指数,sh000001
2017-07-12,3201.929,3215.196,3177.935,3197.544,18690088000,akshare,上证指数,sh000001
2017-07-13,3192.362,3219.268,3190.339,3218.163,19530361100,akshare,上证指数,sh000001
2017-07-14,3212.032,3222.978,3204.853,3222.417,16012677300,akshare,上证指数,sh000001
2017-07-17,3219.791,3230.354,3139.504,3176.465,26620527400,akshare,上证指数,sh000001
2017-07-18,3159.732,3187.671,3150.128,3187.567,19062306000,akshare,上证指数,sh000001
2017-07-19,3181.402,3232.941,3179.73,3230.976,27242072600,akshare,上证指数,sh000001
2017-07-20,3227.506,3246.236,3225.433,3244.865,23210839200,akshare,上证指数,sh000001
2017-07-21,3236.588,3247.712,3231.956,3237.982,20600325100,akshare,上证指数,sh000001
2017-07-24,3230.898,3261.105,3230.071,3250.599,23305639900,akshare,上证指数,sh000001
2017-07-25,3249.138,3261.645,3233.138,3243.689,20557387300,akshare,上证指数,sh000001
2017-07-26,3244.461,3264.848,3228.039,3247.675,21354200500,akshare,上证指数,sh000001
2017-07-27,3243.765,3251.926,3220.637,3249.781,22848594500,akshare,上证指数,sh000001
2017-07-28,3240.173,3256.371,3232.963,3253.24,18222688000,akshare,上证指数,sh000001
2017-07-31,3252.752,3276.946,3251.194,3273.028,24603944000,akshare,上证指数,sh000001
2017-08-01,3274.369,3292.638,3273.504,3292.638,23719459400,akshare,上证指数,sh000001
2017-08-02,3288.518,3305.431,3282.038,3285.057,26673062800,akshare,上证指数,sh000001
2017-08-03,3279.986,3293.369,3262.155,3272.929,23327700400,akshare,上证指数,sh000001
2017-08-04,3269.318,3287.193,3261.307,3262.081,27590634000,akshare,上证指数,sh000001
2017-08-07,3257.67,3280.104,3243.715,3279.457,23117337900,akshare,上证指数,sh000001
2017-08-08,3277.189,3285.483,3269.658,3281.873,25204353700,akshare,上证指数,sh000001
2017-08-09,3277.808,3277.943,3263.847,3275.573,23559790700,akshare,上证指数,sh000001
2017-08-10,3269.735,3282.519,3236.183,3261.749,24068462200,akshare,上证指数,sh000001
2017-08-11,3237.922,3245.116,3200.748,3208.541,26296299500,akshare,上证指数,sh000001
2017-08-14,3206.044,3240.052,3206.044,3237.36,19034679600,akshare,上证指数,sh000001
2017-08-15,3235.23,3263.589,3235.101,3251.262,18229799700,akshare,上证指数,sh000001
2017-08-16,3247.853,3248.785,3228.871,3246.451,17685205100,akshare,上证指数,sh000001
2017-08-17,3253.846,3269.139,3251.459,3268.43,20362255100,akshare,上证指数,sh000001
2017-08-18,3253.243,3275.076,3248.083,3268.724,19112248300,akshare,上证指数,sh000001
2017-08-21,3274.581,3287.519,3270.475,3286.906,18612248300,akshare,上证指数,sh000001
2017-08-22,3287.615,3293.476,3274.941,3290.226,18653799100,akshare,上证指数,sh000001
2017-08-23,3283.797,3299.457,3274.44,3287.705,17983220800,akshare,上证指数,sh000001
2017-08-24,3287.959,3297.989,3266.359,3271.512,16346893700,akshare,上证指数,sh000001
2017-08-25,3271.461,3331.915,3271.461,3331.522,20583948200,akshare,上证指数,sh000001
2017-08-28,3336.126,3375.034,3336.126,3362.651,25746143800,akshare,上证指数,sh000001
2017-08-29,3362.06,3374.595,3354.463,3365.226,21950453500,akshare,上证指数,sh000001
2017-08-30,3361.821,3376.648,3357.08,3363.627,24686331200,akshare,上证指数,sh000001
2017-08-31,3361.462,3367.358,3340.687,3360.81,23441978100,akshare,上证指数,sh000001
2017-09-01,3365.991,3381.925,3358.472,3367.119,28249758400,akshare,上证指数,sh000001
2017-09-04,3369.719,3381.403,3359.131,3379.583,26742784900,akshare,上证指数,sh000001
2017-09-05,3377.197,3390.823,3371.571,3384.317,21655294600,akshare,上证指数,sh000001
2017-09-06,3372.428,3391.011,3364.765,3385.389,22909078500,akshare,上证指数,sh000001
2017-09-07,3383.628,3387.796,3363.177,3365.497,22111868500,akshare,上证指数,sh000001
2017-09-08,3364.428,3380.89,3353.688,3365.243,19840518400,akshare,上证指数,sh000001
2017-09-11,3365.351,3384.81,3360.046,3376.419,21901101900,akshare,上证指数,sh000001
2017-09-12,3381.487,3391.069,3370.852,3379.488,27291031900,akshare,上证指数,sh000001
2017-09-13,3374.719,3387.14,3366.541,3384.147,19455071500,akshare,上证指数,sh000001
2017-09-14,3383.47,3391.644,3361.334,3371.426,22130648700,akshare,上证指数,sh000001
2017-09-15,3365.145,3365.528,3345.328,3353.619,21976581600,akshare,上证指数,sh000001
2017-09-18,3352.513,3371.749,3352.513,3362.859,19031967600,akshare,上证指数,sh000001
2017-09-19,3365.532,3370.401,3344.705,3356.845,19112969100,akshare,上证指数,sh000001
2017-09-20,3352.185,3370.098,3346.536,3365.996,19219666100,akshare,上证指数,sh000001
2017-09-21,3364.698,3377.884,3356.875,3357.812,19744869500,akshare,上证指数,sh000001
2017-09-22,3347.157,3356.451,3334.985,3352.529,17923400700,akshare,上证指数,sh000001
2017-09-25,3344.589,3350.961,3334.944,3341.549,16962129300,akshare,上证指数,sh000001
2017-09-26,3336.35,3347.163,3332.599,3343.583,13262859500,akshare,上证指数,sh000001
2017-09-27,3340.822,3349.695,3340.299,3345.272,14308694500,akshare,上证指数,sh000001
2017-09-28,3343.845,3344.601,3336.178,3339.642,14944430000,akshare,上证指数,sh000001
2017-09-29,3340.311,3357.015,3340.311,3348.943,14486244300,akshare,上证指数,sh000001
2017-10-09,3403.246,3410.17,3366.965,3374.378,19173605700,akshare,上证指数,sh000001
2017-10-10,3373.345,3384.026,3358.795,3382.988,17942384100,akshare,上证指数,sh000001
2017-10-11,3381.488,3395.779,3379.163,3388.284,18147670400,akshare,上证指数,sh000001
2017-10-12,3385.533,3390.204,3372.533,3386.1,16180938000,akshare,上证指数,sh000001
2017-10-13,3384.488,3395.748,3383.239,3390.523,13995476400,akshare,上证指数,sh000001
2017-10-16,3393.206,3400.511,3374.769,3378.47,17433062000,akshare,上证指数,sh000001
2017-10-17,3373.234,3382.407,3365.565,3372.041,12538172500,akshare,上证指数,sh000001
2017-10-18,3373.528,3383.232,3371.925,3381.794,15722879100,akshare,上证指数,sh000001
2017-10-19,3374.644,3378.736,3359.628,3370.172,15847649500,akshare,上证指数,sh000001
2017-10-20,3363.514,3379.765,3360.1,3378.648,12717285100,akshare,上证指数,sh000001
2017-10-23,3382.28,3385.285,3374.705,3380.699,13084628900,akshare,上证指数,sh000001
2017-10-24,3376.599,3388.689,3374.125,3388.248,13989751100,akshare,上证指数,sh000001
2017-10-25,3384.858,3398.304,3382.034,3396.898,12313122200,akshare,上证指数,sh000001
2017-10-26,3397.519,3414.242,3391.455,3407.567,18376862500,akshare,上证指数,sh000001
2017-10-27,3404.498,3421.103,3402.114,3416.812,17025717300,akshare,上证指数,sh000001
2017-10-30,3413.868,3419.732,3357.276,3390.337,20834928600,akshare,上证指数,sh000001
2017-10-31,3380.999,3397.099,3376.124,3393.342,15349820600,akshare,上证指数,sh000001
2017-11-01,3393.968,3410.352,3388.598,3395.913,18056612700,akshare,上证指数,sh000001
2017-11-02,3391.652,3391.652,3372.213,3383.31,16686426700,akshare,上证指数,sh000001
2017-11-03,3377.736,3380.57,3347.36,3371.744,17271479000,akshare,上证指数,sh000001
2017-11-06,3369.685,3389.383,3356.534,3388.174,15463646800,akshare,上证指数,sh000001
2017-11-07,3389.472,3415.148,3387.946,3413.575,19057174600,akshare,上证指数,sh000001
2017-11-08,3409.147,3434.492,3404.881,3415.46,18543647000,akshare,上证指数,sh000001
2017-11-09,3410.672,3428.77,3408.619,3427.795,15865042600,akshare,上证指数,sh000001
2017-11-10,3423.185,3438.792,3414.329,3432.673,18927650300,akshare,上证指数,sh000001
2017-11-13,3435.184,3449.164,3435.085,3447.836,20538905400,akshare,上证指数,sh000001
2017-11-14,3446.545,3450.495,3419.692,3429.548,19647267400,akshare,上证指数,sh000001
2017-11-15,3416.211,3423.75,3396.381,3402.525,16879207600,akshare,上证指数,sh000001
2017-11-16,3393.194,3409.653,3390.589,3399.25,15668433200,akshare,上证指数,sh000001
2017-11-17,3392.683,3403.286,3373.296,3382.908,24945815300,akshare,上证指数,sh000001
2017-11-20,3361.356,3393.106,3337.116,3392.399,17652468300,akshare,上证指数,sh000001
2017-11-21,3382.36,3419.802,3377.599,3410.498,19687180300,akshare,上证指数,sh000001
2017-11-22,3417.331,3442.178,3404.287,3430.464,21356709300,akshare,上证指数,sh000001
2017-11-23,3425.009,3429.424,3342.332,3351.918,21526539300,akshare,上证指数,sh000001
2017-11-24,3340.384,3360.746,3328.334,3353.821,15956966300,akshare,上证指数,sh000001
2017-11-27,3346.657,3347.051,3315.264,3322.23,16643917000,akshare,上证指数,sh000001
2017-11-28,3311.232,3333.8,3300.781,3333.657,13824779900,akshare,上证指数,sh000001
2017-11-29,3335.567,3343.062,3305.572,3337.862,18380593200,akshare,上证指数,sh000001
2017-11-30,3328.643,3340.92,3306.283,3317.188,15659585100,akshare,上证指数,sh000001
2017-12-01,3315.105,3324.516,3302.44,3317.617,13919830000,akshare,上证指数,sh000001
2017-12-04,3310.381,3323.996,3304.103,3309.618,14805328800,akshare,上证指数,sh000001
2017-12-05,3301.691,3315.737,3300.512,3303.675,20827886200,akshare,上证指数,sh000001
2017-12-06,3291.313,3296.201,3254.611,3293.965,15160445200,akshare,上证指数,sh000001
2017-12-07,3283.279,3291.282,3259.164,3272.054,13210590000,akshare,上证指数,sh000001
2017-12-08,3264.478,3297.13,3258.759,3289.992,13320931400,akshare,上证指数,sh000001
2017-12-11,3290.488,3322.674,3288.295,3322.196,13196598400,akshare,上证指数,sh000001
2017-12-12,3320.31,3320.31,3280.329,3280.814,12460482700,akshare,上证指数,sh000001
2017-12-13,3278.397,3304.01,3273.325,3303.037,11199864700,akshare,上证指数,sh000001
2017-12-14,3302.932,3309.53,3282.573,3292.439,12054423500,akshare,上证指数,sh000001
2017-12-15,3287.529,3287.529,3259.388,3266.137,13094061800,akshare,上证指数,sh000001
2017-12-18,3268.034,3280.544,3254.178,3267.922,12070038900,akshare,上证指数,sh000001
2017-12-19,3266.019,3296.94,3266.019,3296.538,11514013400,akshare,上证指数,sh000001
2017-12-20,3296.74,3300.212,3276.12,3287.606,13774511800,akshare,上证指数,sh000001
2017-12-21,3281.118,3309.223,3267.404,3300.059,14212792700,akshare,上证指数,sh000001
2017-12-22,3297.685,3307.328,3293.442,3297.063,12404732600,akshare,上证指数,sh000001
2017-12-25,3296.211,3312.3,3270.441,3280.461,14689363500,akshare,上证指数,sh000001
2017-12-26,3277.837,3307.299,3274.327,3306.125,14243450100,akshare,上证指数,sh000001
2017-12-27,3302.461,3307.08,3270.349,3275.783,16267489000,akshare,上证指数,sh000001
2017-12-28,3272.291,3304.096,3263.728,3296.385,17537167000,akshare,上证指数,sh000001
2017-12-29,3295.246,3308.225,3292.77,3307.172,14158683600,akshare,上证指数,sh000001
2018-01-02,3314.031,3349.053,3314.031,3348.326,20227886000,akshare,上证指数,sh000001
2018-01-03,3347.743,3379.915,3345.289,3369.108,21383614900,akshare,上证指数,sh000001
2018-01-04,3371.0,3392.826,3365.295,3385.71,20695528800,akshare,上证指数,sh000001
2018-01-05,3386.464,3402.069,3380.245,3391.75,21306068100,akshare,上证指数,sh000001
2018-01-08,3391.553,3412.731,3384.559,3409.48,23616510600,akshare,上证指数,sh000001
2018-01-09,3406.112,3417.228,3403.587,3413.9,19148855100,akshare,上证指数,sh000001
2018-01-10,3414.113,3430.214,3398.842,3421.834,20909499700,akshare,上证指数,sh000001
2018-01-11,3415.585,3426.483,3405.639,3425.345,17381213300,akshare,上证指数,sh000001
2018-01-12,3423.879,3435.424,3417.98,3428.941,17406340400,akshare,上证指数,sh000001
2018-01-15,3428.951,3442.501,3402.312,3410.488,23200928300,akshare,上证指数,sh000001
2018-01-16,3403.469,3437.583,3401.961,3436.594,21147546800,akshare,上证指数,sh000001
2018-01-17,3438.576,3465.205,3430.511,3444.671,26104503000,akshare,上证指数,sh000001
2018-01-18,3449.881,3476.546,3448.789,3474.754,22003955500,akshare,上证指数,sh000001
2018-01-19,3481.62,3498.434,3474.292,3487.864,24753673300,akshare,上证指数,sh000001
2018-01-22,3476.994,3503.386,3475.673,3501.362,21748753400,akshare,上证指数,sh000001
2018-01-23,3504.344,3547.222,3504.344,3546.505,23870590400,akshare,上证指数,sh000001
2018-01-24,3553.479,3569.489,3527.112,3559.465,25295449600,akshare,上证指数,sh000001
2018-01-25,3555.168,3571.481,3528.035,3548.307,24341342200,akshare,上证指数,sh000001
2018-01-26,3535.493,3574.905,3534.195,3558.129,22269829500,akshare,上证指数,sh000001
2018-01-29,3563.64,3587.032,3510.269,3523.001,23602696500,akshare,上证指数,sh000001
2018-01-30,3511.501,3523.051,3484.656,3488.009,18636997500,akshare,上证指数,sh000001
2018-01-31,3470.509,3495.453,3454.726,3480.833,20725340300,akshare,上证指数,sh000001
2018-02-01,3478.67,3495.093,3424.419,3446.98,26050470700,akshare,上证指数,sh000001
2018-02-02,3419.225,3463.164,3388.86,3462.081,20812055100,akshare,上证指数,sh000001
2018-02-05,3411.67,3487.721,3406.241,3487.497,21767375400,akshare,上证指数,sh000001
2018-02-06,3418.01,3440.124,3364.216,3370.652,28055547700,akshare,上证指数,sh000001
2018-02-07,3412.744,3425.538,3304.007,3309.26,26093971400,akshare,上证指数,sh000001
2018-02-08,3281.046,3307.162,3225.712,3262.05,20126249900,akshare,上证指数,sh000001
2018-02-09,3172.851,3180.11,3062.743,3129.851,25638917600,akshare,上证指数,sh000001
2018-02-12,3128.371,3168.126,3113.605,3154.125,15331083100,akshare,上证指数,sh000001
2018-02-13,3176.107,3219.217,3176.107,3184.959,15152759700,akshare,上证指数,sh000001
2018-02-14,3188.248,3203.497,3171.384,3199.159,10032282700,akshare,上证指数,sh000001
2018-02-22,3237.569,3269.916,3234.115,3268.559,13873044500,akshare,上证指数,sh000001
2018-02-23,3275.429,3294.134,3258.488,3289.024,14579036800,akshare,上证指数,sh000001
2018-02-26,3307.295,3335.986,3281.615,3329.574,18856860200,akshare,上证指数,sh000001
2018-02-27,3328.672,3328.672,3284.629,3292.068,17421936800,akshare,上证指数,sh000001
2018-02-28,3264.059,3277.832,3239.844,3259.408,15104353600,akshare,上证指数,sh000001
2018-03-01,3235.089,3280.149,3228.585,3273.755,15909832000,akshare,上证指数,sh000001
2018-03-02,3248.446,3269.938,3242.267,3254.528,15086106300,akshare,上证指数,sh000001
2018-03-05,3255.871,3269.4,3236.717,3256.926,14483598800,akshare,上证指数,sh000001
2018-03-06,3266.487,3290.253,3243.654,3289.642,19535804600,akshare,上证指数,sh000001
2018-03-07,3288.865,3308.406,3264.764,3271.668,16866501900,akshare,上证指数,sh000001
2018-03-08,3268.347,3289.497,3261.552,3288.406,14982751900,akshare,上证指数,sh000001
2018-03-09,3291.426,3309.715,3283.559,3307.166,16842450900,akshare,上证指数,sh000001
2018-03-12,3319.209,3333.561,3313.555,3326.699,20653243600,akshare,上证指数,sh000001
2018-03-13,3324.122,3333.875,3307.376,3310.239,17711435300,akshare,上证指数,sh000001
2018-03-14,3298.666,3304.979,3287.356,3291.382,15749108500,akshare,上证指数,sh000001
2018-03-15,3277.514,3297.098,3273.201,3291.112,14857360600,akshare,上证指数,sh000001
2018-03-16,3290.209,3300.565,3269.283,3269.882,14120364700,akshare,上证指数,sh000001
2018-03-19,3264.928,3280.567,3251.047,3279.252,13795498000,akshare,上证指数,sh000001
2018-03-20,3257.219,3292.574,3252.433,3290.64,13988108100,akshare,上证指数,sh000001
2018-03-21,3299.731,3314.209,3268.878,3280.952,16839827700,akshare,上证指数,sh000001
2018-03-22,3281.265,3288.797,3242.762,3263.48,15043297700,akshare,上证指数,sh000001
2018-03-23,3172.772,3188.235,3110.664,3152.761,27553201300,akshare,上证指数,sh000001
2018-03-26,3117.319,3134.276,3091.458,3133.722,18636635000,akshare,上证指数,sh000001
2018-03-27,3164.798,3172.778,3143.57,3166.649,18907338300,akshare,上证指数,sh000001
2018-03-28,3130.571,3165.213,3117.534,3122.29,16350048800,akshare,上证指数,sh000001
2018-03-29,3127.263,3174.509,3098.247,3160.531,17031238400,akshare,上证指数,sh000001
2018-03-30,3161.786,3177.721,3152.889,3168.897,15464659600,akshare,上证指数,sh000001
2018-04-02,3169.779,3192.34,3159.986,3163.179,17772777700,akshare,上证指数,sh000001
2018-04-03,3130.013,3144.332,3119.132,3136.633,15221667400,akshare,上证指数,sh000001
2018-04-04,3147.049,3163.34,3128.867,3131.111,14697668200,akshare,上证指数,sh000001
2018-04-09,3125.442,3146.093,3110.303,3138.294,13960862100,akshare,上证指数,sh000001
2018-04-10,3144.257,3190.649,3139.081,3190.322,16820135900,akshare,上证指数,sh000001
2018-04-11,3197.372,3220.845,3191.587,3208.082,17586719700,akshare,上证指数,sh000001
2018-04-12,3203.278,3205.252,3177.049,3180.158,14823131300,akshare,上证指数,sh000001
2018-04-13,3192.042,3197.896,3155.506,3159.052,12755231000,akshare,上证指数,sh000001
2018-04-16,3152.888,3153.106,3096.1,3110.649,15441569500,akshare,上证指数,sh000001
2018-04-17,3112.975,3118.76,3064.028,3066.797,14722284600,akshare,上证指数,sh000001
2018-04-18,3091.91,3096.889,3041.625,3091.399,15929050300,akshare,上证指数,sh000001
2018-04-19,3094.274,3127.439,3090.287,3117.376,16005680500,akshare,上证指数,sh000001
2018-04-20,3105.462,3111.171,3065.921,3071.543,15514709100,akshare,上证指数,sh000001
2018-04-23,3063.443,3085.057,3045.937,3068.012,13168634000,akshare,上证指数,sh000001
2018-04-24,3069.746,3136.04,3069.746,3128.927,16227480600,akshare,上证指数,sh000001
2018-04-25,3112.398,3122.908,3107.001,3117.974,12731105300,akshare,上证指数,sh000001
2018-04-26,3119.496,3121.933,3067.929,3075.03,13397273600,akshare,上证指数,sh000001
2018-04-27,3082.415,3088.035,3049.914,3082.232,13122564300,akshare,上证指数,sh000001
2018-05-02,3087.409,3097.604,3064.763,3081.177,13418456600,akshare,上证指数,sh000001
2018-05-03,3074.517,3105.66,3056.157,3100.859,13998562000,akshare,上证指数,sh000001
2018-05-04,3093.117,3104.093,3086.785,3091.033,11871126500,akshare,上证指数,sh000001
2018-05-07,3094.899,3136.836,3091.658,3136.645,13894818600,akshare,上证指数,sh000001
2018-05-08,3135.296,3169.701,3134.062,3161.498,14692706100,akshare,上证指数,sh000001
2018-05-09,3160.138,3165.373,3145.657,3159.15,12263726800,akshare,上证指数,sh000001
2018-05-10,3169.05,3176.138,3155.533,3174.413,13300075600,akshare,上证指数,sh000001
2018-05-11,3179.797,3180.756,3162.212,3163.263,13065974900,akshare,上证指数,sh000001
2018-05-14,3167.042,3183.816,3163.476,3174.032,12932735300,akshare,上证指数,sh000001
2018-05-15,3180.425,3192.807,3164.518,3192.118,12454905100,akshare,上证指数,sh000001
2018-05-16,3180.226,3191.948,3166.811,3169.565,13052496800,akshare,上证指数,sh000001
2018-05-17,3170.006,3172.766,3148.621,3154.283,11399556700,akshare,上证指数,sh000001
2018-05-18,3151.082,3193.453,3144.776,3193.303,13651691800,akshare,上证指数,sh000001
2018-05-21,3206.176,3219.74,3203.336,3213.84,16445941300,akshare,上证指数,sh000001
2018-05-22,3211.247,3214.589,3192.228,3214.35,14429268400,akshare,上证指数,sh000001
2018-05-23,3205.437,3205.437,3168.964,3168.964,15780764800,akshare,上证指数,sh000001
2018-05-24,3167.939,3173.531,3152.069,3154.651,12408580000,akshare,上证指数,sh000001
2018-05-25,3148.41,3156.726,3131.068,3141.303,12861084300,akshare,上证指数,sh000001
2018-05-28,3136.809,3149.665,3115.959,3135.082,12875591800,akshare,上证指数,sh000001
2018-05-29,3129.621,3143.208,3112.153,3120.461,13571780000,akshare,上证指数,sh000001
2018-05-30,3081.142,3085.397,3041.0,3041.443,15511512600,akshare,上证指数,sh000001
2018-05-31,3061.829,3098.076,3054.269,3095.474,14047553200,akshare,上证指数,sh000001
2018-06-01,3084.754,3102.088,3059.786,3075.137,12987219900,akshare,上证指数,sh000001
2018-06-04,3083.427,3098.402,3076.994,3091.191,11459390200,akshare,上证指数,sh000001
2018-06-05,3088.008,3114.769,3080.046,3114.206,11873559200,akshare,上证指数,sh000001
2018-06-06,3109.175,3117.525,3103.533,3115.18,12019613500,akshare,上证指数,sh000001
2018-06-07,3121.184,3128.715,3105.578,3109.499,12778497000,akshare,上证指数,sh000001
2018-06-08,3100.604,3100.685,3053.288,3067.148,13468822000,akshare,上证指数,sh000001
2018-06-11,3057.339,3063.61,3037.914,3052.783,10856378600,akshare,上证指数,sh000001
2018-06-12,3053.028,3081.447,3034.101,3079.802,11327509600,akshare,上证指数,sh000001
2018-06-13,3071.464,3071.464,3044.12,3049.797,11960788600,akshare,上证指数,sh000001
2018-06-14,3038.07,3066.047,3032.406,3044.16,11546948700,akshare,上证指数,sh000001
2018-06-15,3037.452,3048.797,3008.732,3021.901,14453257100,akshare,上证指数,sh000001
2018-06-19,2982.65,2984.971,2871.355,2907.822,23055006700,akshare,上证指数,sh000001
2018-06-20,2889.984,2925.561,2872.163,2915.731,14430142000,akshare,上证指数,sh000001
2018-06-21,2912.003,2940.586,2872.619,2875.81,15437833200,akshare,上证指数,sh000001
2018-06-22,2855.585,2891.969,2837.144,2889.76,12614312900,akshare,上证指数,sh000001
2018-06-25,2903.45,2908.624,2857.871,2859.336,12191768700,akshare,上证指数,sh000001
2018-06-26,2829.995,2850.24,2803.785,2844.508,12591846800,akshare,上证指数,sh000001
2018-06-27,2842.396,2854.258,2798.8,2813.178,12942083300,akshare,上证指数,sh000001
2018-06-28,2799.904,2825.987,2782.446,2786.897,11835790700,akshare,上证指数,sh000001
2018-06-29,2789.811,2848.372,2782.381,2847.418,12567168500,akshare,上证指数,sh000001
2018-07-02,2841.58,2845.68,2756.815,2775.557,13703503400,akshare,上证指数,sh000001
2018-07-03,2774.57,2786.888,2722.449,2786.888,14249846600,akshare,上证指数,sh000001
2018-07-04,2776.632,2793.179,2754.155,2759.126,12326218100,akshare,上证指数,sh000001
2018-07-05,2755.339,2777.523,2727.94,2733.882,12922611200,akshare,上证指数,sh000001
2018-07-06,2731.353,2768.874,2691.021,2747.229,13629438000,akshare,上证指数,sh000001
2018-07-09,2752.447,2815.79,2752.447,2815.11,12154930900,akshare,上证指数,sh000001
2018-07-10,2819.712,2828.493,2800.625,2827.625,11706274800,akshare,上证指数,sh000001
2018-07-11,2780.704,2794.36,2752.435,2777.771,12682114900,akshare,上证指数,sh000001
2018-07-12,2771.041,2844.193,2771.041,2837.659,14698020000,akshare,上证指数,sh000001
2018-07-13,2831.428,2835.463,2818.848,2831.184,11768934800,akshare,上证指数,sh000001
2018-07-16,2827.082,2837.509,2804.493,2814.042,10776715100,akshare,上证指数,sh000001
2018-07-17,2806.885,2806.919,2774.762,2798.126,10540922000,akshare,上证指数,sh000001
2018-07-18,2801.777,2818.395,2786.04,2787.257,12096116500,akshare,上证指数,sh000001
2018-07-19,2791.016,2805.011,2764.486,2772.545,11448649300,akshare,上证指数,sh000001
2018-07-20,2769.754,2837.862,2753.84,2829.271,14590768800,akshare,上证指数,sh000001
2018-07-23,2815.201,2863.571,2809.616,2859.542,17338279700,akshare,上证指数,sh000001
2018-07-24,2862.267,2911.465,2862.267,2905.562,22957830700,akshare,上证指数,sh000001
2018-07-25,2911.453,2912.313,2894.039,2903.647,16780020700,akshare,上证指数,sh000001
2018-07-26,2905.794,2915.297,2875.701,2882.225,16842820200,akshare,上证指数,sh000001
2018-07-27,2879.69,2889.694,2864.11,2873.594,14637161000,akshare,上证指数,sh000001
2018-07-30,2871.94,2896.011,2850.296,2869.05,15165224900,akshare,上证指数,sh000001
2018-07-31,2866.899,2884.68,2854.32,2876.401,11893111700,akshare,上证指数,sh000001
2018-08-01,2882.506,2897.4,2823.929,2824.534,14951434800,akshare,上证指数,sh000001
2018-08-02,2815.344,2815.344,2726.483,2768.024,17417900300,akshare,上证指数,sh000001
2018-08-03,2763.396,2777.657,2740.432,2740.443,12700636300,akshare,上证指数,sh000001
2018-08-06,2736.526,2760.474,2692.322,2705.157,12975305800,akshare,上证指数,sh000001
2018-08-07,2711.736,2779.374,2696.039,2779.374,14957974300,akshare,上证指数,sh000001
2018-08-08,2771.129,2779.912,2741.067,2744.07,14768871500,akshare,上证指数,sh000001
2018-08-09,2729.579,2801.659,2726.215,2794.382,15166033300,akshare,上证指数,sh000001
2018-08-10,2791.402,2806.115,2777.506,2795.31,12153223200,akshare,上证指数,sh000001
2018-08-13,2769.017,2789.798,2742.56,2785.872,12753224100,akshare,上证指数,sh000001
2018-08-14,2780.736,2789.444,2766.569,2780.965,10957107700,akshare,上证指数,sh000001
2018-08-15,2777.249,2777.703,2721.24,2723.258,11616178700,akshare,上证指数,sh000001
2018-08-16,2691.426,2732.949,2672.741,2705.192,12027787800,akshare,上证指数,sh000001
2018-08-17,2723.887,2730.333,2665.592,2668.966,11244529400,akshare,上证指数,sh000001
2018-08-20,2673.066,2698.466,2653.112,2698.466,11078416400,akshare,上证指数,sh000001
2018-08-21,2700.342,2739.173,2696.292,2733.826,11358683900,akshare,上证指数,sh000001
2018-08-22,2731.958,2731.958,2709.062,2714.608,9366464000,akshare,上证指数,sh000001
2018-08-23,2714.867,2736.01,2700.804,2724.624,9844647000,akshare,上证指数,sh000001
2018-08-24,2717.081,2748.824,2705.324,2729.431,10051626900,akshare,上证指数,sh000001
2018-08-27,2736.319,2780.899,2736.319,2780.899,13276257800,akshare,上证指数,sh000001
2018-08-28,2782.293,2791.39,2769.401,2777.981,11874936700,akshare,上证指数,sh000001
2018-08-29,2774.865,2778.539,2762.35,2769.295,10015692900,akshare,上证指数,sh000001
2018-08-30,2769.332,2780.527,2736.346,2737.737,10606094300,akshare,上证指数,sh000001
2018-08-31,2730.113,2744.631,2710.537,2725.25,10975874200,akshare,上证指数,sh000001
2018-09-03,2716.404,2722.852,2692.364,2720.734,10221301100,akshare,上证指数,sh000001
2018-09-04,2720.648,2756.607,2712.376,2750.58,10901030700,akshare,上证指数,sh000001
2018-09-05,2741.38,2745.467,2704.337,2704.337,10500226900,akshare,上证指数,sh000001
2018-09-06,2697.578,2719.406,2683.745,2691.593,9901783300,akshare,上证指数,sh000001
2018-09-07,2696.678,2728.546,2683.719,2702.301,10752329300,akshare,上证指数,sh000001
2018-09-10,2698.011,2703.429,2667.317,2669.485,10355917000,akshare,上证指数,sh000001
2018-09-11,2668.487,2680.573,2652.704,2664.8,9986594600,akshare,上证指数,sh000001
2018-09-12,2659.744,2672.074,2647.17,2656.11,9002675800,akshare,上证指数,sh000001
2018-09-13,2679.208,2689.062,2653.189,2686.578,10733501400,akshare,上证指数,sh000001
2018-09-14,2688.779,2694.92,2675.29,2681.643,10000500800,akshare,上证指数,sh000001
2018-09-17,2671.291,2671.291,2647.915,2651.789,8823888800,akshare,上证指数,sh000001
2018-09-18,2644.296,2700.193,2644.296,2699.95,11576799300,akshare,上证指数,sh000001
2018-09-19,2694.799,2746.08,2690.994,2730.85,14155031800,akshare,上证指数,sh000001
2018-09-20,2732.17,2743.965,2724.084,2729.244,11138746300,akshare,上证指数,sh000001
2018-09-21,2733.874,2797.485,2722.032,2797.485,15801664200,akshare,上证指数,sh000001
2018-09-25,2775.066,2790.032,2771.16,2781.139,11198317900,akshare,上证指数,sh000001
2018-09-26,2785.317,2827.341,2783.342,2806.813,13956770600,akshare,上证指数,sh000001
2018-09-27,2805.793,2810.506,2786.322,2791.775,12399769600,akshare,上证指数,sh000001
2018-09-28,2794.264,2821.755,2791.836,2821.35,13429045600,akshare,上证指数,sh000001
2018-10-08,2768.208,2771.938,2710.178,2716.51,14950138800,akshare,上证指数,sh000001
2018-10-09,2713.732,2734.314,2711.197,2721.013,11677189900,akshare,上证指数,sh000001
2018-10-10,2723.724,2743.548,2703.063,2725.837,11348573600,akshare,上证指数,sh000001
2018-10-11,2643.074,2661.286,2560.316,2583.458,19715070200,akshare,上证指数,sh000001
2018-10-12,2574.042,2615.917,2536.665,2606.913,17008163500,akshare,上证指数,sh000001
2018-10-15,2605.912,2611.969,2564.738,2568.098,11857619700,akshare,上证指数,sh000001
2018-10-16,2567.764,2597.715,2536.441,2546.33,11941914400,akshare,上证指数,sh000001
2018-10-17,2574.313,2582.549,2517.573,2561.614,12995399700,akshare,上证指数,sh000001
2018-10-18,2544.911,2544.911,2485.619,2486.419,12542851300,akshare,上证指数,sh000001
2018-10-19,2460.081,2553.387,2449.197,2550.465,14732355800,akshare,上证指数,sh000001
2018-10-22,2565.644,2675.406,2565.644,2654.876,21188844900,akshare,上证指数,sh000001
2018-10-23,2652.648,2659.812,2583.261,2594.826,17834354300,akshare,上证指数,sh000001
2018-10-24,2579.972,2640.402,2577.773,2603.295,16006040700,akshare,上证指数,sh000001
2018-10-25,2540.935,2606.101,2531.535,2603.8,16203297900,akshare,上证指数,sh000001
2018-10-26,2610.898,2626.116,2580.845,2598.847,15893611900,akshare,上证指数,sh000001
2018-10-29,2593.591,2595.537,2529.188,2542.103,13424192300,akshare,上证指数,sh000001
2018-10-30,2538.574,2586.919,2521.784,2568.048,16668230900,akshare,上证指数,sh000001
2018-10-31,2573.015,2612.922,2567.027,2602.783,18055034800,akshare,上证指数,sh000001
2018-11-01,2617.033,2636.799,2603.651,2606.237,20090393200,akshare,上证指数,sh000001
2018-11-02,2649.251,2676.476,2628.87,2676.476,22502692100,akshare,上证指数,sh000001
2018-11-05,2665.427,2673.188,2639.271,2665.431,19376010000,akshare,上证指数,sh000001
2018-11-06,2660.719,2660.863,2635.321,2659.356,16366947900,akshare,上证指数,sh000001
2018-11-07,2659.845,2675.677,2639.246,2641.342,17320198600,akshare,上证指数,sh000001
2018-11-08,2660.087,2662.369,2632.301,2635.632,15963548700,akshare,上证指数,sh000001
2018-11-09,2621.238,2621.238,2598.161,2598.872,15244630700,akshare,上证指数,sh000001
2018-11-12,2593.2,2631.17,2590.211,2630.52,17503130800,akshare,上证指数,sh000001
2018-11-13,2600.5,2666.485,2597.348,2654.88,24928244700,akshare,上证指数,sh000001
2018-11-14,2648.309,2658.307,2627.957,2632.243,23844935100,akshare,上证指数,sh000001
2018-11-15,2632.138,2668.17,2631.888,2668.17,20784872100,akshare,上证指数,sh000001
2018-11-16,2669.78,2695.569,2657.034,2679.11,24219884900,akshare,上证指数,sh000001
2018-11-19,2681.899,2703.512,2674.178,2703.512,23166282700,akshare,上证指数,sh000001
2018-11-20,2684.287,2690.83,2643.359,2645.855,21589130900,akshare,上证指数,sh000001
2018-11-21,2619.821,2653.796,2617.776,2651.505,18259644700,akshare,上证指数,sh000001
2018-11-22,2655.896,2658.001,2634.483,2645.434,14930906300,akshare,上证指数,sh000001
2018-11-23,2640.667,2642.036,2577.351,2579.483,19147454900,akshare,上证指数,sh000001
2018-11-26,2580.842,2594.997,2568.035,2575.81,13431454000,akshare,上证指数,sh000001
2018-11-27,2585.826,2592.535,2566.166,2574.679,12365843600,akshare,上证指数,sh000001
2018-11-28,2575.454,2601.963,2561.562,2601.737,14596347300,akshare,上证指数,sh000001
2018-11-29,2613.781,2617.548,2567.443,2567.443,15716873800,akshare,上证指数,sh000001
2018-11-30,2564.564,2590.21,2555.322,2588.188,13932902100,akshare,上证指数,sh000001
2018-12-03,2647.132,2665.298,2629.184,2654.798,20747895500,akshare,上证指数,sh000001
2018-12-04,2651.561,2666.078,2644.896,2665.958,16794055800,akshare,上证指数,sh000001
2018-12-05,2629.833,2660.389,2625.913,2649.805,15450205600,akshare,上证指数,sh000001
2018-12-06,2629.82,2633.678,2603.132,2605.181,14166165000,akshare,上证指数,sh000001
2018-12-07,2609.341,2614.582,2599.278,2605.888,10907499300,akshare,上证指数,sh000001
2018-12-10,2589.194,2599.762,2576.242,2584.582,11319966900,akshare,上证指数,sh000001
2018-12-11,2587.015,2596.146,2583.196,2594.088,10130436400,akshare,上证指数,sh000001
2018-12-12,2608.114,2610.009,2595.075,2602.153,10351830100,akshare,上证指数,sh000001
2018-12-13,2607.144,2645.837,2599.459,2634.049,15073811500,akshare,上证指数,sh000001
2018-12-14,2627.283,2629.164,2593.741,2593.741,14594248800,akshare,上证指数,sh000001
2018-12-17,2587.263,2598.967,2573.867,2597.974,11736325000,akshare,上证指数,sh000001
2018-12-18,2583.634,2599.148,2563.573,2576.65,11703337000,akshare,上证指数,sh000001
2018-12-19,2578.675,2579.874,2547.078,2549.563,10766179700,akshare,上证指数,sh000001
2018-12-20,2544.505,2554.859,2516.019,2536.268,12056649600,akshare,上证指数,sh000001
2018-12-21,2526.554,2527.421,2498.694,2516.251,11567120000,akshare,上证指数,sh000001
2018-12-24,2506.737,2529.44,2500.443,2527.007,9733985200,akshare,上证指数,sh000001
2018-12-25,2503.95,2513.964,2462.845,2504.819,14067056000,akshare,上证指数,sh000001
2018-12-26,2501.12,2513.826,2492.076,2498.294,10879962900,akshare,上证指数,sh000001
2018-12-27,2527.717,2532.002,2483.086,2483.086,13540684300,akshare,上证指数,sh000001
2018-12-28,2483.617,2505.114,2478.325,2493.896,11924525000,akshare,上证指数,sh000001
2019-01-02,2497.881,2500.278,2456.423,2465.291,10993201300,akshare,上证指数,sh000001
2019-01-03,2461.783,2488.479,2455.926,2464.363,12439749700,akshare,上证指数,sh000001
2019-01-04,2446.019,2515.316,2440.907,2514.868,16887766700,akshare,上证指数,sh000001
2019-01-07,2528.699,2536.978,2515.508,2533.089,17730501000,akshare,上证指数,sh000001
2019-01-08,2530.3,2531.345,2520.165,2526.462,15809918100,akshare,上证指数,sh000001
2019-01-09,2536.417,2574.408,2536.157,2544.345,19188793000,akshare,上证指数,sh000001
2019-01-10,2543.853,2551.826,2531.664,2535.099,15987432600,akshare,上证指数,sh000001
2019-01-11,2539.549,2554.787,2533.359,2553.831,14944410000,akshare,上证指数,sh000001
2019-01-14,2553.328,2556.294,2533.01,2535.765,14482546400,akshare,上证指数,sh000001
2019-01-15,2537.37,2571.502,2532.433,2570.345,16026553000,akshare,上证指数,sh000001
2019-01-16,2569.07,2574.236,2563.006,2570.422,14930153900,akshare,上证指数,sh000001
2019-01-17,2573.576,2582.556,2557.711,2559.637,16246813400,akshare,上证指数,sh000001
2019-01-18,2567.739,2598.884,2565.904,2596.006,19076723700,akshare,上证指数,sh000001
2019-01-21,2599.058,2618.98,2599.058,2610.509,16342511500,akshare,上证指数,sh000001
2019-01-22,2609.642,2609.642,2573.062,2579.704,15253777300,akshare,上证指数,sh000001
2019-01-23,2575.258,2589.513,2572.405,2581.004,13142679800,akshare,上证指数,sh000001
2019-01-24,2584.648,2597.289,2569.7,2591.694,15404204600,akshare,上证指数,sh000001
2019-01-25,2596.262,2617.002,2595.629,2601.723,15939402600,akshare,上证指数,sh000001
2019-01-28,2615.712,2630.318,2591.1,2596.977,14698176500,akshare,上证指数,sh000001
2019-01-29,2592.355,2601.736,2559.982,2594.254,15558111200,akshare,上证指数,sh000001
2019-01-30,2584.746,2598.815,2575.409,2575.576,12050257100,akshare,上证指数,sh000001
2019-01-31,2581.332,2606.628,2571.579,2584.572,15430386900,akshare,上证指数,sh000001
2019-02-01,2597.778,2618.477,2590.554,2618.232,13198685000,akshare,上证指数,sh000001
2019-02-11,2613.174,2654.096,2613.174,2653.896,15489885800,akshare,上证指数,sh000001
2019-02-12,2654.035,2674.478,2648.83,2671.894,18410117900,akshare,上证指数,sh000001
2019-02-13,2674.52,2727.075,2666.522,2721.068,24379401000,akshare,上证指数,sh000001
2019-02-14,2715.536,2729.455,2707.487,2719.7,19703734900,akshare,上证指数,sh000001
2019-02-15,2712.786,2715.632,2679.785,2682.385,19600426500,akshare,上证指数,sh000001
2019-02-18,2699.817,2754.357,2699.817,2754.357,26043600700,akshare,上证指数,sh000001
2019-02-19,2759.496,2780.784,2737.586,2755.646,28804627100,akshare,上证指数,sh000001
2019-02-20,2761.059,2767.411,2739.978,2761.219,24597252700,akshare,上证指数,sh000001
2019-02-21,2759.938,2794.013,2744.976,2751.801,29864996900,akshare,上证指数,sh000001
2019-02-22,2749.462,2804.226,2736.332,2804.226,30148141100,akshare,上证指数,sh000001
2019-02-25,2838.39,2961.795,2838.39,2961.283,52865859000,akshare,上证指数,sh000001
2019-02-26,2969.098,2995.676,2938.623,2941.516,56555796700,akshare,上证指数,sh000001
2019-02-27,2939.929,2997.488,2924.643,2953.824,47497645300,akshare,上证指数,sh000001
2019-02-28,2950.055,2965.304,2930.195,2940.954,35020660200,akshare,上证指数,sh000001
2019-03-01,2954.402,2994.005,2930.835,2994.005,34578620000,akshare,上证指数,sh000001
2019-03-04,3015.943,3090.796,3006.942,3027.576,52564943600,akshare,上证指数,sh000001
2019-03-05,3019.88,3054.962,3009.448,3054.247,42414252900,akshare,上证指数,sh000001
2019-03-06,3060.433,3103.825,3050.111,3102.099,55500636500,akshare,上证指数,sh000001
2019-03-07,3103.668,3129.94,3074.978,3106.418,58381706500,akshare,上证指数,sh000001
2019-03-08,3038.336,3075.046,2969.582,2969.861,57785547300,akshare,上证指数,sh000001
2019-03-11,2969.08,3028.254,2963.583,3026.993,42621302900,akshare,上证指数,sh000001
2019-03-12,3049.084,3093.391,3029.9,3060.307,51117315800,akshare,上证指数,sh000001
2019-03-13,3062.327,3065.288,3013.932,3026.951,45321462500,akshare,上证指数,sh000001
2019-03-14,3013.597,3041.156,2968.824,2990.685,37314179800,akshare,上证指数,sh000001
2019-03-15,3000.879,3048.121,2999.432,3021.751,34120613900,akshare,上证指数,sh000001
2019-03-18,3027.801,3096.418,3009.507,3096.418,39779717900,akshare,上证指数,sh000001
2019-03-19,3099.897,3113.433,3076.363,3090.975,35090886000,akshare,上证指数,sh000001
2019-03-20,3084.17,3102.52,3053.452,3090.64,35855750500,akshare,上证指数,sh000001
2019-03-21,3094.125,3125.019,3086.85,3101.455,41425118200,akshare,上证指数,sh000001
2019-03-22,3100.726,3107.275,3064.884,3104.149,36484834600,akshare,上证指数,sh000001
2019-03-25,3058.802,3086.996,3041.95,3043.031,38027876200,akshare,上证指数,sh000001
2019-03-26,3057.559,3062.69,2988.491,2997.095,35349802100,akshare,上证指数,sh000001
2019-03-27,3012.257,3022.762,2987.772,3022.72,29139035700,akshare,上证指数,sh000001
2019-03-28,3009.799,3025.779,2991.779,2994.943,28810642500,akshare,上证指数,sh000001
2019-03-29,3000.678,3093.033,2999.987,3090.758,37508299100,akshare,上证指数,sh000001
2019-04-01,3111.662,3176.622,3111.662,3170.361,46612469300,akshare,上证指数,sh000001
2019-04-02,3183.274,3193.272,3164.907,3176.823,44706898100,akshare,上证指数,sh000001
2019-04-03,3159.147,3219.256,3152.332,3216.295,43054863500,akshare,上证指数,sh000001
2019-04-04,3233.689,3254.14,3216.855,3246.571,46911766900,akshare,上证指数,sh000001
2019-04-08,3271.272,3288.453,3210.515,3244.81,50451840300,akshare,上证指数,sh000001
2019-04-09,3240.394,3251.646,3215.705,3239.664,36416999700,akshare,上证指数,sh000001
2019-04-10,3224.645,3264.778,3204.879,3241.93,38013440800,akshare,上证指数,sh000001
2019-04-11,3241.547,3254.126,3185.546,3189.962,35303187900,akshare,上证指数,sh000001
2019-04-12,3184.86,3199.278,3168.042,3188.626,28978899600,akshare,上证指数,sh000001
2019-04-15,3233.458,3253.976,3177.27,3177.787,34880978500,akshare,上证指数,sh000001
2019-04-16,3164.397,3253.598,3153.206,3253.598,35791875200,akshare,上证指数,sh000001
2019-04-17,3250.152,3275.334,3239.805,3263.118,35754179600,akshare,上证指数,sh000001
2019-04-18,3261.074,3271.388,3241.826,3250.201,32553994200,akshare,上证指数,sh000001
2019-04-19,3250.145,3274.335,3226.812,3270.797,31519800400,akshare,上证指数,sh000001
2019-04-22,3278.491,3279.489,3206.878,3215.043,35321738700,akshare,上证指数,sh000001
2019-04-23,3211.872,3231.582,3186.757,3198.594,32836120700,akshare,上证指数,sh000001
2019-04-24,3203.559,3210.651,3156.607,3201.614,27487216400,akshare,上证指数,sh000001
2019-04-25,3190.585,3193.749,3123.026,3123.826,32587912900,akshare,上证指数,sh000001
2019-04-26,3108.164,3129.213,3085.805,3086.399,28087385400,akshare,上证指数,sh000001
2019-04-29,3090.633,3107.761,3050.026,3062.499,29211488600,akshare,上证指数,sh000001
2019-04-30,3052.622,3088.407,3052.622,3078.339,22230251700,akshare,上证指数,sh000001
2019-05-06,2984.727,2986.54,2876.469,2906.464,32697226900,akshare,上证指数,sh000001
2019-05-07,2914.291,2937.283,2889.073,2926.391,25328176900,akshare,上证指数,sh000001
2019-05-08,2873.143,2929.431,2866.704,2893.757,23153051900,akshare,上证指数,sh000001
2019-05-09,2871.197,2888.86,2845.037,2850.954,20004113300,akshare,上证指数,sh000001
2019-05-10,2878.234,2941.454,2838.385,2939.211,28230680800,akshare,上证指数,sh000001
2019-05-13,2905.067,2921.41,2892.175,2903.713,21202988200,akshare,上证指数,sh000001
2019-05-14,2872.834,2909.204,2872.834,2883.611,20834535300,akshare,上证指数,sh000001
2019-05-15,2902.642,2945.395,2902.642,2938.678,23051970100,akshare,上证指数,sh000001
2019-05-16,2933.495,2956.171,2929.065,2955.711,24838570100,akshare,上证指数,sh000001
2019-05-17,2955.767,2956.783,2873.8,2882.296,26630164300,akshare,上证指数,sh000001
2019-05-20,2874.801,2882.629,2838.453,2870.605,20947244200,akshare,上证指数,sh000001
2019-05-21,2867.707,2919.237,2862.495,2905.969,21138702200,akshare,上证指数,sh000001
2019-05-22,2905.524,2912.395,2879.644,2891.705,20002690500,akshare,上证指数,sh000001
2019-05-23,2880.843,2885.139,2846.956,2852.515,19734030900,akshare,上证指数,sh000001
2019-05-24,2847.836,2871.856,2846.022,2852.995,16720549000,akshare,上证指数,sh000001
2019-05-27,2851.281,2898.129,2833.036,2892.378,19672090200,akshare,上证指数,sh000001
2019-05-28,2890.266,2924.04,2887.084,2909.911,22331055700,akshare,上证指数,sh000001
2019-05-29,2894.83,2934.977,2890.665,2914.696,19895882100,akshare,上证指数,sh000001
2019-05-30,2903.425,2907.846,2881.38,2905.805,20575878900,akshare,上证指数,sh000001
2019-05-31,2904.498,2922.908,2895.578,2898.696,19523058000,akshare,上证指数,sh000001
2019-06-03,2901.742,2920.829,2875.902,2890.081,21594355400,akshare,上证指数,sh000001
2019-06-04,2887.641,2888.386,2851.973,2862.28,18846354100,akshare,上证指数,sh000001
2019-06-05,2882.937,2888.768,2858.572,2861.418,18156104700,akshare,上证指数,sh000001
2019-06-06,2862.333,2862.333,2822.185,2827.798,17706441100,akshare,上证指数,sh000001
2019-06-10,2833.015,2861.131,2824.355,2852.13,16658591800,akshare,上证指数,sh000001
2019-06-11,2854.07,2927.43,2854.07,2925.716,26052579600,akshare,上证指数,sh000001
2019-06-12,2917.224,2924.702,2903.883,2909.38,24025577500,akshare,上证指数,sh000001
2019-06-13,2905.288,2918.423,2885.923,2910.741,21295779100,akshare,上证指数,sh000001
2019-06-14,2912.999,2924.32,2879.657,2881.974,21543579600,akshare,上证指数,sh000001
2019-06-17,2880.423,2902.481,2877.394,2887.622,15396496000,akshare,上证指数,sh000001
2019-06-18,2891.092,2898.33,2874.313,2890.158,14770532000,akshare,上证指数,sh000001
2019-06-19,2944.115,2953.336,2916.215,2917.803,23075697300,akshare,上证指数,sh000001
2019-06-20,2917.331,2997.389,2915.09,2987.119,29101153700,akshare,上证指数,sh000001
2019-06-21,2990.369,3010.349,2989.245,3001.98,28697383500,akshare,上证指数,sh000001
2019-06-24,3004.289,3012.826,2994.422,3008.148,21049389400,akshare,上证指数,sh000001
2019-06-25,3004.91,3004.91,2948.991,2982.074,24369924400,akshare,上证指数,sh000001
2019-06-26,2964.615,2986.914,2958.463,2976.284,17444953300,akshare,上证指数,sh000001
2019-06-27,2982.613,3011.538,2981.045,2996.793,19539704900,akshare,上证指数,sh000001
2019-06-28,2992.243,2992.243,2961.223,2978.878,18143152300,akshare,上证指数,sh000001
2019-07-01,3024.624,3045.367,3014.687,3044.903,25084043300,akshare,上证指数,sh000001
2019-07-02,3042.58,3048.484,3033.781,3043.943,21452062400,akshare,上证指数,sh000001
2019-07-03,3031.832,3031.832,3006.325,3015.263,21229617300,akshare,上证指数,sh000001
2019-07-04,3015.679,3024.502,2991.908,3005.249,19441513300,akshare,上证指数,sh000001
2019-07-05,3004.738,3014.847,2990.925,3011.059,15675542900,akshare,上证指数,sh000001
2019-07-08,2997.807,2997.807,2918.716,2933.363,21154126800,akshare,上证指数,sh000001
2019-07-09,2928.819,2937.762,2912.806,2928.23,14511060400,akshare,上证指数,sh000001
2019-07-10,2935.186,2936.752,2908.162,2915.302,13548353800,akshare,上证指数,sh000001
2019-07-11,2928.055,2945.802,2907.885,2917.761,14369252200,akshare,上证指数,sh000001
2019-07-12,2915.34,2938.531,2905.809,2930.546,13779475900,akshare,上证指数,sh000001
2019-07-15,2921.546,2955.0,2886.699,2942.185,16764339700,akshare,上证指数,sh000001
2019-07-16,2938.641,2944.821,2931.293,2937.617,13181175100,akshare,上证指数,sh000001
2019-07-17,2933.023,2942.067,2924.459,2931.693,14963161600,akshare,上证指数,sh000001
2019-07-18,2921.739,2921.739,2901.177,2901.177,14988882800,akshare,上证指数,sh000001
2019-07-19,2909.679,2939.597,2909.679,2924.201,14946955300,akshare,上证指数,sh000001
2019-07-22,2925.788,2927.16,2879.69,2886.974,18067496000,akshare,上证指数,sh000001
2019-07-23,2886.904,2901.359,2883.046,2899.945,12931050800,akshare,上证指数,sh000001
2019-07-24,2907.928,2936.452,2907.787,2923.278,15524576200,akshare,上证指数,sh000001
2019-07-25,2923.189,2937.36,2916.15,2937.36,14568438500,akshare,上证指数,sh000001
2019-07-26,2928.061,2948.326,2924.451,2944.541,13934338800,akshare,上证指数,sh000001
2019-07-29,2943.918,2948.467,2932.977,2941.007,12799184600,akshare,上证指数,sh000001
2019-07-30,2946.257,2965.632,2946.257,2952.338,14831646200,akshare,上证指数,sh000001
2019-07-31,2944.398,2944.398,2926.485,2932.506,14105234800,akshare,上证指数,sh000001
2019-08-01,2920.851,2927.342,2901.75,2908.766,14238981300,akshare,上证指数,sh000001
2019-08-02,2861.332,2872.473,2851.44,2867.838,18488844300,akshare,上证指数,sh000001
2019-08-05,2854.578,2863.689,2821.496,2821.496,16741942300,akshare,上证指数,sh000001
2019-08-06,2776.989,2787.419,2733.924,2777.556,23112372700,akshare,上证指数,sh000001
2019-08-07,2789.019,2792.693,2768.68,2768.68,15771675200,akshare,上证指数,sh000001
2019-08-08,2784.184,2799.686,2782.245,2794.552,14953956400,akshare,上证指数,sh000001
2019-08-09,2805.586,2808.329,2770.478,2774.753,14824029300,akshare,上证指数,sh000001
2019-08-12,2781.982,2814.994,2776.62,2814.994,13156343300,akshare,上证指数,sh000001
2019-08-13,2798.051,2802.042,2790.608,2797.26,13091650500,akshare,上证指数,sh000001
2019-08-14,2824.486,2829.891,2807.719,2808.915,14401464100,akshare,上证指数,sh000001
2019-08-15,2762.339,2815.896,2756.834,2815.798,15277215200,akshare,上证指数,sh000001
2019-08-16,2817.571,2840.316,2811.802,2823.824,14858234400,akshare,上证指数,sh000001
2019-08-19,2835.518,2883.096,2829.854,2883.096,21454666800,akshare,上证指数,sh000001
2019-08-20,2879.082,2892.08,2874.999,2880.001,18967720600,akshare,上证指数,sh000001
2019-08-21,2875.471,2885.586,2872.557,2880.331,15901966500,akshare,上证指数,sh000001
2019-08-22,2887.665,2888.497,2867.552,2883.436,14920621500,akshare,上证指数,sh000001
2019-08-23,2885.151,2902.456,2878.744,2897.425,15915682600,akshare,上证指数,sh000001
2019-08-26,2851.016,2870.494,2849.238,2863.567,16989536300,akshare,上证指数,sh000001
2019-08-27,2879.515,2919.644,2879.406,2902.193,20814179400,akshare,上证指数,sh000001
2019-08-28,2901.627,2905.435,2887.012,2893.756,18309790300,akshare,上证指数,sh000001
2019-08-29,2895.999,2898.605,2878.588,2890.919,17861308200,akshare,上证指数,sh000001
2019-08-30,2907.383,2914.577,2874.103,2886.237,19395995100,akshare,上证指数,sh000001
2019-09-02,2886.942,2928.479,2883.682,2924.106,20278680700,akshare,上证指数,sh000001
2019-09-03,2925.942,2930.154,2915.197,2930.154,18900121600,akshare,上证指数,sh000001
2019-09-04,2927.747,2957.412,2925.883,2957.412,22549590700,akshare,上证指数,sh000001
2019-09-05,2972.662,3015.844,2972.662,2985.865,30543870600,akshare,上证指数,sh000001
2019-09-06,2996.622,2999.943,2981.598,2999.601,21682603500,akshare,上证指数,sh000001
2019-09-09,3023.778,3026.24,3005.695,3024.739,24337775200,akshare,上证指数,sh000001
2019-09-10,3027.41,3027.41,3005.383,3021.202,24001294700,akshare,上证指数,sh000001
2019-09-11,3029.933,3030.557,3004.215,3008.812,22983736200,akshare,上证指数,sh000001
2019-09-12,3016.627,3033.473,3005.195,3031.235,19696870100,akshare,上证指数,sh000001
2019-09-16,3041.922,3042.928,3020.05,3030.754,22187895900,akshare,上证指数,sh000001
2019-09-17,3023.711,3023.711,2970.57,2978.118,22333806100,akshare,上证指数,sh000001
2019-09-18,2984.084,2996.402,2982.4,2985.659,16804669900,akshare,上证指数,sh000001
2019-09-19,2992.922,2999.279,2975.398,2999.279,16269061500,akshare,上证指数,sh000001
2019-09-20,3004.814,3011.34,2996.193,3006.447,18214530200,akshare,上证指数,sh000001
2019-09-23,2998.4,2998.4,2960.827,2977.077,16813945000,akshare,上证指数,sh000001
2019-09-24,2979.475,3002.897,2973.76,2985.341,16390276100,akshare,上证指数,sh000001
2019-09-25,2977.668,2977.668,2955.433,2955.433,16854313500,akshare,上证指数,sh000001
2019-09-26,2964.478,2970.035,2928.259,2929.088,18893254100,akshare,上证指数,sh000001
2019-09-27,2929.486,2939.079,2920.93,2932.167,13290577700,akshare,上证指数,sh000001
2019-09-30,2927.917,2936.482,2905.189,2905.189,11664681100,akshare,上证指数,sh000001
2019-10-08,2905.756,2933.016,2905.756,2913.57,12553581200,akshare,上证指数,sh000001
2019-10-09,2902.075,2924.857,2891.539,2924.857,13042414400,akshare,上证指数,sh000001
2019-10-10,2923.707,2949.24,2918.228,2947.711,13423975200,akshare,上证指数,sh000001
2019-10-11,2954.819,2980.788,2943.014,2973.656,16120374600,akshare,上证指数,sh000001
2019-10-14,2993.962,3026.383,2989.813,3007.883,20861480200,akshare,上证指数,sh000001
2019-10-15,3005.665,3005.665,2986.303,2991.046,15537690400,akshare,上证指数,sh000001
2019-10-16,2992.61,3010.424,2975.923,2978.712,14988549600,akshare,上证指数,sh000001
2019-10-17,2979.993,2986.719,2969.568,2977.334,12252761400,akshare,上证指数,sh000001
2019-10-18,2982.342,2987.204,2933.242,2938.141,14999067800,akshare,上证指数,sh000001
2019-10-21,2933.897,2940.325,2917.688,2939.618,13247510700,akshare,上证指数,sh000001
2019-10-22,2945.6,2954.642,2934.387,2954.38,11748204800,akshare,上证指数,sh000001
2019-10-23,2952.969,2957.3,2934.627,2941.619,12381288100,akshare,上证指数,sh000001
2019-10-24,2944.007,2953.044,2927.061,2940.922,12654029000,akshare,上证指数,sh000001
2019-10-25,2940.474,2958.241,2920.52,2954.933,13686070600,akshare,上证指数,sh000001
2019-10-28,2958.686,2980.128,2956.961,2980.05,17373148100,akshare,上证指数,sh000001
2019-10-29,2979.037,2979.037,2954.176,2954.176,16611005800,akshare,上证指数,sh000001
2019-10-30,2949.463,2953.299,2934.828,2939.321,15879811000,akshare,上证指数,sh000001
2019-10-31,2944.843,2946.752,2923.517,2929.056,16157148300,akshare,上证指数,sh000001
2019-11-01,2924.34,2959.833,2917.146,2958.199,15990737300,akshare,上证指数,sh000001
2019-11-04,2964.576,2983.058,2964.576,2975.492,16724836400,akshare,上证指数,sh000001
2019-11-05,2977.705,3008.314,2968.032,2991.562,17989159300,akshare,上证指数,sh000001
2019-11-06,2992.04,2995.563,2969.724,2978.596,16526354700,akshare,上证指数,sh000001
2019-11-07,2978.153,2988.955,2969.12,2978.714,13695267800,akshare,上证指数,sh000001
2019-11-08,2993.977,2998.759,2962.845,2964.185,14974210700,akshare,上证指数,sh000001
2019-11-11,2949.962,2949.962,2906.769,2909.975,15791610500,akshare,上证指数,sh000001
2019-11-12,2912.996,2918.303,2891.511,2914.823,12972915400,akshare,上证指数,sh000001
2019-11-13,2913.02,2913.861,2893.971,2905.241,12976584100,akshare,上证指数,sh000001
2019-11-14,2907.736,2917.374,2899.619,2909.87,12914544800,akshare,上证指数,sh000001
2019-11-15,2911.35,2917.829,2891.204,2891.343,13551946300,akshare,上证指数,sh000001
2019-11-18,2889.55,2911.378,2884.088,2909.2,12443317700,akshare,上证指数,sh000001
2019-11-19,2904.278,2933.991,2902.855,2933.991,13541760400,akshare,上证指数,sh000001
2019-11-20,2928.107,2930.493,2907.423,2911.053,13735753000,akshare,上证指数,sh000001
2019-11-21,2902.553,2910.361,2891.531,2903.638,12345860700,akshare,上证指数,sh000001
2019-11-22,2906.243,2925.018,2873.99,2885.288,15862336500,akshare,上证指数,sh000001
2019-11-25,2885.613,2906.609,2880.654,2906.169,17858742900,akshare,上证指数,sh000001
2019-11-26,2912.521,2915.041,2897.928,2907.06,17000466300,akshare,上证指数,sh000001
2019-11-27,2905.396,2914.487,2893.418,2903.195,13386220500,akshare,上证指数,sh000001
2019-11-28,2902.364,2909.84,2883.434,2889.693,11952246800,akshare,上证指数,sh000001
2019-11-29,2885.974,2892.388,2858.581,2871.981,12261296800,akshare,上证指数,sh000001
2019-12-02,2874.448,2888.89,2870.242,2875.807,12875580600,akshare,上证指数,sh000001
2019-12-03,2869.882,2884.856,2857.32,2884.699,12377874200,akshare,上证指数,sh000001
2019-12-04,2876.908,2882.498,2869.422,2878.116,12554365300,akshare,上证指数,sh000001
2019-12-05,2886.516,2902.002,2885.08,2899.469,14316309600,akshare,上证指数,sh000001
2019-12-06,2902.278,2912.014,2894.751,2912.014,13412887800,akshare,上证指数,sh000001
2019-12-09,2914.458,2919.589,2905.25,2914.478,16079652700,akshare,上证指数,sh000001
2019-12-10,2908.944,2919.201,2902.79,2917.316,17012399800,akshare,上证指数,sh000001
2019-12-11,2922.602,2928.256,2915.001,2924.417,16554108700,akshare,上证指数,sh000001
2019-12-12,2926.342,2926.342,2913.476,2915.698,15176080400,akshare,上证指数,sh000001
2019-12-13,2937.776,2969.981,2935.849,2967.676,21197858500,akshare,上证指数,sh000001
2019-12-16,2970.969,2984.641,2958.706,2984.393,21186211900,akshare,上证指数,sh000001
2019-12-17,2985.262,3039.383,2982.496,3022.422,29303225400,akshare,上证指数,sh000001
2019-12-18,3021.466,3033.234,3011.721,3017.044,24408969100,akshare,上证指数,sh000001
2019-12-19,3017.153,3021.418,3007.992,3017.066,20862426400,akshare,上证指数,sh000001
2019-12-20,3019.64,3027.484,3002.26,3004.938,21507575500,akshare,上证指数,sh000001
2019-12-23,2999.036,3009.338,2960.435,2962.751,20571661700,akshare,上证指数,sh000001
2019-12-24,2965.826,2983.819,2960.684,2982.681,16303025000,akshare,上证指数,sh000001
2019-12-25,2980.428,2988.292,2970.657,2981.881,17565402800,akshare,上证指数,sh000001
2019-12-26,2981.249,3007.355,2980.397,3007.355,18244042600,akshare,上证指数,sh000001
2019-12-27,3006.852,3036.113,3003.631,3005.036,24710277900,akshare,上证指数,sh000001
2019-12-30,2998.169,3041.397,2983.344,3040.024,24806653000,akshare,上证指数,sh000001
2019-12-31,3036.386,3051.677,3030.512,3050.124,21742902200,akshare,上证指数,sh000001
2020-01-02,3066.336,3098.1,3066.336,3085.198,29247020800,akshare,上证指数,sh000001
2020-01-03,3089.022,3093.819,3074.518,3083.786,26149666700,akshare,上证指数,sh000001
2020-01-06,3070.909,3107.203,3065.309,3083.408,31257584200,akshare,上证指数,sh000001
2020-01-07,3085.488,3105.451,3084.329,3104.802,27658311100,akshare,上证指数,sh000001
2020-01-08,3094.239,3094.239,3059.131,3066.893,29787255300,akshare,上证指数,sh000001
2020-01-09,3082.64,3097.329,3080.131,3094.882,24343564900,akshare,上证指数,sh000001
2020-01-10,3102.294,3105.225,3081.396,3092.291,21044246200,akshare,上证指数,sh000001
2020-01-13,3091.493,3115.57,3075.384,3115.57,21062100400,akshare,上证指数,sh000001
2020-01-14,3120.667,3127.169,3105.605,3106.82,22997376900,akshare,上证指数,sh000001
2020-01-15,3103.175,3107.943,3082.043,3090.038,20231302300,akshare,上证指数,sh000001
2020-01-16,3095.734,3096.372,3070.884,3074.081,20337547500,akshare,上证指数,sh000001
2020-01-17,3081.464,3091.952,3067.253,3075.496,19030429900,akshare,上证指数,sh000001
2020-01-20,3082.113,3096.311,3070.48,3095.787,21049334100,akshare,上证指数,sh000001
2020-01-21,3085.79,3085.79,3051.23,3052.142,23483073900,akshare,上证指数,sh000001
2020-01-22,3038.487,3069.253,3006.268,3060.755,22385286500,akshare,上证指数,sh000001
2020-01-23,3037.952,3045.041,2955.346,2976.528,27276323400,akshare,上证指数,sh000001
2020-02-03,2716.698,2766.577,2716.698,2746.606,21591210300,akshare,上证指数,sh000001
2020-02-04,2685.269,2786.164,2685.269,2783.288,36404620000,akshare,上证指数,sh000001
2020-02-05,2792.371,2842.743,2778.864,2818.088,30976182300,akshare,上证指数,sh000001
2020-02-06,2826.885,2876.588,2807.609,2866.51,31639214200,akshare,上证指数,sh000001
2020-02-07,2858.932,2875.964,2838.77,2875.964,30947964200,akshare,上证指数,sh000001
2020-02-10,2860.499,2891.848,2851.05,2890.488,29492978400,akshare,上证指数,sh000001
2020-02-11,2894.541,2913.816,2882.243,2901.674,26916833500,akshare,上证指数,sh000001
2020-02-12,2895.556,2926.899,2892.424,2926.899,24873342900,akshare,上证指数,sh000001
2020-02-13,2927.144,2935.406,2901.243,2906.074,27480484400,akshare,上证指数,sh000001
2020-02-14,2899.866,2926.943,2899.574,2917.008,25065062700,akshare,上证指数,sh000001
2020-02-17,2924.991,2983.637,2924.991,2983.622,31319800700,akshare,上证指数,sh000001
2020-02-18,2981.41,2990.6,2960.775,2984.972,31166591300,akshare,上证指数,sh000001
2020-02-19,2979.522,2998.272,2971.822,2975.402,31514115100,akshare,上证指数,sh000001
2020-02-20,2981.88,3031.371,2968.445,3030.154,34573288100,akshare,上证指数,sh000001
2020-02-21,3022.246,3058.898,3020.141,3039.669,36455727600,akshare,上证指数,sh000001
2020-02-24,3027.893,3042.182,3007.356,3031.233,37043004400,akshare,上证指数,sh000001
2020-02-25,2982.07,3016.946,2943.717,3013.05,44162276200,akshare,上证指数,sh000001
2020-02-26,2978.42,3028.779,2974.942,2987.929,46904955200,akshare,上证指数,sh000001
2020-02-27,2992.492,3009.458,2980.477,2991.329,35052365800,akshare,上证指数,sh000001
2020-02-28,2924.641,2948.126,2878.544,2880.304,40121691400,akshare,上证指数,sh000001
2020-03-02,2899.31,2982.507,2899.31,2970.931,36733336900,akshare,上证指数,sh000001
2020-03-03,3006.889,3026.842,2976.623,2992.897,41010804700,akshare,上证指数,sh000001
2020-03-04,2981.806,3012.004,2974.358,3011.666,35333827800,akshare,上证指数,sh000001
2020-03-05,3036.155,3074.257,3022.926,3071.677,44542580600,akshare,上证指数,sh000001
2020-03-06,3039.94,3052.444,3029.463,3034.511,36206153300,akshare,上证指数,sh000001
2020-03-09,2987.181,2989.205,2940.714,2943.291,41456073600,akshare,上证指数,sh000001
2020-03-10,2918.935,3000.296,2904.799,2996.762,39329664800,akshare,上证指数,sh000001
2020-03-11,3001.762,3010.029,2968.517,2968.517,35247097000,akshare,上证指数,sh000001
2020-03-12,2936.016,2944.465,2906.284,2923.486,30777845700,akshare,上证指数,sh000001
2020-03-13,2804.232,2910.881,2799.984,2887.427,36645043600,akshare,上证指数,sh000001
2020-03-16,2897.301,2898.035,2784.662,2789.254,35187866500,akshare,上证指数,sh000001
2020-03-17,2796.284,2826.907,2715.221,2779.641,30614967700,akshare,上证指数,sh000001
2020-03-18,2792.322,2815.874,2728.756,2728.756,29115985200,akshare,上证指数,sh000001
2020-03-19,2719.406,2736.82,2646.805,2702.13,30230274700,akshare,上证指数,sh000001
2020-03-20,2727.019,2751.896,2702.493,2745.618,25201950700,akshare,上证指数,sh000001
2020-03-23,2677.591,2703.33,2656.501,2660.167,24982025000,akshare,上证指数,sh000001
2020-03-24,2703.019,2723.407,2667.133,2722.438,25702193000,akshare,上证指数,sh000001
2020-03-25,2775.303,2788.635,2757.802,2781.591,27314446600,akshare,上证指数,sh000001
2020-03-26,2761.896,2788.504,2753.428,2764.911,23408402200,akshare,上证指数,sh000001
2020-03-27,2792.984,2805.548,2771.756,2772.203,24076406600,akshare,上证指数,sh000001
2020-03-30,2739.719,2759.099,2723.054,2747.214,23970660400,akshare,上证指数,sh000001
2020-03-31,2767.307,2771.168,2743.115,2750.296,21859867400,akshare,上证指数,sh000001
2020-04-01,2743.541,2773.364,2731.079,2734.522,21725342700,akshare,上证指数,sh000001
2020-04-02,2720.228,2780.638,2719.904,2780.638,21786460000,akshare,上证指数,sh000001
2020-04-03,2773.576,2780.587,2754.073,2763.987,20083740400,akshare,上证指数,sh000001
2020-04-07,2806.968,2823.277,2801.839,2820.763,27019818600,akshare,上证指数,sh000001
2020-04-08,2805.917,2823.214,2800.296,2815.369,24351530500,akshare,上证指数,sh000001
2020-04-09,2825.839,2832.395,2820.433,2825.904,23818484300,akshare,上证指数,sh000001
2020-04-10,2827.187,2833.015,2789.976,2796.631,23345476800,akshare,上证指数,sh000001
2020-04-13,2784.598,2792.891,2774.081,2783.048,17712455400,akshare,上证指数,sh000001
2020-04-14,2794.801,2827.298,2789.428,2827.283,20269656900,akshare,上证指数,sh000001
2020-04-15,2826.662,2829.75,2808.704,2811.174,20562114600,akshare,上证指数,sh000001
2020-04-16,2798.43,2823.338,2796.839,2819.935,20300377300,akshare,上证指数,sh000001
2020-04-17,2835.558,2854.96,2830.022,2838.495,24573675000,akshare,上证指数,sh000001
2020-04-20,2840.409,2852.99,2833.262,2852.553,21184707800,akshare,上证指数,sh000001
2020-04-21,2842.237,2842.237,2808.021,2827.013,23323587000,akshare,上证指数,sh000001
2020-04-22,2814.066,2843.98,2808.482,2843.98,21732000000,akshare,上证指数,sh000001
2020-04-23,2850.51,2853.636,2835.896,2838.499,24877903700,akshare,上证指数,sh000001
2020-04-24,2834.939,2834.939,2802.499,2808.529,23518507600,akshare,上证指数,sh000001
2020-04-27,2812.242,2832.666,2802.958,2815.495,21013098100,akshare,上证指数,sh000001
2020-04-28,2819.991,2821.745,2758.246,2810.024,25387274500,akshare,上证指数,sh000001
2020-04-29,2801.383,2831.764,2800.738,2822.442,20206180700,akshare,上证指数,sh000001
2020-04-30,2832.384,2865.59,2832.384,2860.082,24245527800,akshare,上证指数,sh000001
2020-05-06,2831.633,2879.263,2830.654,2878.14,24982661600,akshare,上证指数,sh000001
2020-05-07,2876.473,2882.022,2864.581,2871.523,22673695700,akshare,上证指数,sh000001
2020-05-08,2882.708,2903.797,2879.203,2895.344,22682207500,akshare,上证指数,sh000001
2020-05-11,2901.574,2914.284,2884.381,2894.802,22512041000,akshare,上证指数,sh000001
2020-05-12,2894.617,2897.902,2871.23,2891.556,19708298500,akshare,上证指数,sh000001
2020-05-13,2882.955,2900.259,2875.535,2898.05,18506131000,akshare,上证指数,sh000001
2020-05-14,2887.058,2887.058,2869.183,2870.342,19777620200,akshare,上证指数,sh000001
2020-05-15,2880.707,2884.22,2863.37,2868.459,18898359200,akshare,上证指数,sh000001
2020-05-18,2872.524,2889.98,2862.271,2875.418,22602288200,akshare,上证指数,sh000001
2020-05-19,2897.687,2900.219,2887.577,2898.576,19722240500,akshare,上证指数,sh000001
2020-05-20,2896.466,2896.466,2876.177,2883.738,21051998500,akshare,上证指数,sh000001
2020-05-21,2890.721,2891.518,2864.207,2867.924,20353203800,akshare,上证指数,sh000001
2020-05-22,2863.046,2863.046,2808.018,2813.765,20906371200,akshare,上证指数,sh000001
2020-05-25,2816.241,2821.498,2802.465,2817.97,17288555700,akshare,上证指数,sh000001
2020-05-26,2827.897,2848.337,2825.901,2846.547,17456236900,akshare,上证指数,sh000001
2020-05-27,2847.32,2848.997,2831.928,2836.804,19814934300,akshare,上证指数,sh000001
2020-05-28,2838.207,2861.924,2820.146,2846.222,20754601900,akshare,上证指数,sh000001
2020-05-29,2835.584,2855.376,2829.627,2852.351,20679280400,akshare,上证指数,sh000001
2020-06-01,2871.964,2917.151,2871.964,2915.431,26019605000,akshare,上证指数,sh000001
2020-06-02,2916.317,2926.359,2909.128,2921.398,25610804900,akshare,上证指数,sh000001
2020-06-03,2930.391,2942.76,2922.661,2923.371,25566398000,akshare,上证指数,sh000001
2020-06-04,2931.838,2932.968,2910.752,2919.251,22660587300,akshare,上证指数,sh000001
2020-06-05,2923.189,2930.799,2909.118,2930.799,21736067300,akshare,上证指数,sh000001
2020-06-08,2941.982,2950.066,2934.21,2937.771,23112436000,akshare,上证指数,sh000001
2020-06-09,2939.535,2957.119,2932.939,2956.112,20904858500,akshare,上证指数,sh000001
2020-06-10,2951.278,2951.33,2934.843,2943.753,20792596900,akshare,上证指数,sh000001
2020-06-11,2939.791,2952.651,2912.193,2920.897,23372294700,akshare,上证指数,sh000001
2020-06-12,2876.803,2930.255,2872.617,2919.741,23600864200,akshare,上证指数,sh000001
2020-06-15,2908.277,2922.536,2890.031,2890.031,24320504600,akshare,上证指数,sh000001
2020-06-16,2912.825,2931.779,2909.134,2931.749,22331306500,akshare,上证指数,sh000001
2020-06-17,2932.671,2936.616,2919.035,2935.873,23465439100,akshare,上证指数,sh000001
2020-06-18,2929.88,2942.898,2920.105,2939.315,25869137700,akshare,上证指数,sh000001
2020-06-19,2938.789,2973.316,2935.824,2967.634,26431396100,akshare,上证指数,sh000001
2020-06-22,2966.901,2983.438,2959.035,2965.272,26788383400,akshare,上证指数,sh000001
2020-06-23,2960.888,2972.403,2949.847,2970.62,22521220800,akshare,上证指数,sh000001
2020-06-24,2972.983,2982.943,2971.224,2979.551,21320073200,akshare,上证指数,sh000001
2020-06-29,2973.076,2977.912,2951.77,2961.516,22062272900,akshare,上证指数,sh000001
2020-06-30,2965.105,2990.825,2965.105,2984.674,21495721400,akshare,上证指数,sh000001
2020-07-01,2991.181,3026.186,2984.984,3025.981,27331314000,akshare,上证指数,sh000001
2020-07-02,3023.719,3092.443,3021.674,3090.569,39112799600,akshare,上证指数,sh000001
2020-07-03,3103.995,3152.813,3103.995,3152.813,45879385100,akshare,上证指数,sh000001
2020-07-06,3187.839,3337.272,3187.839,3332.881,64387890600,akshare,上证指数,sh000001
2020-07-07,3380.954,3407.081,3336.242,3345.337,65784015900,akshare,上证指数,sh000001
2020-07-08,3337.552,3421.531,3327.706,3403.44,58708168500,akshare,上证指数,sh000001
2020-07-09,3403.483,3456.972,3393.638,3450.594,62000182300,akshare,上证指数,sh000001
2020-07-10,3418.935,3433.109,3372.507,3383.322,55612001100,akshare,上证指数,sh000001
2020-07-13,3379.387,3458.791,3369.038,3443.286,55800687500,akshare,上证指数,sh000001
2020-07-14,3435.024,3451.222,3366.083,3414.619,54321149200,akshare,上证指数,sh000001
2020-07-15,3422.078,3432.451,3345.749,3361.304,49203054200,akshare,上证指数,sh000001
2020-07-16,3356.359,3373.532,3209.727,3210.099,49061312300,akshare,上证指数,sh000001
2020-07-17,3214.402,3252.779,3181.275,3214.129,35965241300,akshare,上证指数,sh000001
2020-07-20,3243.911,3314.149,3220.684,3314.149,41855530600,akshare,上证指数,sh000001
2020-07-21,3330.547,3336.679,3300.572,3320.895,35925202900,akshare,上证指数,sh000001
2020-07-22,3315.182,3381.976,3311.786,3333.164,39333533500,akshare,上证指数,sh000001
2020-07-23,3306.149,3336.3,3257.827,3325.11,40704249900,akshare,上证指数,sh000001
2020-07-24,3310.645,3319.127,3184.965,3196.768,42705402600,akshare,上证指数,sh000001
2020-07-27,3210.386,3221.985,3174.658,3205.227,29931902100,akshare,上证指数,sh000001
2020-07-28,3226.133,3245.297,3208.494,3227.96,28937786100,akshare,上证指数,sh000001
2020-07-29,3221.988,3294.552,3209.99,3294.552,32492406200,akshare,上证指数,sh000001
2020-07-30,3299.572,3312.451,3282.162,3286.822,34070412100,akshare,上证指数,sh000001
2020-07-31,3280.796,3333.786,3261.614,3310.007,35375897900,akshare,上证指数,sh000001
2020-08-03,3332.183,3368.103,3327.677,3367.966,40746086700,akshare,上证指数,sh000001
2020-08-04,3376.44,3391.074,3352.502,3371.688,44232855100,akshare,上证指数,sh000001
2020-08-05,3363.332,3383.637,3333.877,3377.565,38582302700,akshare,上证指数,sh000001
2020-08-06,3380.762,3392.705,3334.334,3386.463,41530251000,akshare,上证指数,sh000001
2020-08-07,3370.588,3374.133,3307.713,3354.035,40392963300,akshare,上证指数,sh000001
2020-08-10,3341.528,3399.932,3335.043,3379.252,38137963000,akshare,上证指数,sh000001
2020-08-11,3379.487,3409.059,3336.095,3340.29,40045270600,akshare,上证指数,sh000001
2020-08-12,3327.493,3335.729,3263.265,3319.266,37832895900,akshare,上证指数,sh000001
2020-08-13,3328.175,3338.152,3309.463,3320.726,32429127800,akshare,上证指数,sh000001
2020-08-14,3315.669,3362.027,3302.736,3360.099,30599837600,akshare,上证指数,sh000001
2020-08-17,3373.902,3450.899,3369.374,3438.801,43459826000,akshare,上证指数,sh000001
2020-08-18,3441.934,3456.721,3432.64,3451.089,38072927500,akshare,上证指数,sh000001
2020-08-19,3444.565,3454.461,3406.164,3408.129,40572221400,akshare,上证指数,sh000001
2020-08-20,3385.965,3394.557,3352.777,3363.899,33560098200,akshare,上证指数,sh000001
2020-08-21,3380.227,3393.918,3358.001,3380.683,28748834000,akshare,上证指数,sh000001
2020-08-24,3391.113,3396.566,3368.026,3385.638,26622784100,akshare,上证指数,sh000001
2020-08-25,3392.88,3408.87,3364.16,3373.578,27711342100,akshare,上证指数,sh000001
2020-08-26,3371.808,3382.603,3320.136,3329.739,29445103600,akshare,上证指数,sh000001
2020-08-27,3333.491,3351.832,3312.986,3350.113,23709935300,akshare,上证指数,sh000001
2020-08-28,3346.289,3405.877,3339.649,3403.807,27132554900,akshare,上证指数,sh000001
2020-08-31,3416.55,3442.736,3395.468,3395.678,32347389000,akshare,上证指数,sh000001
2020-09-01,3389.742,3410.607,3381.711,3410.607,24699924900,akshare,上证指数,sh000001
2020-09-02,3420.469,3421.396,3377.211,3404.802,26154631900,akshare,上证指数,sh000001
2020-09-03,3404.032,3425.629,3374.263,3384.981,25534627900,akshare,上证指数,sh000001
2020-09-04,3336.408,3360.106,3328.552,3355.367,22163655000,akshare,上证指数,sh000001
2020-09-07,3349.918,3368.245,3285.633,3292.591,26061656700,akshare,上证指数,sh000001
2020-09-08,3301.217,3324.393,3276.443,3316.417,27106627800,akshare,上证指数,sh000001
2020-09-09,3280.997,3289.615,3238.561,3254.628,35150974700,akshare,上证指数,sh000001
2020-09-10,3282.232,3285.473,3227.644,3234.823,31247280400,akshare,上证指数,sh000001
2020-09-11,3225.784,3262.498,3220.536,3260.346,22169883000,akshare,上证指数,sh000001
2020-09-14,3275.918,3283.533,3261.148,3278.814,21392413700,akshare,上证指数,sh000001
2020-09-15,3277.128,3297.69,3263.752,3295.68,19768440000,akshare,上证指数,sh000001
2020-09-16,3293.168,3302.456,3271.075,3283.924,20044336400,akshare,上证指数,sh000001
2020-09-17,3277.324,3290.409,3248.499,3270.435,20293197200,akshare,上证指数,sh000001
2020-09-18,3270.911,3338.324,3268.526,3338.09,25626078800,akshare,上证指数,sh000001
2020-09-21,3348.899,3350.589,3313.071,3316.935,21650309300,akshare,上证指数,sh000001
2020-09-22,3290.666,3320.228,3265.703,3274.302,21401506500,akshare,上证指数,sh000001
2020-09-23,3278.836,3289.762,3264.891,3279.711,16917806800,akshare,上证指数,sh000001
2020-09-24,3262.879,3265.345,3221.237,3223.176,20673601100,akshare,上证指数,sh000001
2020-09-25,3234.374,3239.466,3208.035,3219.418,16482241900,akshare,上证指数,sh000001
2020-09-28,3224.977,3238.183,3210.893,3217.535,15598278300,akshare,上证指数,sh000001
2020-09-29,3231.855,3242.794,3219.79,3224.359,15134987000,akshare,上证指数,sh000001
2020-09-30,3232.71,3244.913,3202.344,3218.052,15350445700,akshare,上证指数,sh000001
2020-10-09,3262.611,3280.512,3260.187,3272.076,18832564800,akshare,上证指数,sh000001
2020-10-12,3287.328,3359.153,3286.111,3358.465,25962240800,akshare,上证指数,sh000001
2020-10-13,3353.121,3361.832,3334.499,3359.75,20492610300,akshare,上证指数,sh000001
2020-10-14,3353.625,3353.625,3332.964,3340.778,19865938200,akshare,上证指数,sh000001
2020-10-15,3342.922,3354.578,3330.001,3332.183,19103128200,akshare,上证指数,sh000001
2020-10-16,3334.457,3348.954,3319.11,3336.358,19429542100,akshare,上证指数,sh000001
2020-10-19,3351.096,3371.086,3307.841,3312.667,21230354000,akshare,上证指数,sh000001
2020-10-20,3307.15,3328.103,3293.766,3328.103,16508476200,akshare,上证指数,sh000001
2020-10-21,3332.147,3332.147,3304.169,3325.025,17763211500,akshare,上证指数,sh000001
2020-10-22,3315.821,3320.879,3281.366,3312.501,16594998700,akshare,上证指数,sh000001
2020-10-23,3308.158,3326.049,3276.62,3277.997,17420898200,akshare,上证指数,sh000001
2020-10-26,3258.703,3264.446,3226.602,3251.119,16773179500,akshare,上证指数,sh000001
2020-10-27,3240.74,3258.337,3235.544,3254.316,14911556600,akshare,上证指数,sh000001
2020-10-28,3256.223,3275.871,3238.382,3269.238,17318196500,akshare,上证指数,sh000001
2020-10-29,3235.765,3289.766,3231.124,3272.727,18470358900,akshare,上证指数,sh000001
2020-10-30,3278.631,3279.856,3219.422,3224.533,23018880300,akshare,上证指数,sh000001
2020-11-02,3228.715,3242.804,3209.909,3225.12,22677913700,akshare,上证指数,sh000001
2020-11-03,3239.806,3278.381,3237.854,3271.074,21529786400,akshare,上证指数,sh000001
2020-11-04,3273.433,3286.621,3254.111,3277.44,18851412800,akshare,上证指数,sh000001
2020-11-05,3305.58,3320.408,3291.6,3320.133,22680146200,akshare,上证指数,sh000001
2020-11-06,3326.465,3326.465,3292.151,3312.159,23486413200,akshare,上证指数,sh000001
2020-11-09,3329.429,3380.824,3329.429,3373.734,31021977100,akshare,上证指数,sh000001
2020-11-10,3387.622,3387.622,3346.172,3360.149,27870111300,akshare,上证指数,sh000001
2020-11-11,3354.025,3365.836,3339.041,3342.203,27120465300,akshare,上证指数,sh000001
2020-11-12,3344.456,3350.285,3329.485,3338.679,21650130900,akshare,上证指数,sh000001
2020-11-13,3327.229,3327.229,3291.643,3310.105,22789836400,akshare,上证指数,sh000001
2020-11-16,3325.621,3346.969,3313.647,3346.969,27959376100,akshare,上证指数,sh000001
2020-11-17,3347.151,3347.698,3323.951,3339.895,28363247900,akshare,上证指数,sh000001
2020-11-18,3337.332,3358.894,3333.992,3347.303,28753125900,akshare,上证指数,sh000001
2020-11-19,3339.086,3367.333,3330.45,3363.088,25326299200,akshare,上证指数,sh000001
2020-11-20,3359.597,3380.149,3356.309,3377.727,26127121900,akshare,上证指数,sh000001
2020-11-23,3384.104,3431.653,3377.986,3414.49,37387204700,akshare,上证指数,sh000001
2020-11-24,3407.409,3413.926,3396.244,3402.823,30099414400,akshare,上证指数,sh000001
2020-11-25,3417.515,3423.485,3362.327,3362.327,32211020700,akshare,上证指数,sh000001
2020-11-26,3360.061,3371.454,3344.282,3369.733,25588682200,akshare,上证指数,sh000001
2020-11-27,3373.843,3408.307,3364.492,3408.307,28064989400,akshare,上证指数,sh000001
2020-11-30,3418.158,3456.737,3391.755,3391.755,38498996800,akshare,上证指数,sh000001
2020-12-01,3388.987,3457.635,3386.911,3451.938,31618898000,akshare,上证指数,sh000001
2020-12-02,3453.518,3465.729,3435.871,3449.381,31281111400,akshare,上证指数,sh000001
2020-12-03,3448.54,3452.161,3428.804,3442.136,29845993000,akshare,上证指数,sh000001
2020-12-04,3436.729,3448.404,3417.048,3444.581,25627670500,akshare,上证指数,sh000001
2020-12-07,3446.648,3449.578,3414.314,3416.604,25452250800,akshare,上证指数,sh000001
2020-12-08,3417.694,3428.662,3403.026,3410.177,22690732800,akshare,上证指数,sh000001
2020-12-09,3416.078,3422.536,3371.916,3371.964,26074742400,akshare,上证指数,sh000001
2020-12-10,3365.731,3384.888,3357.753,3373.276,24730830400,akshare,上证指数,sh000001
2020-12-11,3381.008,3383.178,3325.172,3347.191,29861715800,akshare,上证指数,sh000001
2020-12-14,3349.534,3371.129,3338.626,3369.12,23980792600,akshare,上证指数,sh000001
2020-12-15,3366.581,3373.558,3348.419,3367.233,22566740200,akshare,上证指数,sh000001
2020-12-16,3371.263,3378.663,3359.171,3366.983,22081397600,akshare,上证指数,sh000001
2020-12-17,3367.277,3406.155,3354.011,3404.873,27546363100,akshare,上证指数,sh000001
2020-12-18,3400.486,3413.813,3382.751,3394.896,28099264100,akshare,上证指数,sh000001
2020-12-21,3394.395,3423.609,3381.116,3420.569,28375979400,akshare,上证指数,sh000001
2020-12-22,3410.968,3415.754,3353.858,3356.782,32303765400,akshare,上证指数,sh000001
2020-12-23,3362.472,3394.209,3360.202,3382.32,29952352700,akshare,上证指数,sh000001
2020-12-24,3382.193,3394.075,3354.022,3363.113,27504445000,akshare,上证指数,sh000001
2020-12-25,3351.79,3397.007,3348.345,3396.563,29454689500,akshare,上证指数,sh000001
2020-12-28,3396.359,3412.519,3383.654,3397.285,31618154200,akshare,上证指数,sh000001
2020-12-29,3399.294,3407.088,3376.088,3379.036,31176918500,akshare,上证指数,sh000001
2020-12-30,3375.009,3414.454,3374.416,3414.453,29102354300,akshare,上证指数,sh000001
2020-12-31,3419.727,3474.918,3419.727,3473.069,33567392600,akshare,上证指数,sh000001
2021-01-04,3474.679,3511.655,3457.206,3502.958,38079080000,akshare,上证指数,sh000001
2021-01-05,3492.191,3528.677,3484.715,3528.677,40799593400,akshare,上证指数,sh000001
2021-01-06,3530.907,3556.802,3513.126,3550.877,37023092600,akshare,上证指数,sh000001
2021-01-07,3552.909,3576.205,3526.617,3576.205,40534822600,akshare,上证指数,sh000001
2021-01-08,3577.692,3588.063,3544.891,3570.108,34555789600,akshare,上证指数,sh000001
2021-01-11,3571.321,3597.702,3516.986,3531.498,36247915400,akshare,上证指数,sh000001
2021-01-12,3518.011,3608.339,3517.469,3608.339,32340615300,akshare,上证指数,sh000001
2021-01-13,3613.281,3622.348,3575.595,3598.652,38812779100,akshare,上证指数,sh000001
2021-01-14,3584.932,3599.058,3559.6,3565.905,34766681900,akshare,上证指数,sh000001
2021-01-15,3566.285,3589.266,3533.788,3566.378,32461274400,akshare,上证指数,sh000001
2021-01-18,3554.798,3608.767,3544.261,3596.224,30165256500,akshare,上证指数,sh000001
2021-01-19,3596.356,3603.148,3553.024,3566.381,32343954100,akshare,上证指数,sh000001
2021-01-20,3564.121,3589.962,3556.443,3583.092,27227166100,akshare,上证指数,sh000001
2021-01-21,3590.925,3636.244,3585.802,3621.264,32746699500,akshare,上证指数,sh000001
2021-01-22,3616.54,3616.54,3585.034,3606.75,32446308400,akshare,上证指数,sh000001
2021-01-25,3605.361,3637.1,3591.02,3624.238,32734107000,akshare,上证指数,sh000001
2021-01-26,3610.969,3610.969,3564.742,3569.429,27813988400,akshare,上证指数,sh000001
2021-01-27,3567.549,3578.797,3546.492,3573.341,26410716100,akshare,上证指数,sh000001
2021-01-28,3534.669,3549.544,3496.879,3505.176,27086246100,akshare,上证指数,sh000001
2021-01-29,3521.718,3531.598,3446.547,3483.069,29366266400,akshare,上证指数,sh000001
2021-02-01,3477.172,3506.389,3469.875,3505.284,27756790100,akshare,上证指数,sh000001
2021-02-02,3510.808,3535.502,3495.568,3533.685,26454063000,akshare,上证指数,sh000001
2021-02-03,3531.149,3544.009,3508.507,3517.308,29735171600,akshare,上证指数,sh000001
2021-02-04,3503.779,3524.722,3465.771,3501.859,29883485400,akshare,上证指数,sh000001
2021-02-05,3509.487,3536.542,3492.962,3496.333,29014617400,akshare,上证指数,sh000001
2021-02-08,3504.563,3542.208,3492.129,3532.447,24979961900,akshare,上证指数,sh000001
2021-02-09,3539.773,3604.011,3528.676,3603.489,25382176000,akshare,上证指数,sh000001
2021-02-10,3612.613,3662.766,3612.505,3655.088,25794082400,akshare,上证指数,sh000001
2021-02-18,3721.087,3731.687,3663.664,3675.357,34030906500,akshare,上证指数,sh000001
2021-02-19,3661.783,3699.65,3634.015,3696.168,36105980400,akshare,上证指数,sh000001
2021-02-22,3707.191,3717.267,3642.445,3642.445,48882147800,akshare,上证指数,sh000001
2021-02-23,3617.701,3672.151,3617.701,3636.357,39887317400,akshare,上证指数,sh000001
2021-02-24,3638.936,3645.647,3531.594,3564.08,36215895200,akshare,上证指数,sh000001
2021-02-25,3595.542,3608.557,3568.474,3585.046,36623229900,akshare,上证指数,sh000001
2021-02-26,3514.565,3550.406,3500.704,3509.08,33328006700,akshare,上证指数,sh000001
2021-03-01,3531.48,3552.567,3511.989,3551.4,31548752600,akshare,上证指数,sh000001
2021-03-02,3566.852,3566.852,3485.364,3508.591,33983048600,akshare,上证指数,sh000001
2021-03-03,3500.158,3577.622,3498.719,3576.905,34765684600,akshare,上证指数,sh000001
2021-03-04,3546.641,3552.202,3487.376,3503.492,39361612000,akshare,上证指数,sh000001
2021-03-05,3463.309,3523.568,3456.667,3501.987,35640922300,akshare,上证指数,sh000001
2021-03-08,3524.983,3542.304,3421.215,3421.414,38704795400,akshare,上证指数,sh000001
2021-03-09,3415.339,3429.15,3328.312,3359.292,40765253900,akshare,上证指数,sh000001
2021-03-10,3389.839,3397.025,3354.823,3357.737,29974916600,akshare,上证指数,sh000001
2021-03-11,3369.902,3436.831,3369.902,3436.831,32211204400,akshare,上证指数,sh000001
2021-03-12,3447.203,3454.506,3417.239,3453.078,35802703500,akshare,上证指数,sh000001
2021-03-15,3441.882,3457.489,3392.509,3419.946,36781329300,akshare,上证指数,sh000001
2021-03-16,3424.652,3448.883,3406.175,3446.733,31666874700,akshare,上证指数,sh000001
2021-03-17,3435.732,3454.056,3410.282,3445.551,28005981800,akshare,上证指数,sh000001
2021-03-18,3449.641,3478.145,3449.377,3463.068,28440389100,akshare,上证指数,sh000001
2021-03-19,3423.873,3439.524,3389.293,3404.663,30916171600,akshare,上证指数,sh000001
2021-03-22,3406.123,3443.66,3404.234,3443.439,31255908400,akshare,上证指数,sh000001
2021-03-23,3445.341,3445.416,3390.048,3411.509,32638940900,akshare,上证指数,sh000001
2021-03-24,3394.128,3415.295,3362.185,3367.061,31739869700,akshare,上证指数,sh000001
2021-03-25,3355.071,3382.226,3344.97,3363.592,27067609700,akshare,上证指数,sh000001
2021-03-26,3373.317,3423.223,3373.317,3418.327,27461498700,akshare,上证指数,sh000001
2021-03-29,3429.632,3449.834,3409.887,3435.296,28482424300,akshare,上证指数,sh000001
2021-03-30,3432.529,3457.635,3423.315,3456.677,28542308100,akshare,上证指数,sh000001
2021-03-31,3452.208,3452.208,3420.832,3441.912,28304926100,akshare,上证指数,sh000001
2021-04-01,3444.81,3470.031,3438.826,3466.332,27524429500,akshare,上证指数,sh000001
2021-04-02,3472.628,3487.586,3462.832,3484.392,26265487300,akshare,上证指数,sh000001
2021-04-06,3491.634,3493.281,3471.761,3482.967,23474667100,akshare,上证指数,sh000001
2021-04-07,3483.421,3483.421,3453.195,3479.626,29578697800,akshare,上证指数,sh000001
2021-04-08,3467.487,3495.909,3459.325,3482.555,33175532900,akshare,上证指数,sh000001
2021-04-09,3475.443,3475.447,3442.139,3450.677,28008519600,akshare,上证指数,sh000001
2021-04-12,3445.97,3456.158,3403.901,3412.948,30957723900,akshare,上证指数,sh000001
2021-04-13,3411.293,3425.395,3387.902,3396.47,27062605400,akshare,上证指数,sh000001
2021-04-14,3397.021,3420.028,3392.975,3416.721,23324232700,akshare,上证指数,sh000001
2021-04-15,3409.614,3409.614,3373.094,3398.988,23400505400,akshare,上证指数,sh000001
2021-04-16,3407.188,3432.629,3394.134,3426.618,25857967200,akshare,上证指数,sh000001
2021-04-19,3427.548,3479.01,3414.356,3477.549,30273581900,akshare,上证指数,sh000001
2021-04-20,3467.148,3494.298,3463.464,3472.943,28530008200,akshare,上证指数,sh000001
2021-04-21,3456.299,3481.251,3450.111,3472.93,25377785900,akshare,上证指数,sh000001
2021-04-22,3482.833,3485.359,3456.316,3465.114,25111451000,akshare,上证指数,sh000001
2021-04-23,3462.086,3482.359,3456.333,3474.166,24936043300,akshare,上证指数,sh000001
2021-04-26,3484.107,3497.121,3438.572,3441.166,27697077100,akshare,上证指数,sh000001
2021-04-27,3440.091,3443.854,3417.265,3442.611,25303239300,akshare,上证指数,sh000001
2021-04-28,3432.161,3457.068,3423.325,3457.068,24738112000,akshare,上证指数,sh000001
2021-04-29,3458.082,3478.228,3447.588,3474.901,27663138700,akshare,上证指数,sh000001
2021-04-30,3468.302,3469.087,3426.902,3446.856,31266035400,akshare,上证指数,sh000001
2021-05-06,3446.074,3471.24,3426.849,3441.283,31042419200,akshare,上证指数,sh000001
2021-05-07,3446.407,3457.892,3416.776,3418.874,35378538900,akshare,上证指数,sh000001
2021-05-10,3423.59,3429.736,3401.935,3427.991,37417088400,akshare,上证指数,sh000001
2021-05-11,3406.598,3448.096,3384.697,3441.845,35093411200,akshare,上证指数,sh000001
2021-05-12,3429.754,3466.371,3428.394,3462.751,31144454700,akshare,上证指数,sh000001
2021-05-13,3432.138,3448.017,3418.385,3429.536,31932532700,akshare,上证指数,sh000001
2021-05-14,3436.092,3490.644,3422.565,3490.376,33698230900,akshare,上证指数,sh000001
2021-05-17,3490.409,3530.506,3490.144,3517.616,32213596900,akshare,上证指数,sh000001
2021-05-18,3520.649,3529.014,3510.862,3529.014,27130855800,akshare,上证指数,sh000001
2021-05-19,3521.11,3521.11,3503.815,3510.965,27832111700,akshare,上证指数,sh000001
2021-05-20,3500.877,3517.74,3486.066,3506.944,32600933300,akshare,上证指数,sh000001
2021-05-21,3510.835,3518.377,3479.674,3486.557,28382628500,akshare,上证指数,sh000001
2021-05-24,3486.271,3498.304,3469.875,3497.282,28950924200,akshare,上证指数,sh000001
2021-05-25,3502.539,3584.577,3502.443,3581.342,34124112700,akshare,上证指数,sh000001
2021-05-26,3586.839,3603.488,3585.37,3593.357,34198028800,akshare,上证指数,sh000001
2021-05-27,3585.734,3626.358,3579.26,3608.851,30955148600,akshare,上证指数,sh000001
2021-05-28,3610.767,3622.18,3582.358,3600.784,34920883000,akshare,上证指数,sh000001
2021-05-31,3600.07,3615.657,3580.652,3615.477,33152377000,akshare,上证指数,sh000001
2021-06-01,3608.598,3626.074,3581.912,3624.714,35281141300,akshare,上证指数,sh000001
2021-06-02,3626.328,3629.29,3584.596,3597.138,34855842000,akshare,上证指数,sh000001
2021-06-03,3595.422,3618.507,3584.205,3584.212,35423303100,akshare,上证指数,sh000001
2021-06-04,3565.472,3618.8,3561.891,3591.845,33089303800,akshare,上证指数,sh000001
2021-06-07,3597.141,3600.376,3581.899,3599.541,30371867700,akshare,上证指数,sh000001
2021-06-08,3598.753,3621.523,3563.25,3580.106,30449147000,akshare,上证指数,sh000001
2021-06-09,3576.802,3598.708,3572.636,3591.397,29832329600,akshare,上证指数,sh000001
2021-06-10,3587.528,3624.343,3584.133,3610.859,31817480800,akshare,上证指数,sh000001
2021-06-11,3614.113,3614.404,3587.149,3589.748,36055497000,akshare,上证指数,sh000001
2021-06-15,3587.466,3592.947,3547.187,3556.559,34916856600,akshare,上证指数,sh000001
2021-06-16,3556.714,3561.092,3513.559,3518.329,31259730600,akshare,上证指数,sh000001
2021-06-17,3508.317,3534.198,3507.354,3525.604,27722991800,akshare,上证指数,sh000001
2021-06-18,3520.497,3535.622,3503.183,3525.097,29670858500,akshare,上证指数,sh000001
2021-06-21,3515.501,3540.296,3504.008,3529.183,28089827700,akshare,上证指数,sh000001
2021-06-22,3539.788,3560.195,3536.812,3557.412,30753639900,akshare,上证指数,sh000001
2021-06-23,3559.399,3577.466,3549.848,3566.22,31070951800,akshare,上证指数,sh000001
2021-06-24,3568.576,3570.487,3548.816,3566.654,33544075400,akshare,上证指数,sh000001
2021-06-25,3567.377,3614.298,3564.52,3607.562,34608783200,akshare,上证指数,sh000001
2021-06-28,3612.247,3614.357,3594.217,3606.372,32127497400,akshare,上证指数,sh000001
2021-06-29,3601.677,3601.827,3570.525,3573.178,30607117800,akshare,上证指数,sh000001
2021-06-30,3572.624,3594.119,3569.501,3591.197,26816281800,akshare,上证指数,sh000001
2021-07-01,3600.546,3607.705,3573.937,3588.782,29188319200,akshare,上证指数,sh000001
2021-07-02,3569.892,3569.892,3514.339,3518.76,29194554800,akshare,上证指数,sh000001
2021-07-05,3516.923,3534.322,3510.578,3534.322,28809483700,akshare,上证指数,sh000001
2021-07-06,3533.13,3538.347,3496.928,3530.259,31407021100,akshare,上证指数,sh000001
2021-07-07,3508.59,3557.879,3504.472,3553.716,31883918900,akshare,上证指数,sh000001
2021-07-08,3557.218,3558.677,3521.058,3525.504,35087785700,akshare,上证指数,sh000001
2021-07-09,3512.233,3529.31,3485.054,3524.088,34988431700,akshare,上证指数,sh000001
2021-07-12,3545.198,3565.032,3527.393,3547.836,40363955800,akshare,上证指数,sh000001
2021-07-13,3547.59,3567.481,3542.815,3566.523,36241671100,akshare,上证指数,sh000001
2021-07-14,3560.828,3560.828,3525.494,3528.501,37222172200,akshare,上证指数,sh000001
2021-07-15,3519.063,3565.935,3514.258,3564.59,36325916400,akshare,上证指数,sh000001
2021-07-16,3559.526,3565.999,3537.729,3539.304,36601477900,akshare,上证指数,sh000001
2021-07-19,3530.493,3544.879,3506.342,3539.123,33676094600,akshare,上证指数,sh000001
2021-07-20,3515.072,3538.636,3509.192,3536.791,29378059400,akshare,上证指数,sh000001
2021-07-21,3543.053,3569.09,3543.053,3562.661,33897874800,akshare,上证指数,sh000001
2021-07-22,3563.661,3576.473,3558.293,3574.734,38106705400,akshare,上证指数,sh000001
2021-07-23,3571.715,3571.854,3541.51,3550.396,44642124600,akshare,上证指数,sh000001
2021-07-26,3538.014,3538.014,3424.742,3467.441,44288220300,akshare,上证指数,sh000001
2021-07-27,3467.447,3483.874,3380.276,3381.183,46907544300,akshare,上证指数,sh000001
2021-07-28,3355.819,3385.536,3312.721,3361.59,39582541900,akshare,上证指数,sh000001
2021-07-29,3403.838,3416.607,3382.571,3411.724,34456942800,akshare,上证指数,sh000001
2021-07-30,3398.196,3404.881,3370.451,3397.357,38144095600,akshare,上证指数,sh000001
2021-08-02,3385.69,3464.291,3367.643,3464.285,43292787100,akshare,上证指数,sh000001
2021-08-03,3446.784,3470.657,3435.462,3447.991,40069808100,akshare,上证指数,sh000001
2021-08-04,3442.937,3477.597,3440.784,3477.219,34874421800,akshare,上证指数,sh000001
2021-08-05,3461.719,3486.157,3449.389,3466.549,34843692200,akshare,上证指数,sh000001
2021-08-06,3465.484,3466.39,3436.932,3458.228,33682440000,akshare,上证指数,sh000001
2021-08-09,3441.75,3502.841,3438.703,3494.635,34991009400,akshare,上证指数,sh000001
2021-08-10,3488.664,3529.931,3477.064,3529.931,34511299200,akshare,上证指数,sh000001
2021-08-11,3527.109,3544.094,3524.044,3532.621,38378355400,akshare,上证指数,sh000001
2021-08-12,3522.724,3538.396,3513.446,3524.737,38107459300,akshare,上证指数,sh000001
2021-08-13,3514.467,3540.08,3500.8,3516.299,37818728200,akshare,上证指数,sh000001
2021-08-16,3514.345,3537.85,3510.898,3517.345,39109972100,akshare,上证指数,sh000001
2021-08-17,3512.109,3531.725,3438.123,3446.976,42288580400,akshare,上证指数,sh000001
2021-08-18,3442.347,3487.436,3437.691,3485.286,38920375600,akshare,上证指数,sh000001
2021-08-19,3475.298,3480.46,3446.015,3465.555,38238303100,akshare,上证指数,sh000001
2021-08-20,3442.506,3453.153,3394.972,3427.334,39113691800,akshare,上证指数,sh000001
2021-08-23,3436.796,3481.254,3436.671,3477.132,38472744000,akshare,上证指数,sh000001
2021-08-24,3482.266,3522.697,3481.141,3514.471,43023646300,akshare,上证指数,sh000001
2021-08-25,3517.915,3540.395,3510.066,3540.384,45004701900,akshare,上证指数,sh000001
2021-08-26,3537.314,3537.316,3499.453,3501.664,50290314700,akshare,上证指数,sh000001
2021-08-27,3494.418,3530.193,3493.375,3522.157,45534590600,akshare,上证指数,sh000001
2021-08-30,3535.073,3539.494,3512.993,3528.151,51278571600,akshare,上证指数,sh000001
2021-08-31,3519.025,3543.94,3496.389,3543.94,52420505600,akshare,上证指数,sh000001
2021-09-01,3543.866,3582.324,3514.674,3567.101,66727630500,akshare,上证指数,sh000001
2021-09-02,3559.903,3597.366,3557.677,3597.043,57268403900,akshare,上证指数,sh000001
2021-09-03,3602.742,3613.948,3569.399,3581.734,61453235300,akshare,上证指数,sh000001
2021-09-06,3580.141,3626.287,3580.141,3621.859,52171327600,akshare,上证指数,sh000001
2021-09-07,3621.71,3681.925,3615.144,3676.587,54772187500,akshare,上证指数,sh000001
2021-09-08,3673.402,3695.32,3661.0,3675.187,58643619300,akshare,上证指数,sh000001
2021-09-09,3666.825,3693.45,3662.163,3693.13,60481033000,akshare,上证指数,sh000001
2021-09-10,3691.186,3722.873,3681.642,3703.11,63520043300,akshare,上证指数,sh000001
2021-09-13,3699.253,3716.832,3692.816,3715.372,55748401900,akshare,上证指数,sh000001
2021-09-14,3709.634,3723.845,3655.634,3662.602,56495238600,akshare,上证指数,sh000001
2021-09-15,3651.158,3677.527,3638.323,3656.223,47497000100,akshare,上证指数,sh000001
2021-09-16,3664.841,3677.92,3606.728,3607.092,54674147400,akshare,上证指数,sh000001
2021-09-17,3595.272,3620.958,3569.271,3613.966,51685021000,akshare,上证指数,sh000001
2021-09-22,3563.207,3629.454,3560.503,3628.49,47229605300,akshare,上证指数,sh000001
2021-09-23,3651.266,3670.954,3632.282,3642.22,53499548600,akshare,上证指数,sh000001
2021-09-24,3637.868,3651.429,3607.792,3613.067,50730477200,akshare,上证指数,sh000001
2021-09-27,3625.96,3640.808,3559.915,3582.831,51080279500,akshare,上证指数,sh000001
2021-09-28,3577.886,3610.917,3568.819,3602.218,44416880700,akshare,上证指数,sh000001
2021-09-29,3573.518,3573.518,3518.048,3536.294,45251115100,akshare,上证指数,sh000001
2021-09-30,3541.928,3572.426,3541.928,3568.167,39562962600,akshare,上证指数,sh000001
2021-10-08,3609.087,3612.554,3571.734,3592.167,40716114800,akshare,上证指数,sh000001
2021-10-11,3600.357,3614.699,3586.749,3591.709,39436115900,akshare,上证指数,sh000001
2021-10-12,3581.297,3583.639,3515.141,3546.936,40539374800,akshare,上证指数,sh000001
2021-10-13,3543.492,3569.133,3515.648,3561.762,32505066700,akshare,上证指数,sh000001
2021-10-14,3555.109,3569.686,3547.182,3558.28,29496919600,akshare,上证指数,sh000001
2021-10-15,3551.987,3578.766,3542.693,3572.366,32029298400,akshare,上证指数,sh000001
2021-10-18,3571.048,3571.048,3539.478,3568.138,34095061600,akshare,上证指数,sh000001
2021-10-19,3562.296,3596.788,3560.622,3593.153,33419765200,akshare,上证指数,sh000001
2021-10-20,3583.236,3596.05,3574.296,3587.001,34424500800,akshare,上证指数,sh000001
2021-10-21,3590.05,3610.96,3576.355,3594.783,35231086700,akshare,上证指数,sh000001
2021-10-22,3594.746,3607.578,3578.76,3582.604,35315720300,akshare,上证指数,sh000001
2021-10-25,3574.263,3611.091,3564.206,3609.863,32119681600,akshare,上证指数,sh000001
2021-10-26,3612.833,3625.016,3589.706,3597.638,33727829100,akshare,上证指数,sh000001
2021-10-27,3589.857,3589.857,3553.128,3562.305,35062094000,akshare,上证指数,sh000001
2021-10-28,3548.702,3552.042,3509.487,3518.417,37817166600,akshare,上证指数,sh000001
2021-10-29,3519.328,3547.336,3502.801,3547.336,35880937700,akshare,上证指数,sh000001
2021-11-01,3530.396,3556.59,3519.29,3544.48,38225132500,akshare,上证指数,sh000001
2021-11-02,3543.383,3559.048,3477.664,3505.628,41756317300,akshare,上证指数,sh000001
2021-11-03,3501.105,3512.609,3480.488,3498.537,30660766900,akshare,上证指数,sh000001
2021-11-04,3505.894,3527.952,3503.006,3526.866,31944082900,akshare,上证指数,sh000001
2021-11-05,3520.207,3525.872,3491.457,3491.568,35453356500,akshare,上证指数,sh000001
2021-11-08,3491.971,3507.274,3484.24,3498.631,29818372200,akshare,上证指数,sh000001
2021-11-09,3507.108,3514.951,3489.043,3507.002,28731598900,akshare,上证指数,sh000001
2021-11-10,3498.945,3498.945,3448.438,3492.462,30703070800,akshare,上证指数,sh000001
2021-11-11,3486.451,3534.199,3482.829,3532.786,32208795700,akshare,上证指数,sh000001
2021-11-12,3534.151,3543.648,3527.39,3539.1,30868335400,akshare,上证指数,sh000001
2021-11-15,3542.903,3550.444,3521.292,3533.303,31301761200,akshare,上证指数,sh000001
2021-11-16,3530.458,3549.765,3517.807,3521.787,31039990900,akshare,上证指数,sh000001
2021-11-17,3518.565,3537.513,3513.523,3537.366,27673567100,akshare,上证指数,sh000001
2021-11-18,3531.492,3537.976,3513.114,3520.711,31242692700,akshare,上证指数,sh000001
2021-11-19,3519.276,3561.913,3517.651,3560.373,31798997600,akshare,上证指数,sh000001
2021-11-22,3562.763,3585.188,3562.751,3582.08,33000938500,akshare,上证指数,sh000001
2021-11-23,3580.506,3598.375,3577.361,3589.089,36001159300,akshare,上证指数,sh000001
2021-11-24,3590.019,3602.735,3575.288,3592.703,33677524600,akshare,上证指数,sh000001
2021-11-25,3593.388,3597.148,3579.533,3584.179,30645151800,akshare,上证指数,sh000001
2021-11-26,3576.114,3576.114,3554.88,3564.089,30100006600,akshare,上证指数,sh000001
2021-11-29,3528.672,3563.677,3526.355,3562.697,33361833100,akshare,上证指数,sh000001
2021-11-30,3570.747,3582.115,3546.362,3563.887,34918793800,akshare,上证指数,sh000001
2021-12-01,3561.886,3576.885,3558.691,3576.885,32987351700,akshare,上证指数,sh000001
2021-12-02,3573.247,3586.867,3567.137,3573.836,35404152400,akshare,上证指数,sh000001
2021-12-03,3576.45,3608.47,3573.214,3607.432,37755104800,akshare,上证指数,sh000001
2021-12-06,3615.236,3626.126,3586.805,3589.306,41867674300,akshare,上证指数,sh000001
2021-12-07,3611.217,3614.223,3572.569,3595.088,40384259400,akshare,上证指数,sh000001
2021-12-08,3602.824,3637.715,3591.986,3637.568,36103665700,akshare,上证指数,sh000001
2021-12-09,3641.158,3688.397,3638.702,3673.041,43191815700,akshare,上证指数,sh000001
2021-12-10,3654.368,3667.855,3651.353,3666.348,41998880100,akshare,上证指数,sh000001
2021-12-13,3686.937,3708.942,3678.058,3681.082,42409200900,akshare,上证指数,sh000001
2021-12-14,3669.807,3671.678,3654.656,3661.525,36217193400,akshare,上证指数,sh000001
2021-12-15,3655.049,3668.402,3645.243,3647.63,37747766700,akshare,上证指数,sh000001
2021-12-16,3648.927,3675.016,3644.665,3675.016,38132950700,akshare,上证指数,sh000001
2021-12-17,3670.258,3673.654,3631.661,3632.364,40848783700,akshare,上证指数,sh000001
2021-12-20,3620.037,3643.954,3589.36,3593.602,42385141000,akshare,上证指数,sh000001
2021-12-21,3591.452,3627.088,3591.452,3625.125,40818434800,akshare,上证指数,sh000001
2021-12-22,3632.676,3635.899,3616.548,3622.618,39482517700,akshare,上证指数,sh000001
2021-12-23,3625.47,3643.546,3618.048,3643.339,38292573400,akshare,上证指数,sh000001
2021-12-24,3645.395,3648.956,3612.067,3618.054,39034762500,akshare,上证指数,sh000001
2021-12-27,3613.047,3632.188,3601.935,3615.974,32923529300,akshare,上证指数,sh000001
2021-12-28,3619.642,3631.077,3607.364,3630.112,31620224200,akshare,上证指数,sh000001
2021-12-29,3630.916,3630.916,3596.323,3597.0,30513176600,akshare,上证指数,sh000001
2021-12-30,3596.492,3628.918,3595.496,3619.189,30783929100,akshare,上证指数,sh000001
2021-12-31,3626.242,3642.843,3624.942,3639.775,32968193200,akshare,上证指数,sh000001
2022-01-04,3649.151,3651.892,3610.092,3632.329,40502776900,akshare,上证指数,sh000001
2022-01-05,3628.263,3628.263,3583.467,3595.176,42390202800,akshare,上证指数,sh000001
2022-01-06,3581.218,3594.489,3559.88,3586.079,37154054300,akshare,上证指数,sh000001
2022-01-07,3588.985,3607.232,3577.098,3579.543,43630696100,akshare,上证指数,sh000001
2022-01-10,3572.743,3593.519,3555.126,3593.519,35622261000,akshare,上证指数,sh000001
2022-01-11,3589.904,3602.145,3562.754,3567.441,35976186300,akshare,上证指数,sh000001
2022-01-12,3578.163,3599.499,3572.097,3597.432,34313295600,akshare,上证指数,sh000001
2022-01-13,3601.027,3601.073,3555.158,3555.259,36936836500,akshare,上证指数,sh000001
2022-01-14,3544.065,3548.42,3519.322,3521.256,37693702400,akshare,上证指数,sh000001
2022-01-17,3522.085,3546.085,3519.426,3541.666,31288673300,akshare,上证指数,sh000001
2022-01-18,3541.89,3579.313,3531.33,3569.914,37714643500,akshare,上证指数,sh000001
2022-01-19,3567.631,3578.735,3541.662,3558.18,33323526900,akshare,上证指数,sh000001
2022-01-20,3556.226,3576.259,3540.555,3555.063,37950984600,akshare,上证指数,sh000001
2022-01-21,3546.75,3547.0,3514.885,3522.568,32653488000,akshare,上证指数,sh000001
2022-01-24,3508.244,3531.608,3500.139,3524.105,28026834200,akshare,上证指数,sh000001
2022-01-25,3509.285,3519.833,3433.061,3433.061,32735381300,akshare,上证指数,sh000001
2022-01-26,3442.692,3462.123,3417.759,3455.668,27512282800,akshare,上证指数,sh000001
2022-01-27,3456.102,3456.363,3392.015,3394.247,28060653400,akshare,上证指数,sh000001
2022-01-28,3407.593,3417.045,3356.556,3361.44,29085525700,akshare,上证指数,sh000001
2022-02-07,3407.762,3434.026,3407.762,3429.581,32048521100,akshare,上证指数,sh000001
2022-02-08,3428.542,3453.186,3390.458,3452.629,36609386500,akshare,上证指数,sh000001
2022-02-09,3450.818,3484.739,3444.085,3479.946,35024993600,akshare,上证指数,sh000001
2022-02-10,3481.91,3488.855,3464.217,3485.907,35566626700,akshare,上证指数,sh000001
2022-02-11,3472.276,3500.147,3459.33,3462.948,36135609000,akshare,上证指数,sh000001
2022-02-14,3451.847,3457.265,3415.446,3428.882,31527444800,akshare,上证指数,sh000001
2022-02-15,3428.045,3447.492,3421.64,3446.089,27555932200,akshare,上证指数,sh000001
2022-02-16,3457.073,3475.058,3453.801,3465.831,27499391300,akshare,上证指数,sh000001
2022-02-17,3464.209,3480.972,3454.277,3468.035,29726268200,akshare,上证指数,sh000001
2022-02-18,3451.632,3490.757,3447.027,3490.757,29514996300,akshare,上证指数,sh000001
2022-02-21,3488.406,3492.199,3471.686,3490.612,30154174000,akshare,上证指数,sh000001
2022-02-22,3473.287,3473.393,3437.672,3457.146,32627948400,akshare,上证指数,sh000001
2022-02-23,3458.514,3490.763,3458.18,3489.147,32560489500,akshare,上证指数,sh000001
2022-02-24,3474.369,3486.977,3400.214,3429.956,48835490100,akshare,上证指数,sh000001
2022-02-25,3445.336,3480.176,3440.934,3451.406,37754255600,akshare,上证指数,sh000001
2022-02-28,3450.316,3462.306,3425.516,3462.306,34583838800,akshare,上证指数,sh000001
2022-03-01,3471.365,3491.132,3465.715,3488.835,32600166200,akshare,上证指数,sh000001
2022-03-02,3478.293,3486.621,3467.0,3484.192,32936768400,akshare,上证指数,sh000001
2022-03-03,3495.928,3500.287,3473.338,3481.113,41259428900,akshare,上证指数,sh000001
2022-03-04,3459.985,3474.882,3437.696,3447.649,39352658100,akshare,上证指数,sh000001
2022-03-07,3438.56,3438.56,3360.739,3372.855,39358899900,akshare,上证指数,sh000001
2022-03-08,3372.555,3383.633,3287.341,3293.53,41592676600,akshare,上证指数,sh000001
2022-03-09,3303.706,3321.481,3147.677,3256.388,46628556900,akshare,上证指数,sh000001
2022-03-10,3312.179,3326.583,3291.235,3296.092,37833637600,akshare,上证指数,sh000001
2022-03-11,3259.323,3315.66,3217.419,3309.747,38406712700,akshare,上证指数,sh000001
2022-03-14,3271.89,3297.797,3223.533,3223.533,33796868700,akshare,上证指数,sh000001
2022-03-15,3192.364,3196.916,3063.965,3063.965,46503716400,akshare,上证指数,sh000001
2022-03-16,3107.669,3177.788,3023.305,3170.71,44466718900,akshare,上证指数,sh000001
2022-03-17,3215.011,3260.167,3202.934,3215.045,42081345800,akshare,上证指数,sh000001
2022-03-18,3207.152,3260.783,3197.358,3251.072,37303561100,akshare,上证指数,sh000001
2022-03-21,3255.615,3267.498,3223.389,3253.686,35422848800,akshare,上证指数,sh000001
2022-03-22,3249.543,3279.113,3239.532,3259.862,36119615800,akshare,上证指数,sh000001
2022-03-23,3264.792,3279.887,3251.982,3271.033,34987537000,akshare,上证指数,sh000001
2022-03-24,3256.057,3266.887,3236.659,3250.264,32900665400,akshare,上证指数,sh000001
2022-03-25,3247.157,3257.106,3211.645,3212.24,34002000600,akshare,上证指数,sh000001
2022-03-28,3185.167,3230.215,3159.835,3214.503,34499487300,akshare,上证指数,sh000001
2022-03-29,3216.012,3229.177,3196.455,3203.939,31627364900,akshare,上证指数,sh000001
2022-03-30,3217.592,3266.596,3216.302,3266.596,36675367700,akshare,上证指数,sh000001
2022-03-31,3256.137,3272.04,3246.063,3252.203,39843993400,akshare,上证指数,sh000001
2022-04-01,3234.668,3287.229,3226.297,3282.717,37821046000,akshare,上证指数,sh000001
2022-04-06,3269.427,3288.108,3255.689,3283.426,42964277900,akshare,上证指数,sh000001
2022-04-07,3267.81,3290.256,3236.479,3236.695,40262666000,akshare,上证指数,sh000001
2022-04-08,3239.877,3257.094,3208.352,3251.85,41382679900,akshare,上证指数,sh000001
2022-04-11,3239.855,3239.855,3156.507,3167.126,42416018500,akshare,上证指数,sh000001
2022-04-12,3165.12,3214.536,3140.9,3213.33,41832192300,akshare,上证指数,sh000001
2022-04-13,3199.797,3225.467,3183.533,3186.824,39115692500,akshare,上证指数,sh000001
2022-04-14,3203.634,3240.001,3200.235,3225.641,37124234400,akshare,上证指数,sh000001
2022-04-15,3210.7,3229.866,3200.133,3211.245,40784208200,akshare,上证指数,sh000001
2022-04-18,3185.943,3204.027,3166.978,3195.524,34736512300,akshare,上证指数,sh000001
2022-04-19,3192.092,3207.828,3174.714,3194.029,33994410400,akshare,上证指数,sh000001
2022-04-20,3189.891,3191.832,3142.049,3151.05,36204703700,akshare,上证指数,sh000001
2022-04-21,3138.428,3160.899,3069.681,3079.808,39193469400,akshare,上证指数,sh000001
2022-04-22,3058.404,3105.655,3049.356,3086.919,34200056300,akshare,上证指数,sh000001
2022-04-25,3034.267,3043.816,2928.51,2928.512,43360610800,akshare,上证指数,sh000001
2022-04-26,2930.453,2957.68,2878.256,2886.426,40161515400,akshare,上证指数,sh000001
2022-04-27,2866.816,2959.178,2863.65,2958.282,42306019100,akshare,上证指数,sh000001
2022-04-28,2945.811,2991.51,2936.794,2975.485,37537177500,akshare,上证指数,sh000001
2022-04-29,2986.061,3048.494,2968.334,3047.062,42393279400,akshare,上证指数,sh000001
2022-05-05,3044.849,3082.23,3042.116,3067.759,38307287500,akshare,上证指数,sh000001
2022-05-06,3011.319,3030.693,2992.715,3001.561,34326421800,akshare,上证指数,sh000001
2022-05-09,2990.199,3015.943,2983.612,3004.141,29206155600,akshare,上证指数,sh000001
2022-05-10,2965.776,3043.779,2957.397,3035.844,37066098000,akshare,上证指数,sh000001
2022-05-11,3035.389,3100.9,3034.675,3058.703,42399191200,akshare,上证指数,sh000001
2022-05-12,3044.8,3072.157,3032.945,3054.994,34444047700,akshare,上证指数,sh000001
2022-05-13,3068.033,3086.096,3059.253,3084.285,33173785200,akshare,上证指数,sh000001
2022-05-16,3100.55,3102.577,3063.398,3073.749,33810849200,akshare,上证指数,sh000001
2022-05-17,3076.498,3093.697,3057.641,3093.697,33035653700,akshare,上证指数,sh000001
2022-05-18,3095.886,3105.842,3071.305,3085.977,31503792300,akshare,上证指数,sh000001
2022-05-19,3046.71,3096.965,3042.674,3096.965,33660074900,akshare,上证指数,sh000001
2022-05-20,3107.094,3146.567,3107.094,3146.567,37233663600,akshare,上证指数,sh000001
2022-05-23,3150.49,3150.509,3127.899,3146.857,35337632500,akshare,上证指数,sh000001
2022-05-24,3149.059,3153.13,3070.927,3070.927,41631215800,akshare,上证指数,sh000001
2022-05-25,3070.17,3107.628,3069.946,3107.464,34225922700,akshare,上证指数,sh000001
2022-05-26,3111.482,3133.277,3079.481,3123.108,37030551800,akshare,上证指数,sh000001
2022-05-27,3135.032,3151.047,3112.544,3130.239,35946386600,akshare,上证指数,sh000001
2022-05-30,3141.956,3150.892,3123.15,3149.061,34936228500,akshare,上证指数,sh000001
2022-05-31,3149.944,3188.603,3142.004,3186.427,37452326500,akshare,上证指数,sh000001
2022-06-01,3179.695,3190.609,3160.04,3182.157,36566443200,akshare,上证指数,sh000001
2022-06-02,3170.306,3197.282,3163.756,3195.458,36177063200,akshare,上证指数,sh000001
2022-06-06,3196.955,3237.071,3181.647,3236.372,42202783500,akshare,上证指数,sh000001
2022-06-07,3235.416,3253.093,3222.635,3241.764,40220322000,akshare,上证指数,sh000001
2022-06-08,3245.017,3266.63,3216.015,3263.793,43418327000,akshare,上证指数,sh000001
2022-06-09,3259.49,3270.557,3223.475,3238.954,42272837200,akshare,上证指数,sh000001
2022-06-10,3214.185,3286.62,3210.808,3284.834,43986573000,akshare,上证指数,sh000001
2022-06-13,3256.275,3272.991,3229.309,3255.551,43857831200,akshare,上证指数,sh000001
2022-06-14,3224.214,3289.134,3195.819,3288.907,45038818700,akshare,上证指数,sh000001
2022-06-15,3289.104,3358.545,3288.851,3305.407,55058413100,akshare,上证指数,sh000001
2022-06-16,3306.835,3319.689,3277.531,3285.385,43322086800,akshare,上证指数,sh000001
2022-06-17,3265.512,3323.28,3262.894,3316.786,39530070000,akshare,上证指数,sh000001
2022-06-20,3315.783,3333.903,3292.928,3315.43,41346041000,akshare,上证指数,sh000001
2022-06-21,3313.787,3329.39,3279.827,3306.719,39445689100,akshare,上证指数,sh000001
2022-06-22,3309.118,3311.021,3266.543,3267.202,37552978200,akshare,上证指数,sh000001
2022-06-23,3269.055,3320.149,3262.294,3320.149,40061421100,akshare,上证指数,sh000001
2022-06-24,3324.736,3356.715,3322.95,3349.747,39081973400,akshare,上证指数,sh000001
2022-06-27,3364.003,3393.309,3364.003,3379.185,41411773800,akshare,上证指数,sh000001
2022-06-28,3377.679,3412.102,3358.867,3409.21,41205651600,akshare,上证指数,sh000001
2022-06-29,3399.678,3414.647,3358.468,3361.518,44057355900,akshare,上证指数,sh000001
2022-06-30,3358.934,3417.009,3358.934,3398.616,38124317800,akshare,上证指数,sh000001
2022-07-01,3400.262,3404.052,3378.362,3387.637,35048929900,akshare,上证指数,sh000001
2022-07-04,3381.819,3405.619,3364.095,3405.427,35773791900,akshare,上证指数,sh000001
2022-07-05,3411.13,3424.837,3372.062,3404.025,41169967200,akshare,上证指数,sh000001
2022-07-06,3391.027,3391.027,3333.097,3355.35,38463004700,akshare,上证指数,sh000001
2022-07-07,3353.128,3375.86,3332.309,3364.398,33440020200,akshare,上证指数,sh000001
2022-07-08,3380.369,3386.315,3354.121,3356.078,32292107200,akshare,上证指数,sh000001
2022-07-11,3341.102,3341.102,3297.005,3313.584,34266919300,akshare,上证指数,sh000001
2022-07-12,3307.221,3319.251,3277.079,3281.467,33460053900,akshare,上证指数,sh000001
2022-07-13,3279.603,3297.019,3266.481,3284.292,33184566900,akshare,上证指数,sh000001
2022-07-14,3277.455,3299.251,3261.493,3281.744,35592643200,akshare,上证指数,sh000001
2022-07-15,3261.383,3288.92,3228.061,3228.061,38015637100,akshare,上证指数,sh000001
2022-07-18,3235.088,3278.472,3226.232,3278.103,34834602200,akshare,上证指数,sh000001
2022-07-19,3278.722,3283.93,3256.015,3279.431,31565191800,akshare,上证指数,sh000001
2022-07-20,3291.551,3308.347,3287.744,3304.724,30151512300,akshare,上证指数,sh000001
2022-07-21,3297.661,3300.535,3272.001,3272.001,33235870700,akshare,上证指数,sh000001
2022-07-22,3276.197,3293.644,3246.731,3269.974,30069006600,akshare,上证指数,sh000001
2022-07-25,3269.707,3273.184,3243.031,3250.388,27124574400,akshare,上证指数,sh000001
2022-07-26,3254.185,3282.413,3246.044,3277.436,25946867600,akshare,上证指数,sh000001
2022-07-27,3271.783,3282.574,3265.727,3275.755,24913148500,akshare,上证指数,sh000001
2022-07-28,3287.502,3305.706,3277.108,3282.576,28805505600,akshare,上证指数,sh000001
2022-07-29,3282.811,3294.805,3246.368,3253.238,30733104700,akshare,上证指数,sh000001
2022-08-01,3246.616,3264.304,3225.553,3259.959,29220480500,akshare,上证指数,sh000001
2022-08-02,3231.262,3231.262,3155.187,3186.266,39417616800,akshare,上证指数,sh000001
2022-08-03,3188.891,3217.55,3159.457,3163.674,32488567300,akshare,上证指数,sh000001
2022-08-04,3179.428,3190.999,3155.704,3189.039,26089894300,akshare,上证指数,sh000001
2022-08-05,3195.227,3228.886,3184.455,3227.027,27468372900,akshare,上证指数,sh000001
2022-08-08,3218.851,3237.969,3214.083,3236.934,25426805000,akshare,上证指数,sh000001
2022-08-09,3235.735,3248.772,3227.539,3247.432,25960546700,akshare,上证指数,sh000001
2022-08-10,3242.362,3253.166,3217.807,3230.02,25758359200,akshare,上证指数,sh000001
2022-08-11,3243.472,3281.665,3237.904,3281.665,30060537600,akshare,上证指数,sh000001
2022-08-12,3275.77,3288.223,3272.841,3276.888,29993292800,akshare,上证指数,sh000001
2022-08-15,3268.365,3286.891,3261.815,3276.087,28710677300,akshare,上证指数,sh000001
2022-08-16,3278.676,3295.023,3271.57,3277.885,30359227400,akshare,上证指数,sh000001
2022-08-17,3282.101,3295.998,3263.348,3292.526,32612475900,akshare,上证指数,sh000001
2022-08-18,3286.367,3289.142,3270.558,3277.544,30169477800,akshare,上证指数,sh000001
2022-08-19,3275.623,3286.491,3258.064,3258.078,33353547100,akshare,上证指数,sh000001
2022-08-22,3249.705,3278.166,3247.187,3277.794,31453786900,akshare,上证指数,sh000001
2022-08-23,3274.427,3284.596,3262.633,3276.223,31656635600,akshare,上证指数,sh000001
2022-08-24,3279.172,3281.875,3212.386,3215.203,36614057700,akshare,上证指数,sh000001
2022-08-25,3223.465,3248.351,3199.124,3246.248,33619616500,akshare,上证指数,sh000001
2022-08-26,3250.628,3266.274,3232.277,3236.223,30992755400,akshare,上证指数,sh000001
2022-08-29,3203.102,3240.728,3198.996,3240.728,29701509700,akshare,上证指数,sh000001
2022-08-30,3240.184,3243.746,3212.635,3227.22,29431891400,akshare,上证指数,sh000001
2022-08-31,3216.526,3232.016,3184.394,3202.138,34440882900,akshare,上证指数,sh000001
2022-09-01,3196.537,3214.558,3181.626,3184.98,27466054100,akshare,上证指数,sh000001
2022-09-02,3189.644,3198.281,3173.793,3186.478,25045691100,akshare,上证指数,sh000001
2022-09-05,3183.946,3199.912,3172.039,3199.912,28067563300,akshare,上证指数,sh000001
2022-09-06,3207.933,3244.635,3203.816,3243.447,31886968900,akshare,上证指数,sh000001
2022-09-07,3232.137,3253.767,3227.823,3246.294,30101446600,akshare,上证指数,sh000001
2022-09-08,3245.557,3253.701,3233.801,3235.586,28168035800,akshare,上证指数,sh000001
2022-09-09,3241.181,3266.197,3236.508,3262.054,28382766500,akshare,上证指数,sh000001
2022-09-13,3272.049,3278.166,3259.664,3263.797,27618982300,akshare,上证指数,sh000001
2022-09-14,3224.678,3250.802,3221.961,3237.542,25519336500,akshare,上证指数,sh000001
2022-09-15,3248.972,3254.179,3174.39,3199.919,32520612100,akshare,上证指数,sh000001
2022-09-16,3189.827,3191.827,3126.397,3126.398,31647589300,akshare,上证指数,sh000001
2022-09-19,3122.755,3135.557,3101.221,3115.602,24911366200,akshare,上证指数,sh000001
2022-09-20,3127.836,3140.025,3114.037,3122.406,21994253400,akshare,上证指数,sh000001
2022-09-21,3116.007,3129.825,3091.297,3117.177,23297249600,akshare,上证指数,sh000001
2022-09-22,3098.768,3125.68,3092.819,3108.91,22114068900,akshare,上证指数,sh000001
2022-09-23,3106.806,3124.658,3072.241,3088.37,24305771900,akshare,上证指数,sh000001
2022-09-26,3067.569,3102.654,3048.514,3051.226,26269862800,akshare,上证指数,sh000001
2022-09-27,3056.392,3094.039,3048.365,3093.862,23273530300,akshare,上证指数,sh000001
2022-09-28,3089.098,3089.098,3044.864,3045.067,23009865000,akshare,上证指数,sh000001
2022-09-29,3067.473,3076.762,3026.079,3041.205,23003041600,akshare,上证指数,sh000001
2022-09-30,3042.166,3054.613,3021.931,3024.391,20411533600,akshare,上证指数,sh000001
2022-10-10,3026.935,3029.448,2968.281,2974.145,24340482800,akshare,上证指数,sh000001
2022-10-11,2978.062,2986.912,2953.495,2979.793,20863595000,akshare,上证指数,sh000001
2022-10-12,2976.717,3025.506,2934.092,3025.506,24801355700,akshare,上证指数,sh000001
2022-10-13,3008.302,3036.249,3004.496,3016.356,24968328100,akshare,上证指数,sh000001
2022-10-14,3035.034,3084.272,3035.034,3071.987,27730406100,akshare,上证指数,sh000001
2022-10-17,3060.518,3087.194,3052.715,3084.942,26260861800,akshare,上证指数,sh000001
2022-10-18,3094.927,3099.918,3074.216,3080.957,24563475700,akshare,上证指数,sh000001
2022-10-19,3073.262,3081.39,3044.378,3044.378,23089531000,akshare,上证指数,sh000001
2022-10-20,3029.303,3070.265,3013.693,3035.05,24473614500,akshare,上证指数,sh000001
2022-10-21,3038.036,3055.416,3026.96,3038.929,24525412200,akshare,上证指数,sh000001
2022-10-24,3034.746,3064.421,2965.168,2977.555,29808535600,akshare,上证指数,sh000001
2022-10-25,2969.156,3001.715,2944.261,2976.283,25555416000,akshare,上证指数,sh000001
2022-10-26,2977.564,3028.348,2977.564,2999.504,26868949200,akshare,上证指数,sh000001
2022-10-27,3005.037,3017.263,2981.689,2982.903,26560825400,akshare,上证指数,sh000001
2022-10-28,2967.022,2974.236,2908.983,2915.926,29253130800,akshare,上证指数,sh000001
2022-10-31,2893.196,2926.015,2885.089,2893.483,30199420300,akshare,上证指数,sh000001
2022-11-01,2899.499,2969.2,2896.757,2969.2,31980957800,akshare,上证指数,sh000001
2022-11-02,2960.647,3019.049,2954.948,3003.37,32507824800,akshare,上证指数,sh000001
2022-11-03,2981.204,3003.721,2977.716,2997.806,25934856700,akshare,上证指数,sh000001
2022-11-04,2996.997,3081.59,2996.997,3070.796,32980674000,akshare,上证指数,sh000001
2022-11-07,3062.859,3088.193,3054.457,3077.817,32056709700,akshare,上证指数,sh000001
2022-11-08,3077.306,3078.276,3047.462,3064.493,25652200700,akshare,上证指数,sh000001
2022-11-09,3064.463,3073.918,3046.188,3048.168,23563732400,akshare,上证指数,sh000001
2022-11-10,3031.692,3047.98,3022.851,3036.132,27037179800,akshare,上证指数,sh000001
2022-11-11,3099.65,3117.742,3070.301,3087.293,40960453400,akshare,上证指数,sh000001
2022-11-14,3100.867,3121.406,3075.215,3083.401,36178821600,akshare,上证指数,sh000001
2022-11-15,3081.135,3135.59,3074.498,3134.078,33147057700,akshare,上证指数,sh000001
2022-11-16,3133.65,3145.753,3115.345,3119.98,30342984400,akshare,上证指数,sh000001
2022-11-17,3110.965,3115.435,3087.174,3115.435,28702840700,akshare,上证指数,sh000001
2022-11-18,3116.729,3126.711,3096.886,3097.243,29995427600,akshare,上证指数,sh000001
2022-11-21,3078.057,3085.243,3056.17,3085.044,25604554900,akshare,上证指数,sh000001
2022-11-22,3084.233,3118.12,3076.321,3088.943,32756592700,akshare,上证指数,sh000001
2022-11-23,3084.74,3108.244,3075.324,3096.907,32615544900,akshare,上证指数,sh000001
2022-11-24,3104.096,3113.239,3084.855,3089.31,26748292800,akshare,上证指数,sh000001
2022-11-25,3085.461,3111.421,3077.967,3101.693,31143197900,akshare,上证指数,sh000001
2022-11-28,3055.29,3080.184,3034.705,3078.549,30581128400,akshare,上证指数,sh000001
2022-11-29,3096.113,3152.003,3096.113,3149.748,39144974800,akshare,上证指数,sh000001
2022-11-30,3141.399,3158.573,3137.369,3151.335,37271832100,akshare,上证指数,sh000001
2022-12-01,3187.99,3198.409,3164.535,3165.471,38701305600,akshare,上证指数,sh000001
2022-12-02,3160.579,3170.898,3149.841,3156.144,30781248400,akshare,上证指数,sh000001
2022-12-05,3181.916,3213.44,3177.064,3211.814,44739843700,akshare,上证指数,sh000001
2022-12-06,3200.275,3224.822,3195.079,3212.533,37359029600,akshare,上证指数,sh000001
2022-12-07,3204.935,3226.082,3188.671,3199.619,35411307800,akshare,上证指数,sh000001
2022-12-08,3196.016,3206.715,3187.257,3197.35,32096929400,akshare,上证指数,sh000001
2022-12-09,3197.118,3212.106,3182.907,3206.95,37334320900,akshare,上证指数,sh000001
2022-12-12,3195.868,3196.725,3176.575,3179.042,33338179200,akshare,上证指数,sh000001
2022-12-13,3179.435,3187.204,3171.483,3176.326,28582120000,akshare,上证指数,sh000001
2022-12-14,3178.554,3189.835,3168.593,3176.525,26562356900,akshare,上证指数,sh000001
2022-12-15,3177.2,3179.1,3158.452,3168.648,24302333300,akshare,上证指数,sh000001
2022-12-16,3156.135,3175.353,3151.609,3167.858,25977179500,akshare,上证指数,sh000001
2022-12-19,3165.309,3170.255,3096.098,3107.115,27851354100,akshare,上证指数,sh000001
2022-12-20,3098.953,3100.748,3061.51,3073.766,21883676600,akshare,上证指数,sh000001
2022-12-21,3078.331,3085.795,3060.554,3068.411,18906792000,akshare,上证指数,sh000001
2022-12-22,3085.8,3096.245,3044.599,3054.431,22363953700,akshare,上证指数,sh000001
2022-12-23,3038.842,3061.867,3031.536,3045.866,19202030500,akshare,上证指数,sh000001
2022-12-26,3048.196,3071.836,3047.349,3065.563,20650389300,akshare,上证指数,sh000001
2022-12-27,3077.747,3098.078,3074.313,3095.568,22221832200,akshare,上证指数,sh000001
2022-12-28,3088.617,3098.65,3079.434,3087.4,22455415100,akshare,上证指数,sh000001
2022-12-29,3076.726,3086.005,3064.459,3073.702,21557067600,akshare,上证指数,sh000001
2022-12-30,3084.523,3096.314,3082.196,3089.258,21754534400,akshare,上证指数,sh000001
2023-01-03,3087.513,3119.856,3073.054,3116.512,28137036200,akshare,上证指数,sh000001
2023-01-04,3117.571,3129.094,3109.451,3123.516,27331362600,akshare,上证指数,sh000001
2023-01-05,3132.761,3159.427,3130.23,3155.216,25700301800,akshare,上证指数,sh000001
2023-01-06,3155.075,3170.742,3151.841,3157.637,25738025500,akshare,上证指数,sh000001
2023-01-09,3169.374,3183.583,3165.428,3176.085,25811521800,akshare,上证指数,sh000001
2023-01-10,3178.022,3178.157,3165.145,3169.507,23298417500,akshare,上证指数,sh000001
2023-01-11,3172.376,3184.757,3160.89,3161.838,23774286900,akshare,上证指数,sh000001
2023-01-12,3167.273,3171.591,3153.404,3163.451,21667130500,akshare,上证指数,sh000001
2023-01-13,3170.355,3195.307,3167.51,3195.306,22022689700,akshare,上证指数,sh000001
2023-01-16,3198.519,3251.374,3197.319,3227.592,30674954900,akshare,上证指数,sh000001
2023-01-17,3229.435,3231.265,3211.757,3224.245,22659223000,akshare,上证指数,sh000001
2023-01-18,3227.595,3234.817,3220.37,3224.406,21210973000,akshare,上证指数,sh000001
2023-01-19,3221.518,3240.279,3210.383,3240.279,22646503000,akshare,上证指数,sh000001
2023-01-20,3247.203,3267.058,3247.203,3264.814,27321918200,akshare,上证指数,sh000001
2023-01-30,3308.869,3310.49,3266.758,3269.318,35332582900,akshare,上证指数,sh000001
2023-01-31,3266.144,3277.252,3252.015,3255.669,30016295700,akshare,上证指数,sh000001
2023-02-01,3262.196,3284.922,3245.411,3284.921,33950941000,akshare,上证指数,sh000001
2023-02-02,3291.783,3295.764,3272.414,3285.671,33341313300,akshare,上证指数,sh000001
2023-02-03,3275.658,3275.658,3235.353,3263.406,29334281400,akshare,上证指数,sh000001
2023-02-06,3244.701,3250.351,3226.211,3238.698,26705310700,akshare,上证指数,sh000001
2023-02-07,3245.23,3250.033,3233.833,3248.094,25094645000,akshare,上证指数,sh000001
2023-02-08,3251.501,3257.114,3230.439,3232.106,23453048100,akshare,上证指数,sh000001
2023-02-09,3227.728,3270.383,3225.772,3270.383,25475452900,akshare,上证指数,sh000001
2023-02-10,3266.437,3269.994,3247.23,3260.673,26062692600,akshare,上证指数,sh000001
2023-02-13,3256.988,3285.091,3252.633,3284.16,29721318800,akshare,上证指数,sh000001
2023-02-14,3288.974,3293.734,3279.189,3293.283,27097416800,akshare,上证指数,sh000001
2023-02-15,3294.015,3296.2,3274.551,3280.492,26993912300,akshare,上证指数,sh000001
2023-02-16,3281.735,3308.828,3231.342,3249.03,38086354500,akshare,上证指数,sh000001
2023-02-17,3244.733,3262.473,3223.258,3224.024,27845123700,akshare,上证指数,sh000001
2023-02-20,3230.473,3291.039,3225.843,3290.338,32500773300,akshare,上证指数,sh000001
2023-02-21,3291.631,3308.791,3282.436,3306.524,32440944900,akshare,上证指数,sh000001
2023-02-22,3292.049,3307.034,3286.721,3291.148,25540398500,akshare,上证指数,sh000001
2023-02-23,3293.522,3307.439,3275.362,3287.477,26232430400,akshare,上证指数,sh000001
2023-02-24,3287.255,3288.392,3253.975,3267.16,23420630600,akshare,上证指数,sh000001
2023-02-27,3257.0,3276.579,3251.721,3258.034,24285534400,akshare,上证指数,sh000001
2023-02-28,3265.742,3280.415,3246.145,3279.605,25162503200,akshare,上证指数,sh000001
2023-03-01,3279.136,3315.16,3272.035,3312.348,31839870400,akshare,上证指数,sh000001
2023-03-02,3308.011,3320.744,3306.455,3310.654,32852001600,akshare,上证指数,sh000001
2023-03-03,3314.773,3330.605,3302.623,3328.393,34399691900,akshare,上证指数,sh000001
2023-03-06,3332.024,3333.062,3308.726,3322.026,34053044600,akshare,上证指数,sh000001
2023-03-07,3320.211,3342.859,3284.41,3285.099,38995795600,akshare,上证指数,sh000001
2023-03-08,3271.88,3283.248,3263.693,3283.248,26044354700,akshare,上证指数,sh000001
2023-03-09,3285.943,3289.06,3260.0,3276.094,26402185900,akshare,上证指数,sh000001
2023-03-10,3255.512,3262.147,3229.496,3230.077,28113541000,akshare,上证指数,sh000001
2023-03-13,3228.124,3268.696,3228.124,3268.696,29492808700,akshare,上证指数,sh000001
2023-03-14,3261.922,3262.003,3216.993,3245.312,31990603300,akshare,上证指数,sh000001
2023-03-15,3261.028,3273.123,3256.857,3263.315,30516879800,akshare,上证指数,sh000001
2023-03-16,3244.47,3257.433,3224.722,3226.891,32738963200,akshare,上证指数,sh000001
2023-03-17,3245.26,3279.923,3240.157,3250.546,34300102200,akshare,上证指数,sh000001
2023-03-20,3253.93,3267.993,3231.646,3234.91,39251739100,akshare,上证指数,sh000001
2023-03-21,3240.839,3256.0,3237.893,3255.651,30181077900,akshare,上证指数,sh000001
2023-03-22,3263.413,3279.394,3255.739,3265.748,29084046200,akshare,上证指数,sh000001
2023-03-23,3258.779,3286.649,3252.992,3286.649,30611839300,akshare,上证指数,sh000001
2023-03-24,3282.739,3282.739,3260.844,3265.654,32451333700,akshare,上证指数,sh000001
2023-03-27,3261.824,3261.824,3229.704,3251.397,33786120600,akshare,上证指数,sh000001
2023-03-28,3256.602,3264.098,3241.737,3245.376,29568266000,akshare,上证指数,sh000001
2023-03-29,3253.621,3254.556,3229.585,3240.057,29690050800,akshare,上证指数,sh000001
2023-03-30,3243.068,3263.738,3220.985,3261.249,29989829500,akshare,上证指数,sh000001
2023-03-31,3263.406,3278.423,3260.04,3272.86,28361374600,akshare,上证指数,sh000001
2023-04-03,3277.34,3299.732,3276.416,3296.396,35767677500,akshare,上证指数,sh000001
2023-04-04,3297.183,3312.562,3290.993,3312.558,38587161700,akshare,上证指数,sh000001
2023-04-06,3302.751,3314.526,3296.055,3312.628,32715542400,akshare,上证指数,sh000001
2023-04-07,3312.481,3328.846,3308.061,3327.646,28303224700,akshare,上证指数,sh000001
2023-04-10,3331.505,3332.715,3309.917,3315.358,34081984500,akshare,上证指数,sh000001
2023-04-11,3317.077,3317.448,3298.25,3313.571,32056605500,akshare,上证指数,sh000001
2023-04-12,3316.862,3330.708,3315.399,3327.182,34302531500,akshare,上证指数,sh000001
2023-04-13,3321.273,3334.47,3309.252,3318.364,34786210600,akshare,上证指数,sh000001
2023-04-14,3326.37,3340.076,3316.81,3338.153,33829927500,akshare,上证指数,sh000001
2023-04-17,3337.061,3385.61,3336.388,3385.61,40280992600,akshare,上证指数,sh000001
2023-04-18,3379.227,3396.175,3375.78,3393.331,34839948600,akshare,上证指数,sh000001
2023-04-19,3391.355,3394.959,3364.642,3370.128,34612344300,akshare,上证指数,sh000001
2023-04-20,3367.053,3371.368,3344.016,3367.031,35035496500,akshare,上证指数,sh000001
2023-04-21,3363.999,3367.609,3301.258,3301.258,38739509800,akshare,上证指数,sh000001
2023-04-24,3300.813,3303.091,3264.935,3275.413,35425562600,akshare,上证指数,sh000001
2023-04-25,3276.403,3288.569,3229.446,3264.872,38089572900,akshare,上证指数,sh000001
2023-04-26,3255.217,3277.98,3239.989,3264.101,35791784200,akshare,上证指数,sh000001
2023-04-27,3256.228,3299.301,3253.112,3285.884,34159053400,akshare,上证指数,sh000001
2023-04-28,3283.122,3324.881,3283.122,3323.275,40155478500,akshare,上证指数,sh000001
2023-05-04,3306.483,3352.746,3302.028,3350.459,48336491600,akshare,上证指数,sh000001
2023-05-05,3350.654,3364.142,3321.187,3334.503,43650449400,akshare,上证指数,sh000001
2023-05-08,3340.99,3400.177,3340.99,3395.004,53410365900,akshare,上证指数,sh000001
2023-05-09,3402.394,3418.953,3356.118,3357.671,57301330900,akshare,上证指数,sh000001
2023-05-10,3347.702,3349.721,3305.251,3319.151,45173973100,akshare,上证指数,sh000001
2023-05-11,3323.658,3333.25,3307.289,3309.551,35425827100,akshare,上证指数,sh000001
2023-05-12,3304.458,3319.131,3271.431,3272.362,34731498300,akshare,上证指数,sh000001
2023-05-15,3269.878,3310.737,3235.868,3310.737,38804588700,akshare,上证指数,sh000001
2023-05-16,3310.161,3317.901,3282.492,3290.987,32247941000,akshare,上证指数,sh000001
2023-05-17,3281.966,3298.519,3269.894,3284.232,28574405000,akshare,上证指数,sh000001
2023-05-18,3288.411,3313.862,3284.168,3297.32,30996747200,akshare,上证指数,sh000001
2023-05-19,3288.891,3302.342,3268.224,3283.542,28540406400,akshare,上证指数,sh000001
2023-05-22,3278.596,3308.533,3276.54,3296.47,27388999800,akshare,上证指数,sh000001
2023-05-23,3294.788,3298.226,3246.238,3246.238,27527908300,akshare,上证指数,sh000001
2023-05-24,3237.705,3237.705,3204.381,3204.749,28872025700,akshare,上证指数,sh000001
2023-05-25,3197.364,3207.021,3168.572,3201.261,28358892500,akshare,上证指数,sh000001
2023-05-26,3198.883,3220.774,3179.822,3212.504,26170047900,akshare,上证指数,sh000001
2023-05-29,3219.755,3230.971,3208.955,3221.448,29738948700,akshare,上证指数,sh000001
2023-05-30,3214.673,3230.632,3186.626,3224.213,30353246000,akshare,上证指数,sh000001
2023-05-31,3214.655,3216.36,3190.274,3204.564,29457333800,akshare,上证指数,sh000001
2023-06-01,3196.155,3225.093,3189.517,3204.635,31233075900,akshare,上证指数,sh000001
2023-06-02,3212.449,3233.992,3211.737,3230.069,29466709800,akshare,上证指数,sh000001
2023-06-05,3231.811,3244.18,3221.625,3232.441,27806020300,akshare,上证指数,sh000001
2023-06-06,3228.407,3247.349,3189.269,3195.34,30828587200,akshare,上证指数,sh000001
2023-06-07,3197.468,3210.33,3188.005,3197.759,25806340000,akshare,上证指数,sh000001
2023-06-08,3194.835,3225.526,3180.535,3213.586,29353074100,akshare,上证指数,sh000001
2023-06-09,3213.033,3231.406,3206.103,3231.406,31415550100,akshare,上证指数,sh000001
2023-06-12,3225.305,3239.437,3210.714,3228.834,31378444400,akshare,上证指数,sh000001
2023-06-13,3223.896,3235.085,3215.499,3233.673,28062845400,akshare,上证指数,sh000001
2023-06-14,3238.119,3248.461,3226.774,3228.989,30353726000,akshare,上证指数,sh000001
2023-06-15,3230.451,3252.975,3229.145,3252.975,31325575200,akshare,上证指数,sh000001
2023-06-16,3256.299,3276.552,3255.499,3273.334,32628184600,akshare,上证指数,sh000001
2023-06-19,3271.164,3271.164,3251.779,3255.806,32775304700,akshare,上证指数,sh000001
2023-06-20,3252.544,3252.844,3237.786,3240.365,29826059600,akshare,上证指数,sh000001
2023-06-21,3230.114,3236.363,3197.901,3197.901,29437737200,akshare,上证指数,sh000001
2023-06-26,3177.229,3181.076,3144.248,3150.619,30812981100,akshare,上证指数,sh000001
2023-06-27,3153.313,3194.409,3148.266,3189.443,28760432700,akshare,上证指数,sh000001
2023-06-28,3183.487,3192.659,3157.123,3189.376,27623194800,akshare,上证指数,sh000001
2023-06-29,3185.424,3196.503,3179.525,3182.381,25034007400,akshare,上证指数,sh000001
2023-06-30,3178.924,3212.993,3177.991,3202.062,26537987300,akshare,上证指数,sh000001
2023-07-03,3209.162,3246.861,3209.162,3243.975,31237139500,akshare,上证指数,sh000001
2023-07-04,3241.231,3246.958,3233.99,3245.349,27924872100,akshare,上证指数,sh000001
2023-07-05,3240.049,3241.835,3218.602,3222.947,26401642600,akshare,上证指数,sh000001
2023-07-06,3215.863,3229.48,3199.716,3205.575,24611903200,akshare,上证指数,sh000001
2023-07-07,3197.472,3212.047,3189.211,3196.609,25568846900,akshare,上证指数,sh000001
2023-07-10,3208.735,3216.535,3192.658,3203.696,23656036700,akshare,上证指数,sh000001
2023-07-11,3211.122,3221.68,3200.385,3221.367,22760046700,akshare,上证指数,sh000001
2023-07-12,3220.376,3224.331,3193.437,3196.134,27142338600,akshare,上证指数,sh000001
2023-07-13,3202.699,3238.468,3202.699,3236.48,27662050800,akshare,上证指数,sh000001
2023-07-14,3240.97,3248.385,3233.999,3237.701,27332749400,akshare,上证指数,sh000001
2023-07-17,3219.016,3219.016,3195.886,3209.63,25020837600,akshare,上证指数,sh000001
2023-07-18,3206.786,3210.248,3190.005,3197.82,23503025900,akshare,上证指数,sh000001
2023-07-19,3195.009,3204.361,3181.561,3198.836,21735586000,akshare,上证指数,sh000001
2023-07-20,3201.911,3209.055,3165.674,3169.522,23893289100,akshare,上证指数,sh000001
2023-07-21,3163.421,3185.636,3157.334,3167.745,22533136300,akshare,上证指数,sh000001
2023-07-24,3157.469,3178.734,3151.125,3164.161,21659521100,akshare,上证指数,sh000001
2023-07-25,3201.458,3231.749,3201.458,3231.521,34861771400,akshare,上证指数,sh000001
2023-07-26,3228.087,3229.892,3212.88,3223.028,31720605100,akshare,上证指数,sh000001
2023-07-27,3225.476,3245.603,3210.47,3216.671,32711886700,akshare,上证指数,sh000001
2023-07-28,3206.741,3280.278,3200.994,3275.926,41106843400,akshare,上证指数,sh000001
2023-07-31,3287.209,3322.129,3281.013,3291.04,45903099400,akshare,上证指数,sh000001
2023-08-01,3288.76,3305.34,3279.566,3290.949,45989083300,akshare,上证指数,sh000001
2023-08-02,3281.858,3290.82,3252.304,3261.69,40534149900,akshare,上证指数,sh000001
2023-08-03,3254.565,3280.864,3247.272,3280.463,38469131700,akshare,上证指数,sh000001
2023-08-04,3296.094,3315.049,3281.734,3288.084,47092769700,akshare,上证指数,sh000001
2023-08-07,3276.776,3276.776,3258.537,3268.831,36034148400,akshare,上证指数,sh000001
2023-08-08,3260.722,3274.519,3246.675,3260.62,31652073300,akshare,上证指数,sh000001
2023-08-09,3251.152,3257.082,3240.289,3244.487,27121853800,akshare,上证指数,sh000001
2023-08-10,3242.206,3257.03,3234.116,3254.56,28741214200,akshare,上证指数,sh000001
2023-08-11,3254.475,3254.475,3189.248,3189.248,33013775000,akshare,上证指数,sh000001
2023-08-14,3159.714,3180.507,3141.655,3178.427,29984032700,akshare,上证指数,sh000001
2023-08-15,3180.558,3186.234,3147.346,3176.176,27325192200,akshare,上证指数,sh000001
2023-08-16,3164.702,3176.626,3149.723,3150.128,28172829200,akshare,上证指数,sh000001
2023-08-17,3137.351,3167.446,3123.25,3163.739,29469258600,akshare,上证指数,sh000001
2023-08-18,3165.1,3179.116,3131.953,3131.953,29439035200,akshare,上证指数,sh000001
2023-08-21,3125.99,3134.957,3092.978,3092.978,26575342300,akshare,上证指数,sh000001
2023-08-22,3103.781,3126.784,3074.531,3120.334,30931633500,akshare,上证指数,sh000001
2023-08-23,3116.266,3116.377,3077.606,3078.402,27224412400,akshare,上证指数,sh000001
2023-08-24,3085.911,3106.182,3072.951,3082.244,30002463700,akshare,上证指数,sh000001
2023-08-25,3068.615,3085.047,3053.037,3064.075,29334768600,akshare,上证指数,sh000001
2023-08-28,3219.043,3219.043,3089.119,3098.636,48560776400,akshare,上证指数,sh000001
2023-08-29,3091.938,3145.761,3090.438,3135.887,39887578000,akshare,上证指数,sh000001
2023-08-30,3144.407,3153.689,3126.902,3137.138,34751186700,akshare,上证指数,sh000001
2023-08-31,3134.553,3139.98,3113.946,3119.876,31344824200,akshare,上证指数,sh000001
2023-09-01,3126.023,3143.846,3123.19,3133.247,29231099200,akshare,上证指数,sh000001
2023-09-04,3145.944,3177.06,3143.379,3177.06,36639114000,akshare,上证指数,sh000001
2023-09-05,3169.738,3169.738,3150.075,3154.369,29406184900,akshare,上证指数,sh000001
2023-09-06,3147.136,3162.155,3136.9,3158.077,26700223000,akshare,上证指数,sh000001
2023-09-07,3152.203,3152.266,3120.823,3122.352,26926473300,akshare,上证指数,sh000001
2023-09-08,3114.23,3126.041,3104.674,3116.719,22812506400,akshare,上证指数,sh000001
2023-09-11,3119.61,3155.103,3113.816,3142.779,29044291700,akshare,上证指数,sh000001
2023-09-12,3140.341,3147.514,3134.318,3137.059,23467205100,akshare,上证指数,sh000001
2023-09-13,3137.772,3143.758,3106.969,3123.067,24970103800,akshare,上证指数,sh000001
2023-09-14,3124.848,3135.025,3111.859,3126.551,26399013800,akshare,上证指数,sh000001
2023-09-15,3133.588,3141.964,3107.448,3117.743,29202636500,akshare,上证指数,sh000001
2023-09-18,3110.44,3128.701,3098.496,3125.932,25944425700,akshare,上证指数,sh000001
2023-09-19,3123.986,3131.13,3113.525,3124.957,25365276100,akshare,上证指数,sh000001
2023-09-20,3118.667,3122.128,3108.158,3108.568,22812446200,akshare,上证指数,sh000001
2023-09-21,3103.175,3113.494,3084.701,3084.701,22865910000,akshare,上证指数,sh000001
2023-09-22,3084.757,3132.558,3078.801,3132.432,28597835100,akshare,上证指数,sh000001
2023-09-25,3131.208,3131.208,3112.151,3115.607,25807188500,akshare,上证指数,sh000001
2023-09-26,3114.021,3120.289,3102.273,3102.273,22264431300,akshare,上证指数,sh000001
2023-09-27,3104.04,3125.447,3103.844,3107.316,24049583000,akshare,上证指数,sh000001
2023-09-28,3117.755,3121.835,3105.94,3110.475,23632998100,akshare,上证指数,sh000001
2023-10-09,3100.0,3103.36,3072.642,3096.922,26442220500,akshare,上证指数,sh000001
2023-10-10,3104.365,3109.982,3073.186,3075.236,25532737900,akshare,上证指数,sh000001
2023-10-11,3085.699,3095.659,3071.936,3078.956,25991869200,akshare,上证指数,sh000001
2023-10-12,3101.705,3109.99,3092.177,3107.901,27482799800,akshare,上证指数,sh000001
2023-10-13,3091.997,3094.915,3080.548,3088.099,25508523500,akshare,上证指数,sh000001
2023-10-16,3091.065,3091.126,3063.686,3073.813,26388236300,akshare,上证指数,sh000001
2023-10-17,3076.428,3084.073,3064.89,3083.496,25901958800,akshare,上证指数,sh000001
2023-10-18,3076.58,3076.58,3057.059,3058.71,26864715500,akshare,上证指数,sh000001
2023-10-19,3043.196,3043.196,3004.775,3005.393,30403891000,akshare,上证指数,sh000001
2023-10-20,2995.358,3006.275,2977.173,2983.059,26711359400,akshare,上证指数,sh000001
2023-10-23,2969.786,2973.661,2923.511,2939.291,27890412800,akshare,上证指数,sh000001
2023-10-24,2944.311,2964.761,2929.088,2962.244,31098538900,akshare,上证指数,sh000001
2023-10-25,2986.407,2993.295,2972.418,2974.114,33239200400,akshare,上证指数,sh000001
2023-10-26,2960.104,2990.328,2956.006,2988.299,29181451100,akshare,上证指数,sh000001
2023-10-27,2978.403,3029.21,2974.88,3017.784,32180371700,akshare,上证指数,sh000001
2023-10-30,3009.61,3028.264,3002.348,3021.553,36060423800,akshare,上证指数,sh000001
2023-10-31,3019.646,3023.001,3006.609,3018.771,31985996700,akshare,上证指数,sh000001
2023-11-01,3038.182,3038.33,3013.933,3023.077,28011044500,akshare,上证指数,sh000001
2023-11-02,3028.665,3038.642,3009.121,3009.406,26879458100,akshare,上证指数,sh000001
2023-11-03,3012.465,3040.981,3012.465,3030.798,26848634700,akshare,上证指数,sh000001
2023-11-06,3047.13,3058.989,3037.694,3058.411,37294963000,akshare,上证指数,sh000001
2023-11-07,3052.92,3064.577,3042.469,3057.27,32685345500,akshare,上证指数,sh000001
2023-11-08,3051.153,3062.991,3037.289,3052.373,33567783400,akshare,上证指数,sh000001
2023-11-09,3047.653,3063.467,3045.834,3053.279,31562176400,akshare,上证指数,sh000001
2023-11-10,3043.559,3044.001,3027.088,3038.97,28554649700,akshare,上证指数,sh000001
2023-11-13,3044.032,3048.621,3028.168,3046.533,29043058800,akshare,上证指数,sh000001
2023-11-14,3046.817,3059.529,3044.426,3056.07,29484473300,akshare,上证指数,sh000001
2023-11-15,3077.029,3080.128,3064.346,3072.835,30425010700,akshare,上证指数,sh000001
2023-11-16,3066.855,3071.452,3050.926,3050.926,27107946000,akshare,上证指数,sh000001
2023-11-17,3043.617,3055.856,3033.747,3054.366,26760639300,akshare,上证指数,sh000001
2023-11-20,3056.927,3072.513,3043.515,3068.319,28755699800,akshare,上证指数,sh000001
2023-11-21,3074.828,3089.774,3063.345,3067.933,33073310200,akshare,上证指数,sh000001
2023-11-22,3060.498,3067.963,3043.611,3043.611,28905649000,akshare,上证指数,sh000001
2023-11-23,3041.678,3062.867,3034.297,3061.856,27659205900,akshare,上证指数,sh000001
2023-11-24,3060.331,3060.331,3037.201,3040.972,28778841300,akshare,上证指数,sh000001
2023-11-27,3038.186,3038.358,3015.008,3031.7,31051786800,akshare,上证指数,sh000001
2023-11-28,3028.598,3039.695,3020.231,3038.555,26892074600,akshare,上证指数,sh000001
2023-11-29,3038.464,3038.977,3017.661,3021.687,27795644800,akshare,上证指数,sh000001
2023-11-30,3021.103,3030.909,3013.768,3029.673,28294535700,akshare,上证指数,sh000001
2023-12-01,3027.353,3035.76,3010.233,3031.636,28608970000,akshare,上证指数,sh000001
2023-12-04,3033.298,3038.979,3022.348,3022.914,28816205300,akshare,上证指数,sh000001
2023-12-05,3017.01,3017.01,2972.296,2972.296,29394327800,akshare,上证指数,sh000001
2023-12-06,2966.948,2985.314,2959.603,2968.933,29410418700,akshare,上证指数,sh000001
2023-12-07,2965.652,2976.015,2949.144,2966.206,29624368700,akshare,上证指数,sh000001
2023-12-08,2965.39,2980.834,2962.327,2969.559,36913870500,akshare,上证指数,sh000001
2023-12-11,2956.291,2995.67,2930.422,2991.439,36021634400,akshare,上证指数,sh000001
2023-12-12,2986.328,3003.746,2980.446,3003.438,28763876200,akshare,上证指数,sh000001
2023-12-13,2997.336,2997.336,2968.761,2968.761,28275409800,akshare,上证指数,sh000001
2023-12-14,2979.699,2986.177,2958.066,2958.986,27145765000,akshare,上证指数,sh000001
2023-12-15,2966.302,2976.309,2940.027,2942.557,28932764200,akshare,上证指数,sh000001
2023-12-18,2936.575,2951.148,2924.325,2930.804,29308699900,akshare,上证指数,sh000001
2023-12-19,2928.763,2940.501,2914.125,2932.391,26592698000,akshare,上证指数,sh000001
2023-12-20,2932.119,2937.101,2902.04,2902.11,26556245400,akshare,上证指数,sh000001
2023-12-21,2892.02,2924.256,2882.02,2918.715,28254182700,akshare,上证指数,sh000001
2023-12-22,2919.288,2935.7,2906.509,2914.775,29662836700,akshare,上证指数,sh000001
2023-12-25,2909.875,2920.632,2903.987,2918.813,22981417800,akshare,上证指数,sh000001
2023-12-26,2917.971,2917.971,2892.837,2898.879,22814085500,akshare,上证指数,sh000001
2023-12-27,2900.149,2917.956,2890.165,2914.614,24790088200,akshare,上证指数,sh000001
2023-12-28,2913.11,2961.648,2909.389,2954.704,33921311600,akshare,上证指数,sh000001
2023-12-29,2950.837,2975.032,2950.017,2974.935,29067268700,akshare,上证指数,sh000001
2024-01-02,2972.775,2976.268,2962.276,2962.276,30414179300,akshare,上证指数,sh000001
2024-01-03,2957.112,2971.283,2953.29,2967.247,28545594500,akshare,上证指数,sh000001
2024-01-04,2965.509,2966.683,2936.635,2954.349,26498092400,akshare,上证指数,sh000001
2024-01-05,2949.822,2967.968,2916.721,2929.183,30104023900,akshare,上证指数,sh000001
2024-01-08,2923.457,2924.456,2887.538,2887.538,27027505500,akshare,上证指数,sh000001
2024-01-09,2887.11,2900.727,2878.412,2893.251,26295597500,akshare,上证指数,sh000001
2024-01-10,2886.981,2903.162,2870.416,2877.702,24404652600,akshare,上证指数,sh000001
2024-01-11,2873.798,2896.179,2867.722,2886.65,26705076400,akshare,上证指数,sh000001
2024-01-12,2880.04,2904.174,2878.875,2881.977,26160293100,akshare,上证指数,sh000001
2024-01-15,2872.556,2904.464,2869.224,2886.291,24461123600,akshare,上证指数,sh000001
2024-01-16,2881.56,2896.683,2861.13,2893.989,28628671400,akshare,上证指数,sh000001
2024-01-17,2887.292,2887.489,2833.615,2833.615,26125130800,akshare,上证指数,sh000001
2024-01-18,2822.667,2849.256,2760.978,2845.784,39039685500,akshare,上证指数,sh000001
2024-01-19,2836.975,2849.876,2822.843,2832.279,26666438800,akshare,上证指数,sh000001
2024-01-22,2826.503,2828.32,2735.372,2756.34,35016575800,akshare,上证指数,sh000001
2024-01-23,2746.892,2784.841,2724.157,2770.976,30874941700,akshare,上证指数,sh000001
2024-01-24,2782.142,2823.695,2743.397,2820.772,36907060000,akshare,上证指数,sh000001
2024-01-25,2823.826,2906.794,2821.709,2906.109,44200904500,akshare,上证指数,sh000001
2024-01-26,2897.915,2924.307,2890.482,2910.223,42110908400,akshare,上证指数,sh000001
2024-01-29,2910.607,2923.899,2883.333,2883.356,41058131100,akshare,上证指数,sh000001
2024-01-30,2866.28,2881.347,2829.25,2830.527,33566122600,akshare,上证指数,sh000001
2024-01-31,2815.504,2834.011,2782.587,2788.548,37710396500,akshare,上证指数,sh000001
2024-02-01,2773.424,2805.015,2752.782,2770.74,35288918500,akshare,上证指数,sh000001
2024-02-02,2773.295,2791.676,2666.334,2730.152,42623019900,akshare,上证指数,sh000001
2024-02-05,2716.081,2739.738,2635.09,2702.185,47899029200,akshare,上证指数,sh000001
2024-02-06,2680.485,2802.931,2669.673,2789.486,50284931300,akshare,上证指数,sh000001
2024-02-07,2791.515,2829.696,2770.529,2829.696,54711743900,akshare,上证指数,sh000001
2024-02-08,2832.486,2867.474,2827.902,2865.903,53110889300,akshare,上证指数,sh000001
2024-02-19,2886.587,2910.544,2867.71,2910.544,45896770400,akshare,上证指数,sh000001
2024-02-20,2902.877,2927.308,2887.474,2922.73,35013873500,akshare,上证指数,sh000001
2024-02-21,2906.024,2994.615,2898.05,2950.956,44424546300,akshare,上证指数,sh000001
2024-02-22,2945.447,2988.358,2944.499,2988.358,35413253600,akshare,上证指数,sh000001
2024-02-23,2992.912,3009.136,2979.973,3004.881,38008327000,akshare,上证指数,sh000001
2024-02-26,3002.118,3009.479,2967.057,2977.022,40902655800,akshare,上证指数,sh000001
2024-02-27,2966.417,3015.481,2961.148,3015.481,37298468700,akshare,上证指数,sh000001
2024-02-28,3016.256,3031.488,2957.852,2957.852,54410909300,akshare,上证指数,sh000001
2024-02-29,2943.624,3015.171,2943.624,3015.171,40969637400,akshare,上证指数,sh000001
2024-03-01,3013.823,3032.232,3003.763,3027.02,37913218400,akshare,上证指数,sh000001
2024-03-04,3026.607,3040.345,3007.683,3039.306,38776000200,akshare,上证指数,sh000001
2024-03-05,3027.103,3052.541,3022.178,3047.793,38350995500,akshare,上证指数,sh000001
2024-03-06,3041.752,3060.563,3034.354,3039.931,34098273900,akshare,上证指数,sh000001
2024-03-07,3040.211,3063.692,3023.118,3027.401,37715439100,akshare,上证指数,sh000001
2024-03-08,3026.165,3049.194,3016.903,3046.019,31920439200,akshare,上证指数,sh000001
2024-03-11,3042.619,3068.455,3035.445,3068.455,36160882100,akshare,上证指数,sh000001
2024-03-12,3068.182,3075.131,3044.857,3055.935,41574391400,akshare,上证指数,sh000001
2024-03-13,3053.341,3061.951,3031.899,3043.835,36504745300,akshare,上证指数,sh000001
2024-03-14,3042.413,3059.998,3020.637,3038.234,36407229000,akshare,上证指数,sh000001
2024-03-15,3031.523,3056.447,3023.215,3054.636,36026846300,akshare,上证指数,sh000001
2024-03-18,3057.209,3085.312,3055.922,3084.926,40665350800,akshare,上证指数,sh000001
2024-03-19,3077.981,3090.046,3062.628,3062.756,38412368000,akshare,上证指数,sh000001
2024-03-20,3058.648,3081.755,3056.645,3079.686,34918772900,akshare,上证指数,sh000001
2024-03-21,3084.412,3090.051,3069.272,3077.113,36687796800,akshare,上证指数,sh000001
2024-03-22,3070.548,3073.206,3027.762,3048.034,39474048600,akshare,上证指数,sh000001
2024-03-25,3040.501,3065.261,3026.306,3026.306,38748538900,akshare,上证指数,sh000001
2024-03-26,3026.922,3036.494,3006.26,3031.481,34592878700,akshare,上证指数,sh000001
2024-03-27,3026.814,3030.45,2993.139,2993.139,34319801000,akshare,上证指数,sh000001
2024-03-28,2988.59,3033.367,2984.12,3010.664,35320002600,akshare,上证指数,sh000001
2024-03-29,3008.376,3041.298,3008.167,3041.167,33482278500,akshare,上证指数,sh000001
2024-04-01,3049.021,3078.488,3049.021,3077.379,37539364000,akshare,上证指数,sh000001
2024-04-02,3076.875,3085.537,3063.981,3074.959,36730426200,akshare,上证指数,sh000001
2024-04-03,3074.893,3079.02,3057.397,3069.296,36321138000,akshare,上证指数,sh000001
2024-04-08,3057.326,3077.351,3045.469,3047.053,40293674000,akshare,上证指数,sh000001
2024-04-09,3044.614,3051.585,3033.209,3048.537,33348996500,akshare,上证指数,sh000001
2024-04-10,3045.961,3049.607,3013.59,3027.335,34899172100,akshare,上证指数,sh000001
2024-04-11,3013.573,3050.337,3009.897,3034.246,34089439200,akshare,上证指数,sh000001
2024-04-12,3035.577,3043.56,3014.83,3019.474,33422977100,akshare,上证指数,sh000001
2024-04-15,3013.672,3066.941,2995.542,3057.378,46123924400,akshare,上证指数,sh000001
2024-04-16,3043.551,3052.435,3005.34,3007.068,44807047300,akshare,上证指数,sh000001
2024-04-17,3008.061,3071.381,3002.056,3071.381,41335836800,akshare,上证指数,sh000001
2024-04-18,3060.031,3102.553,3057.761,3074.225,41632134900,akshare,上证指数,sh000001
2024-04-19,3060.299,3080.323,3055.058,3065.261,37554385500,akshare,上证指数,sh000001
2024-04-22,3059.065,3078.423,3042.542,3044.595,35721639900,akshare,上证指数,sh000001
2024-04-23,3038.612,3044.944,3016.517,3021.978,32559512800,akshare,上证指数,sh000001
2024-04-24,3029.403,3045.64,3019.124,3044.822,30526409300,akshare,上证指数,sh000001
2024-04-25,3037.927,3060.264,3034.65,3052.9,29228014800,akshare,上证指数,sh000001
2024-04-26,3054.979,3092.43,3054.979,3088.636,43938256300,akshare,上证指数,sh000001
2024-04-29,3086.682,3119.686,3080.586,3113.043,50692544500,akshare,上证指数,sh000001
2024-04-30,3110.159,3123.288,3104.294,3104.825,44021321300,akshare,上证指数,sh000001
2024-05-06,3132.512,3142.382,3126.769,3140.72,45065689900,akshare,上证指数,sh000001
2024-05-07,3139.664,3151.219,3133.69,3147.738,37910256400,akshare,上证指数,sh000001
2024-05-08,3141.487,3144.986,3126.173,3128.48,33400032000,akshare,上证指数,sh000001
2024-05-09,3128.164,3158.465,3128.164,3154.32,36088146200,akshare,上证指数,sh000001
2024-05-10,3158.589,3163.144,3137.152,3154.547,38428749500,akshare,上证指数,sh000001
2024-05-13,3139.475,3157.366,3126.17,3148.021,39703056500,akshare,上证指数,sh000001
2024-05-14,3148.849,3155.807,3137.609,3145.774,34352619400,akshare,上证指数,sh000001
2024-05-15,3141.252,3142.973,3117.929,3119.902,32102796200,akshare,上证指数,sh000001
2024-05-16,3127.184,3137.878,3116.163,3122.401,36741736100,akshare,上证指数,sh000001
2024-05-17,3121.713,3154.026,3116.784,3154.026,38391524400,akshare,上证指数,sh000001
2024-05-20,3156.148,3174.266,3155.99,3171.145,42686728000,akshare,上证指数,sh000001
2024-05-21,3164.683,3165.224,3148.342,3157.966,33578357200,akshare,上证指数,sh000001
2024-05-22,3157.189,3166.919,3152.457,3158.54,35409808200,akshare,上证指数,sh000001
2024-05-23,3149.875,3150.628,3110.277,3116.387,35394372700,akshare,上证指数,sh000001
2024-05-24,3110.753,3130.425,3087.794,3088.871,30653227900,akshare,上证指数,sh000001
2024-05-27,3094.14,3125.506,3091.989,3124.043,31939676500,akshare,上证指数,sh000001
2024-05-28,3122.388,3130.31,3106.365,3109.572,31006697400,akshare,上证指数,sh000001
2024-05-29,3108.027,3128.137,3100.98,3111.018,28997034600,akshare,上证指数,sh000001
2024-05-30,3103.708,3121.218,3085.384,3091.678,30238076200,akshare,上证指数,sh000001
2024-05-31,3094.759,3107.604,3086.813,3086.813,27607281600,akshare,上证指数,sh000001
2024-06-03,3085.981,3097.204,3061.277,3078.489,35756336200,akshare,上证指数,sh000001
2024-06-04,3071.32,3095.322,3063.588,3091.199,30928759800,akshare,上证指数,sh000001
2024-06-05,3086.051,3092.346,3064.736,3065.403,29054234400,akshare,上证指数,sh000001
2024-06-06,3069.439,3077.673,3040.83,3048.794,36986710400,akshare,上证指数,sh000001
2024-06-07,3053.915,3065.025,3031.044,3051.279,31634248400,akshare,上证指数,sh000001
2024-06-11,3042.134,3043.2,3013.861,3028.045,31048194200,akshare,上证指数,sh000001
2024-06-12,3025.296,3042.042,3021.309,3037.468,27945210600,akshare,上证指数,sh000001
2024-06-13,3038.086,3040.402,3022.822,3028.919,29786246300,akshare,上证指数,sh000001
2024-06-14,3020.959,3037.905,3011.577,3032.633,34874675300,akshare,上证指数,sh000001
2024-06-17,3017.717,3026.624,3012.045,3015.891,29576344800,akshare,上证指数,sh000001
2024-06-18,3015.071,3031.976,3012.523,3030.246,27362599900,akshare,上证指数,sh000001
2024-06-19,3029.099,3030.226,3015.326,3018.049,26129624800,akshare,上证指数,sh000001
2024-06-20,3015.722,3028.514,3001.768,3005.437,29551590700,akshare,上证指数,sh000001
2024-06-21,2998.241,3011.914,2985.929,2998.138,25500125100,akshare,上证指数,sh000001
2024-06-24,2982.826,2990.643,2960.127,2963.099,29865388400,akshare,上证指数,sh000001
2024-06-25,2962.765,2971.653,2935.538,2949.996,27320993800,akshare,上证指数,sh000001
2024-06-26,2943.447,2976.669,2933.33,2972.525,28238840900,akshare,上证指数,sh000001
2024-06-27,2962.696,2963.064,2944.898,2945.852,27054851900,akshare,上证指数,sh000001
2024-06-28,2940.303,2985.468,2939.984,2967.403,31520143200,akshare,上证指数,sh000001
2024-07-01,2965.245,2996.409,2961.856,2994.73,29778223500,akshare,上证指数,sh000001
2024-07-02,2992.856,3004.987,2989.47,2997.011,28136468300,akshare,上证指数,sh000001
2024-07-03,2995.664,2998.537,2978.069,2982.376,24628464200,akshare,上证指数,sh000001
2024-07-04,2984.83,2995.57,2955.29,2957.567,27426878900,akshare,上证指数,sh000001
2024-07-05,2954.372,2957.107,2920.205,2949.933,27232455600,akshare,上证指数,sh000001
2024-07-08,2939.837,2947.61,2917.232,2922.45,27753342400,akshare,上证指数,sh000001
2024-07-09,2919.573,2963.782,2904.039,2959.372,31506203100,akshare,上证指数,sh000001
2024-07-10,2949.026,2958.859,2935.33,2939.364,30154945600,akshare,上证指数,sh000001
2024-07-11,2957.25,2971.361,2947.403,2970.387,32837242400,akshare,上证指数,sh000001
2024-07-12,2965.612,2977.142,2963.303,2971.295,30371301400,akshare,上证指数,sh000001
2024-07-15,2963.847,2977.313,2959.129,2974.011,26899259700,akshare,上证指数,sh000001
2024-07-16,2963.9,2977.361,2959.666,2976.304,26078363000,akshare,上证指数,sh000001
2024-07-17,2970.808,2972.795,2957.948,2962.855,28230799100,akshare,上证指数,sh000001
2024-07-18,2951.143,2978.092,2937.905,2977.133,27802266500,akshare,上证指数,sh000001
2024-07-19,2963.514,2986.243,2955.12,2982.309,28093241300,akshare,上证指数,sh000001
2024-07-22,2978.193,2978.601,2946.561,2964.216,27874955900,akshare,上证指数,sh000001
2024-07-23,2960.5,2960.5,2915.368,2915.369,29629599400,akshare,上证指数,sh000001
2024-07-24,2909.152,2922.03,2894.289,2901.952,30611885300,akshare,上证指数,sh000001
2024-07-25,2891.892,2897.767,2872.85,2886.742,27463950000,akshare,上证指数,sh000001
2024-07-26,2885.995,2899.116,2875.396,2890.897,27838753600,akshare,上证指数,sh000001
2024-07-29,2889.473,2898.951,2878.583,2891.845,25689972700,akshare,上证指数,sh000001
2024-07-30,2885.215,2885.215,2865.149,2879.3,26247883700,akshare,上证指数,sh000001
2024-07-31,2877.541,2940.593,2876.301,2938.749,41272341700,akshare,上证指数,sh000001
2024-08-01,2940.12,2947.877,2928.826,2932.387,34662113700,akshare,上证指数,sh000001
2024-08-02,2913.02,2931.259,2902.72,2905.338,31220503900,akshare,上证指数,sh000001
2024-08-05,2889.363,2919.025,2860.698,2860.698,35554057200,akshare,上证指数,sh000001
2024-08-06,2878.651,2888.201,2845.335,2867.284,29730080300,akshare,上证指数,sh000001
2024-08-07,2864.01,2886.942,2857.725,2869.834,26309715000,akshare,上证指数,sh000001
2024-08-08,2864.758,2886.399,2850.875,2869.901,28912863200,akshare,上证指数,sh000001
2024-08-09,2879.873,2887.849,2862.194,2862.194,28425391600,akshare,上证指数,sh000001
2024-08-12,2858.895,2869.269,2851.295,2858.205,24424137100,akshare,上证指数,sh000001
2024-08-13,2860.41,2867.946,2845.31,2867.946,23167460100,akshare,上证指数,sh000001
2024-08-14,2866.243,2866.243,2850.401,2850.654,21788517000,akshare,上证指数,sh000001
2024-08-15,2844.201,2889.087,2839.388,2877.358,27190000000,akshare,上证指数,sh000001
2024-08-16,2877.94,2888.675,2873.06,2879.43,26365344100,akshare,上证指数,sh000001
2024-08-19,2877.954,2905.155,2877.771,2893.674,26168773000,akshare,上证指数,sh000001
2024-08-20,2895.551,2896.519,2855.329,2866.661,26365800200,akshare,上证指数,sh000001
2024-08-21,2858.939,2863.891,2848.151,2856.584,22920002700,akshare,上证指数,sh000001
2024-08-22,2856.2,2861.607,2845.502,2848.772,24539941500,akshare,上证指数,sh000001
2024-08-23,2844.77,2860.733,2839.337,2854.368,22669256500,akshare,上证指数,sh000001
2024-08-26,2855.474,2860.655,2844.383,2855.52,22735152300,akshare,上证指数,sh000001
2024-08-27,2850.877,2853.78,2843.158,2848.731,23069300600,akshare,上证指数,sh000001
2024-08-28,2844.327,2852.562,2830.962,2837.429,22873062300,akshare,上证指数,sh000001
2024-08-29,2829.451,2831.431,2815.383,2823.106,27751053400,akshare,上证指数,sh000001
2024-08-30,2819.65,2867.965,2817.014,2842.214,39751697500,akshare,上证指数,sh000001
2024-09-02,2832.35,2839.278,2810.374,2811.035,34071419300,akshare,上证指数,sh000001
2024-09-03,2809.173,2814.903,2794.911,2802.979,27573613900,akshare,上证指数,sh000001
2024-09-04,2786.505,2800.607,2781.935,2784.278,25745350000,akshare,上证指数,sh000001
2024-09-05,2785.264,2796.019,2777.471,2788.314,24204094800,akshare,上证指数,sh000001
2024-09-06,2791.765,2804.093,2765.639,2765.807,25364537500,akshare,上证指数,sh000001
2024-09-09,2754.724,2756.556,2726.967,2736.488,26146884700,akshare,上证指数,sh000001
2024-09-10,2737.881,2750.118,2718.627,2744.192,26215901500,akshare,上证指数,sh000001
2024-09-11,2732.731,2732.731,2710.621,2721.795,24226490000,akshare,上证指数,sh000001
2024-09-12,2722.138,2734.683,2716.555,2717.123,24008431500,akshare,上证指数,sh000001
2024-09-13,2718.986,2728.78,2703.369,2704.09,25127003800,akshare,上证指数,sh000001
2024-09-18,2705.345,2724.114,2689.695,2717.281,24781713200,akshare,上证指数,sh000001
2024-09-19,2723.205,2747.74,2697.776,2736.022,31520838900,akshare,上证指数,sh000001
2024-09-20,2734.228,2741.155,2717.945,2736.814,28564462700,akshare,上证指数,sh000001
2024-09-23,2735.39,2760.48,2731.357,2748.918,25764215400,akshare,上证指数,sh000001
2024-09-24,2770.754,2863.152,2761.372,2863.126,47761954500,akshare,上证指数,sh000001
2024-09-25,2901.419,2952.451,2889.048,2896.306,56825981600,akshare,上证指数,sh000001
2024-09-26,2893.745,3000.953,2889.014,3000.953,57631926100,akshare,上证指数,sh000001
2024-09-27,3049.103,3087.529,3017.445,3087.529,49228716300,akshare,上证指数,sh000001
2024-09-30,3194.722,3358.588,3153.697,3336.497,110233791700,akshare,上证指数,sh000001
2024-10-08,3674.405,3674.405,3372.187,3489.775,131346019500,akshare,上证指数,sh000001
2024-10-09,3427.22,3437.157,3249.159,3258.858,99275725600,akshare,上证指数,sh000001
2024-10-10,3277.692,3379.805,3228.125,3301.926,83450025700,akshare,上证指数,sh000001
2024-10-11,3287.873,3297.752,3187.988,3217.738,60602743300,akshare,上证指数,sh000001
2024-10-14,3241.428,3294.62,3203.901,3284.323,63146685900,akshare,上证指数,sh000001
2024-10-15,3265.746,3285.215,3201.292,3201.292,56605455800,akshare,上证指数,sh000001
2024-10-16,3169.169,3236.848,3167.736,3202.948,51581399700,akshare,上证指数,sh000001
2024-10-17,3220.733,3241.568,3169.384,3169.384,52861177200,akshare,上证指数,sh000001
2024-10-18,3165.975,3313.978,3152.821,3261.563,69301462300,akshare,上证指数,sh000001
2024-10-21,3276.06,3300.664,3239.097,3268.11,66815029900,akshare,上证指数,sh000001
2024-10-22,3263.822,3294.961,3255.138,3285.867,57491378100,akshare,上证指数,sh000001
2024-10-23,3285.247,3331.082,3277.066,3302.803,65044412800,akshare,上证指数,sh000001
2024-10-24,3287.824,3292.945,3266.882,3280.263,51982707400,akshare,上证指数,sh000001
2024-10-25,3280.762,3319.357,3276.13,3299.7,59565170700,akshare,上证指数,sh000001
2024-10-28,3300.463,3322.198,3279.715,3322.198,67237313100,akshare,上证指数,sh000001
2024-10-29,3328.089,3340.458,3284.211,3286.407,72532615400,akshare,上证指数,sh000001
2024-10-30,3273.642,3291.68,3244.806,3266.238,66901809000,akshare,上证指数,sh000001
2024-10-31,3267.975,3295.742,3252.39,3279.824,78464909400,akshare,上证指数,sh000001
2024-11-01,3275.577,3305.318,3258.735,3272.014,85205532000,akshare,上证指数,sh000001
2024-11-04,3275.679,3310.207,3263.842,3310.207,66507745400,akshare,上证指数,sh000001
2024-11-05,3306.81,3386.987,3302.047,3386.987,82112490200,akshare,上证指数,sh000001
2024-11-06,3395.222,3420.999,3367.081,3383.806,89585593000,akshare,上证指数,sh000001
2024-11-07,3359.985,3470.661,3356.258,3470.661,95955668000,akshare,上证指数,sh000001
2024-11-08,3502.133,3509.818,3443.193,3452.297,96403456200,akshare,上证指数,sh000001
2024-11-11,3432.367,3471.122,3416.727,3470.066,81802543600,akshare,上证指数,sh000001
2024-11-12,3469.891,3489.424,3402.042,3421.97,81792652400,akshare,上证指数,sh000001
2024-11-13,3406.916,3442.298,3404.525,3439.278,67366234800,akshare,上证指数,sh000001
2024-11-14,3429.505,3441.775,3376.153,3379.839,63155669000,akshare,上证指数,sh000001
2024-11-15,3369.809,3391.32,3330.726,3330.726,63028558300,akshare,上证指数,sh000001
2024-11-18,3344.69,3386.903,3309.008,3323.849,74395069200,akshare,上证指数,sh000001
2024-11-19,3324.883,3346.758,3284.133,3346.01,62502415100,akshare,上证指数,sh000001
2024-11-20,3337.678,3375.248,3333.002,3367.989,56615428900,akshare,上证指数,sh000001
2024-11-21,3362.944,3378.518,3348.855,3370.404,53033183000,akshare,上证指数,sh000001
2024-11-22,3368.043,3372.003,3267.192,3267.192,63068779000,akshare,上证指数,sh000001
2024-11-25,3274.884,3285.456,3232.918,3263.76,53889739000,akshare,上证指数,sh000001
2024-11-26,3256.858,3285.328,3252.866,3259.757,47221930400,akshare,上证指数,sh000001
2024-11-27,3250.591,3309.881,3227.355,3309.779,51120230300,akshare,上证指数,sh000001
2024-11-28,3308.28,3319.256,3290.364,3295.698,51195304700,akshare,上证指数,sh000001
2024-11-29,3295.21,3357.501,3293.69,3326.456,58022710200,akshare,上证指数,sh000001
2024-12-02,3328.482,3369.303,3323.009,3363.982,66847776200,akshare,上证指数,sh000001
2024-12-03,3366.285,3386.618,3348.374,3378.806,66303013900,akshare,上证指数,sh000001
2024-12-04,3376.572,3388.024,3352.943,3364.65,62102886200,akshare,上证指数,sh000001
2024-12-05,3353.057,3377.055,3353.057,3368.855,54388574600,akshare,上证指数,sh000001
2024-12-06,3370.941,3418.261,3364.206,3404.076,69818657200,akshare,上证指数,sh000001
2024-12-09,3402.629,3426.645,3385.959,3402.534,69490520500,akshare,上证指数,sh000001
2024-12-10,3490.289,3494.867,3417.765,3422.661,79466803400,akshare,上证指数,sh000001
2024-12-11,3416.087,3437.81,3416.087,3432.49,68154461000,akshare,上证指数,sh000001
2024-12-12,3432.279,3464.116,3425.976,3461.5,70009668900,akshare,上证指数,sh000001
2024-12-13,3442.926,3442.926,3390.754,3391.878,77746414400,akshare,上证指数,sh000001
2024-12-16,3390.083,3401.926,3376.536,3386.331,62557899600,akshare,上证指数,sh000001
2024-12-17,3381.814,3396.207,3357.769,3361.485,56894150500,akshare,上证指数,sh000001
2024-12-18,3371.296,3396.46,3371.296,3382.208,51252497900,akshare,上证指数,sh000001
2024-12-19,3355.904,3377.532,3346.469,3370.033,51390906300,akshare,上证指数,sh000001
2024-12-20,3364.481,3390.618,3362.819,3368.069,49096462100,akshare,上证指数,sh000001
2024-12-23,3367.904,3384.992,3348.277,3351.257,55674724800,akshare,上证指数,sh000001
2024-12-24,3353.535,3394.904,3352.947,3393.528,47199267300,akshare,上证指数,sh000001
2024-12-25,3395.107,3406.213,3374.011,3393.35,47131559200,akshare,上证指数,sh000001
2024-12-26,3389.338,3401.095,3380.255,3398.077,42217727100,akshare,上证指数,sh000001
2024-12-27,3397.294,3418.952,3388.322,3400.142,50048813000,akshare,上证指数,sh000001
2024-12-30,3395.396,3412.841,3394.965,3407.326,45526238300,akshare,上证指数,sh000001
2024-12-31,3406.965,3413.455,3351.763,3351.763,50273106200,akshare,上证指数,sh000001
2025-01-02,3347.939,3351.722,3242.087,3262.561,56137519900,akshare,上证指数,sh000001
2025-01-03,3267.077,3273.566,3205.776,3211.43,51759201400,akshare,上证指数,sh000001
2025-01-06,3209.783,3219.488,3185.463,3206.923,43097840300,akshare,上证指数,sh000001
2025-01-07,3203.307,3230.853,3190.461,3229.644,40966052900,akshare,上证指数,sh000001
2025-01-08,3218.858,3246.291,3175.725,3230.168,47286439000,akshare,上证指数,sh000001
2025-01-09,3220.721,3228.973,3205.91,3211.393,38294355700,akshare,上证指数,sh000001
2025-01-10,3211.707,3220.107,3168.524,3168.524,40366334800,akshare,上证指数,sh000001
2025-01-13,3148.826,3172.7,3140.978,3160.755,37274202300,akshare,上证指数,sh000001
2025-01-14,3165.161,3245.22,3159.432,3240.94,46921270400,akshare,上证指数,sh000001
2025-01-15,3234.715,3245.904,3222.236,3227.117,40472319900,akshare,上证指数,sh000001
2025-01-16,3239.026,3265.282,3217.097,3236.032,43065553900,akshare,上证指数,sh000001
2025-01-17,3226.762,3256.507,3219.773,3241.821,38359926000,akshare,上证指数,sh000001
2025-01-20,3256.149,3268.263,3238.121,3244.378,40333794800,akshare,上证指数,sh000001
2025-01-21,3256.833,3258.61,3229.069,3242.623,38458371800,akshare,上证指数,sh000001
2025-01-22,3235.493,3235.501,3203.38,3213.624,36481751800,akshare,上证指数,sh000001
2025-01-23,3237.599,3273.52,3229.572,3230.164,45824680300,akshare,上证指数,sh000001
2025-01-24,3222.877,3260.011,3221.712,3252.626,39865303300,akshare,上证指数,sh000001
2025-01-27,3256.614,3274.392,3250.601,3250.601,38746764200,akshare,上证指数,sh000001
2025-02-05,3270.16,3271.022,3220.279,3229.488,40638818100,akshare,上证指数,sh000001
2025-02-06,3226.575,3271.427,3225.846,3270.659,46084273000,akshare,上证指数,sh000001
2025-02-07,3269.227,3324.428,3262.509,3303.667,60055845100,akshare,上证指数,sh000001
2025-02-10,3308.04,3325.356,3299.243,3322.17,54658974900,akshare,上证指数,sh000001
2025-02-11,3323.669,3324.173,3304.444,3318.057,51194354100,akshare,上证指数,sh000001
2025-02-12,3312.257,3346.385,3310.39,3346.385,51343782800,akshare,上证指数,sh000001
2025-02-13,3343.235,3359.181,3332.483,3332.483,56863116100,akshare,上证指数,sh000001
2025-02-14,3328.483,3349.084,3322.529,3346.724,53233296500,akshare,上证指数,sh000001
2025-02-17,3355.417,3357.121,3333.195,3355.83,58954656900,akshare,上证指数,sh000001
2025-02-18,3348.983,3366.012,3314.301,3324.491,56267924000,akshare,上证指数,sh000001
2025-02-19,3320.78,3352.087,3320.581,3351.539,50291296500,akshare,上证指数,sh000001
2025-02-20,3347.589,3355.557,3338.034,3350.783,50435711400,akshare,上证指数,sh000001
2025-02-21,3356.695,3381.058,3339.026,3379.113,60819020600,akshare,上证指数,sh000001
2025-02-24,3374.081,3384.811,3355.869,3373.028,59818820300,akshare,上证指数,sh000001
2025-02-25,3345.653,3369.558,3337.845,3346.04,52757856200,akshare,上证指数,sh000001
2025-02-26,3351.209,3380.214,3351.209,3380.214,55399203100,akshare,上证指数,sh000001
2025-02-27,3378.449,3388.781,3353.571,3388.062,57581502000,akshare,上证指数,sh000001
2025-02-28,3374.664,3383.191,3318.716,3320.897,56831950400,akshare,上证指数,sh000001
2025-03-03,3328.396,3349.017,3304.593,3316.925,50241786200,akshare,上证指数,sh000001
2025-03-04,3300.498,3327.824,3297.53,3324.21,42999611100,akshare,上证指数,sh000001
2025-03-05,3324.696,3342.714,3314.148,3341.965,46095269600,akshare,上证指数,sh000001
2025-03-06,3353.57,3387.054,3348.684,3381.098,53999270900,akshare,上证指数,sh000001
2025-03-07,3373.181,3390.944,3363.929,3372.546,51766355100,akshare,上证指数,sh000001
2025-03-10,3373.259,3375.798,3347.186,3366.163,45038083200,akshare,上证指数,sh000001
2025-03-11,3335.439,3379.829,3334.831,3379.828,44846832300,akshare,上证指数,sh000001
2025-03-12,3385.685,3392.409,3370.22,3371.924,50219510000,akshare,上证指数,sh000001
2025-03-13,3371.095,3377.118,3341.118,3358.729,51901347900,akshare,上证指数,sh000001
2025-03-14,3361.686,3421.233,3360.606,3419.562,58266338800,akshare,上证指数,sh000001
2025-03-17,3430.809,3436.352,3422.462,3426.129,51568513800,akshare,上证指数,sh000001
2025-03-18,3434.565,3437.065,3423.301,3429.759,45491606300,akshare,上证指数,sh000001
2025-03-19,3424.173,3439.046,3414.593,3426.429,44031629900,akshare,上证指数,sh000001
2025-03-20,3425.216,3427.045,3404.662,3408.948,45163068200,akshare,上证指数,sh000001
2025-03-21,3401.759,3414.709,3355.84,3364.831,52086263000,akshare,上证指数,sh000001
2025-03-24,3364.834,3373.694,3340.238,3370.028,51331026000,akshare,上证指数,sh000001
2025-03-25,3370.001,3379.988,3361.046,3369.976,45635739300,akshare,上证指数,sh000001
2025-03-26,3365.666,3382.342,3365.666,3368.697,42853377000,akshare,上证指数,sh000001
2025-03-27,3362.712,3394.035,3351.174,3373.749,41477631400,akshare,上证指数,sh000001
2025-03-28,3372.039,3375.053,3346.081,3351.307,41228428900,akshare,上证指数,sh000001
2025-03-31,3343.344,3361.742,3317.738,3335.746,47257197800,akshare,上证指数,sh000001
2025-04-01,3340.712,3357.622,3338.779,3348.435,42258867000,akshare,上证指数,sh000001
2025-04-02,3344.171,3361.134,3343.116,3350.127,35012736400,akshare,上证指数,sh000001
2025-04-03,3319.606,3358.426,3319.606,3342.008,40051782700,akshare,上证指数,sh000001
2025-04-07,3193.102,3217.782,3040.693,3096.576,66219958400,akshare,上证指数,sh000001
2025-04-08,3094.262,3145.549,3085.123,3145.549,66224238700,akshare,上证指数,sh000001
2025-04-09,3110.01,3186.81,3070.078,3186.81,68479717400,akshare,上证指数,sh000001
2025-04-10,3227.836,3239.941,3201.571,3223.638,59120827300,akshare,上证指数,sh000001
2025-04-11,3219.505,3249.854,3211.35,3238.227,47553180400,akshare,上证指数,sh000001
2025-04-14,3251.978,3272.72,3244.733,3262.808,47137322000,akshare,上证指数,sh000001
2025-04-15,3260.685,3268.985,3246.337,3267.662,39666289500,akshare,上证指数,sh000001
2025-04-16,3267.665,3276.005,3233.791,3276.004,42953485400,akshare,上证指数,sh000001
2025-04-17,3261.718,3285.915,3258.145,3280.341,38201269800,akshare,上证指数,sh000001
2025-04-18,3270.353,3283.09,3262.392,3276.73,35883619300,akshare,上证指数,sh000001
2025-04-21,3273.138,3298.64,3270.013,3291.434,37930758800,akshare,上证指数,sh000001
2025-04-22,3289.166,3311.153,3288.332,3299.757,40316761500,akshare,上证指数,sh000001
2025-04-23,3308.151,3312.192,3293.063,3296.355,41163321200,akshare,上证指数,sh000001
2025-04-24,3295.149,3313.509,3286.236,3297.288,39284474900,akshare,上证指数,sh000001
2025-04-25,3300.392,3305.262,3288.755,3295.06,41104319200,akshare,上证指数,sh000001
2025-04-28,3292.056,3296.932,3279.877,3288.415,41066586300,akshare,上证指数,sh000001
2025-04-29,3281.445,3294.982,3277.627,3286.655,38896167200,akshare,上证指数,sh000001
2025-04-30,3284.081,3292.2,3277.55,3279.031,43579433500,akshare,上证指数,sh000001
2025-05-06,3295.25,3316.448,3286.989,3316.114,47436961700,akshare,上证指数,sh000001
2025-05-07,3354.974,3356.688,3324.809,3342.665,51115960600,akshare,上证指数,sh000001
2025-05-08,3331.205,3359.731,3327.902,3351.996,42837776600,akshare,上证指数,sh000001
2025-05-09,3350.405,3351.22,3335.127,3341.999,39890919100,akshare,上证指数,sh000001
2025-05-12,3352.97,3372.472,3344.269,3369.245,41823991000,akshare,上证指数,sh000001
2025-05-13,3386.234,3386.234,3370.252,3374.871,42624070000,akshare,上证指数,sh000001
2025-05-14,3374.235,3417.314,3368.078,3403.948,46493444100,akshare,上证指数,sh000001
2025-05-15,3398.427,3402.866,3378.021,3380.821,42410091600,akshare,上证指数,sh000001
2025-05-16,3374.706,3380.29,3356.661,3367.462,39540103000,akshare,上证指数,sh000001
2025-05-19,3365.882,3373.599,3356.648,3367.583,40307480500,akshare,上证指数,sh000001
2025-05-20,3371.689,3387.804,3369.963,3380.478,40554453400,akshare,上证指数,sh000001
2025-05-21,3380.209,3394.754,3380.209,3387.574,41249616500,akshare,上证指数,sh000001
2025-05-22,3381.865,3390.593,3376.233,3380.189,39421720600,akshare,上证指数,sh000001
2025-05-23,3376.869,3389.469,3348.372,3348.372,40022700400,akshare,上证指数,sh000001
2025-05-26,3346.561,3362.307,3336.355,3346.839,34756210100,akshare,上证指数,sh000001
2025-05-27,3346.503,3351.572,3332.49,3340.687,34407115700,akshare,上证指数,sh000001
2025-05-28,3341.852,3348.234,3336.727,3339.932,34155544300,akshare,上证指数,sh000001
2025-05-29,3340.401,3368.633,3337.415,3363.446,39323380600,akshare,上证指数,sh000001
2025-05-30,3358.809,3361.275,3341.648,3347.487,38560217000,akshare,上证指数,sh000001
2025-06-03,3340.067,3366.997,3340.067,3361.976,39806077200,akshare,上证指数,sh000001
2025-06-04,3363.391,3379.64,3363.391,3376.203,38649464300,akshare,上证指数,sh000001
2025-06-05,3378.217,3387.765,3371.146,3384.099,40625209300,akshare,上证指数,sh000001
2025-06-06,3384.295,3391.451,3379.764,3385.358,38012288600,akshare,上证指数,sh000001
2025-06-09,3388.778,3402.05,3383.074,3399.772,42734794700,akshare,上证指数,sh000001
2025-06-10,3402.013,3406.452,3365.667,3384.816,48161856800,akshare,上证指数,sh000001
2025-06-11,3385.457,3413.513,3385.457,3402.316,42409031300,akshare,上证指数,sh000001
2025-06-12,3397.972,3408.205,3388.866,3402.658,40949061000,akshare,上证指数,sh000001
2025-06-13,3397.484,3401.553,3370.592,3376.996,51006522100,akshare,上证指数,sh000001
2025-06-16,3369.366,3389.756,3368.876,3388.729,40538327800,akshare,上证指数,sh000001
2025-06-17,3388.18,3393.313,3376.42,3387.405,39001244700,akshare,上证指数,sh000001
2025-06-18,3386.136,3391.709,3369.986,3388.809,37868489100,akshare,上证指数,sh000001
2025-06-19,3384.293,3386.919,3353.936,3362.108,41532765500,akshare,上证指数,sh000001
2025-06-20,3358.913,3370.798,3357.706,3359.895,35022366200,akshare,上证指数,sh000001
2025-06-23,3349.46,3389.452,3347.651,3381.582,38456139700,akshare,上证指数,sh000001
2025-06-24,3380.08,3423.784,3380.08,3420.566,46096380000,akshare,上证指数,sh000001
2025-06-25,3419.091,3459.009,3417.411,3455.974,50938406400,akshare,上证指数,sh000001
2025-06-26,3451.719,3462.752,3446.186,3448.453,49654107700,akshare,上证指数,sh000001
2025-06-27,3450.686,3462.627,3421.04,3424.227,52312943200,akshare,上证指数,sh000001
2025-06-30,3423.474,3447.46,3420.112,3444.426,45734804900,akshare,上证指数,sh000001
2025-07-01,3445.846,3459.587,3441.038,3457.747,44435673900,akshare,上证指数,sh000001
2025-07-02,3458.171,3461.328,3447.956,3454.792,49811677600,akshare,上证指数,sh000001
2025-07-03,3456.152,3463.62,3446.974,3461.151,43854346500,akshare,上证指数,sh000001
2025-07-04,3459.592,3497.225,3455.494,3472.319,50019521000,akshare,上证指数,sh000001
2025-07-07,3467.985,3474.801,3462.792,3473.127,43663134000,akshare,上证指数,sh000001
2025-07-08,3474.632,3499.886,3474.632,3497.475,49348477300,akshare,上证指数,sh000001
2025-07-09,3498.724,3512.669,3491.201,3493.05,52392008800,akshare,上证指数,sh000001
2025-07-10,3491.497,3526.59,3491.497,3509.682,56415980500,akshare,上证指数,sh000001
2025-07-11,3511.366,3555.218,3506.799,3510.177,66418524900,akshare,上证指数,sh000001
2025-07-14,3513.252,3532.118,3513.252,3519.65,57208470500,akshare,上证指数,sh000001
2025-07-15,3519.805,3527.038,3483.38,3504.999,57207472600,akshare,上证指数,sh000001
2025-07-16,3502.899,3511.806,3489.137,3503.777,47087857800,akshare,上证指数,sh000001
2025-07-17,3500.372,3517.285,3499.186,3516.826,47221105600,akshare,上证指数,sh000001
2025-07-18,3519.475,3536.014,3518.231,3534.483,49348408800,akshare,上证指数,sh000001
2025-07-21,3542.816,3560.629,3542.568,3559.791,63364973600,akshare,上证指数,sh000001
2025-07-22,3561.632,3584.719,3547.252,3581.861,71615523000,akshare,上证指数,sh000001
2025-07-23,3588.878,3613.022,3577.594,3582.298,76767238800,akshare,上证指数,sh000001
2025-07-24,3578.912,3608.728,3577.113,3605.727,77326583500,akshare,上证指数,sh000001
2025-07-25,3604.451,3610.029,3586.22,3593.655,69718954900,akshare,上证指数,sh000001
2025-07-28,3594.231,3606.274,3582.149,3597.937,59418787700,akshare,上证指数,sh000001
2025-07-29,3595.81,3611.353,3585.944,3609.711,61064205800,akshare,上证指数,sh000001
2025-07-30,3608.354,3636.166,3593.734,3615.717,63722191600,akshare,上证指数,sh000001
2025-07-31,3604.696,3606.374,3562.607,3573.208,65450934900,akshare,上证指数,sh000001
2025-08-01,3568.261,3581.746,3550.043,3559.952,50956308000,akshare,上证指数,sh000001
2025-08-04,3547.163,3583.309,3547.163,3583.309,45857361800,akshare,上证指数,sh000001
2025-08-05,3588.808,3617.598,3586.969,3617.598,49979778000,akshare,上证指数,sh000001
2025-08-06,3615.808,3634.314,3613.989,3633.995,51246727300,akshare,上证指数,sh000001
2025-08-07,3637.781,3645.117,3622.522,3639.667,53550120200,akshare,上证指数,sh000001
2025-08-08,3634.855,3645.367,3625.451,3635.128,52640757200,akshare,上证指数,sh000001
2025-08-11,3637.053,3656.852,3629.627,3647.547,55139334800,akshare,上证指数,sh000001
2025-08-12,3647.963,3669.038,3647.963,3665.918,53662373900,akshare,上证指数,sh000001
2025-08-13,3668.658,3688.628,3666.547,3683.465,61352888400,akshare,上证指数,sh000001
2025-08-14,3685.522,3704.772,3662.57,3666.443,64782958700,akshare,上证指数,sh000001
2025-08-15,3659.815,3702.255,3658.376,3696.771,67852170300,akshare,上证指数,sh000001
2025-08-18,3712.495,3745.939,3702.38,3728.027,77601666900,akshare,上证指数,sh000001
2025-08-19,3728.485,3746.669,3718.147,3727.288,69609975000,akshare,上证指数,sh000001
2025-08-20,3716.685,3767.43,3704.991,3766.21,67983642600,akshare,上证指数,sh000001
2025-08-21,3770.676,3787.981,3757.992,3771.099,69155295900,akshare,上证指数,sh000001
2025-08-22,3772.277,3825.759,3772.277,3825.759,69813627700,akshare,上证指数,sh000001
2025-08-25,3848.163,3883.562,3839.972,3883.562,88547480200,akshare,上证指数,sh000001
2025-08-26,3871.471,3888.599,3859.758,3868.382,73456530500,akshare,上证指数,sh000001
2025-08-27,3869.612,3887.198,3800.35,3800.35,85863349900,akshare,上证指数,sh000001
2025-08-28,3796.711,3845.087,3761.422,3843.597,78835194700,akshare,上证指数,sh000001
2025-08-29,3842.823,3867.606,3839.206,3857.927,73946236600,akshare,上证指数,sh000001
2025-09-01,3869.746,3879.045,3853.658,3875.53,74770953600,akshare,上证指数,sh000001
2025-09-02,3877.086,3885.315,3828.678,3858.133,76261883300,akshare,上证指数,sh000001
2025-09-03,3865.286,3868.388,3794.884,3813.557,64566851000,akshare,上证指数,sh000001
2025-09-04,3807.757,3808.396,3732.84,3765.876,71022793300,akshare,上证指数,sh000001
2025-09-05,3761.88,3817.159,3745.309,3812.514,62622338000,akshare,上证指数,sh000001
2025-09-08,3811.669,3833.143,3803.603,3826.841,66006689800,akshare,上证指数,sh000001
2025-09-09,3816.657,3834.671,3791.724,3807.292,60023938000,akshare,上证指数,sh000001
2025-09-10,3806.584,3826.996,3794.057,3812.221,53453982500,akshare,上证指数,sh000001
2025-09-11,3806.056,3875.309,3796.435,3875.309,61701293000,akshare,上证指数,sh000001
2025-09-12,3875.507,3892.738,3866.539,3870.598,70064178400,akshare,上证指数,sh000001
2025-09-15,3876.097,3879.737,3855.973,3860.504,64479394400,akshare,上证指数,sh000001
2025-09-16,3865.98,3876.69,3838.648,3861.865,67343972300,akshare,上证指数,sh000001
2025-09-17,3854.073,3882.669,3848.946,3876.341,66343471300,akshare,上证指数,sh000001
2025-09-18,3876.059,3899.959,3800.995,3831.656,87602738900,akshare,上证指数,sh000001
2025-09-19,3830.444,3843.17,3811.903,3820.089,68229261300,akshare,上证指数,sh000001
2025-09-22,3822.01,3831.74,3806.202,3828.576,56832568600,akshare,上证指数,sh000001
2025-09-23,3830.138,3838.606,3774.528,3821.833,70190286800,akshare,上证指数,sh000001
2025-09-24,3804.483,3854.923,3804.328,3853.642,60205667000,akshare,上证指数,sh000001
2025-09-25,3852.431,3866.106,3840.459,3853.302,58995053100,akshare,上证指数,sh000001
2025-09-26,3839.855,3856.606,3828.106,3828.106,55127533500,akshare,上证指数,sh000001
2025-09-29,3828.166,3881.002,3809.535,3862.532,60846639900,akshare,上证指数,sh000001
2025-09-30,3869.705,3887.57,3866.281,3882.777,56973463100,akshare,上证指数,sh000001
2025-10-09,3898.307,3936.576,3885.744,3933.972,72521850100,akshare,上证指数,sh000001
2025-10-10,3915.475,3933.005,3886.305,3897.028,71891767300,akshare,上证指数,sh000001
2025-10-13,3800.106,3895.83,3800.106,3889.502,70950610100,akshare,上证指数,sh000001
2025-10-14,3910.783,3918.436,3851.121,3865.229,80083963100,akshare,上证指数,sh000001
2025-10-15,3867.536,3912.291,3857.667,3912.21,64501295500,akshare,上证指数,sh000001
2025-10-16,3900.683,3931.05,3899.167,3916.228,59545149100,akshare,上证指数,sh000001
2025-10-17,3912.04,3921.065,3835.365,3839.755,61756301800,akshare,上证指数,sh000001
2025-10-20,3865.552,3877.722,3850.367,3863.893,54926171200,akshare,上证指数,sh000001
2025-10-21,3870.749,3919.318,3868.145,3916.332,59941571300,akshare,上证指数,sh000001
2025-10-22,3896.074,3918.592,3893.325,3913.758,54311734400,akshare,上证指数,sh000001
2025-10-23,3904.159,3926.217,3877.529,3922.41,56518926400,akshare,上证指数,sh000001
2025-10-24,3929.115,3950.312,3928.96,3950.312,56785844300,akshare,上证指数,sh000001
2025-10-27,3969.22,3999.067,3963.102,3996.945,63758954500,akshare,上证指数,sh000001
2025-10-28,3986.891,4010.728,3976.833,3988.224,57735768400,akshare,上证指数,sh000001
2025-10-29,3990.266,4016.331,3986.941,4016.331,61291746600,akshare,上证指数,sh000001
2025-10-30,4007.821,4025.705,3984.828,3986.901,66848560900,akshare,上证指数,sh000001
2025-10-31,3985.064,3986.743,3951.731,3954.79,67561540600,akshare,上证指数,sh000001
2025-11-03,3954.078,3977.305,3937.022,3976.521,64124594500,akshare,上证指数,sh000001
2025-11-04,3973.458,3985.882,3938.52,3960.186,61549379200,akshare,上证指数,sh000001
2025-11-05,3922.584,3979.754,3922.584,3969.248,61499161800,akshare,上证指数,sh000001
2025-11-06,3973.349,4008.799,3973.349,4007.76,62736754700,akshare,上证指数,sh000001
2025-11-07,3994.317,4012.005,3993.691,3997.556,59650703400,akshare,上证指数,sh000001
2025-11-10,4001.794,4018.696,3990.836,4018.597,63404999300,akshare,上证指数,sh000001
2025-11-11,4023.877,4024.939,3991.516,4002.758,58199492100,akshare,上证指数,sh000001
2025-11-12,3996.565,4020.378,3980.676,4000.14,58619322800,akshare,上证指数,sh000001
2025-11-13,3996.514,4030.398,3994.771,4029.501,61303106100,akshare,上证指数,sh000001
2025-11-14,4007.126,4034.079,3990.307,3990.492,62201711800,akshare,上证指数,sh000001
2025-11-17,3988.556,3992.404,3958.948,3972.035,59201795000,akshare,上证指数,sh000001
2025-11-18,3962.444,3966.885,3926.589,3939.813,59441104600,akshare,上证指数,sh000001
2025-11-19,3937.92,3960.052,3930.075,3946.742,53114960100,akshare,上证指数,sh000001
2025-11-20,3960.699,3967.971,3927.512,3931.051,53474954000,akshare,上证指数,sh000001
2025-11-21,3896.665,3912.006,3834.749,3834.891,63164625100,akshare,上证指数,sh000001
2025-11-24,3848.657,3854.331,3816.576,3836.766,50460171600,akshare,上证指数,sh000001
2025-11-25,3850.571,3882.03,3845.138,3870.023,47872761100,akshare,上证指数,sh000001
2025-11-26,3867.429,3879.923,3861.177,3864.184,45758975500,akshare,上证指数,sh000001
2025-11-27,3867.197,3895.589,3864.131,3875.259,44402194700,akshare,上证指数,sh000001
2025-11-28,3870.944,3888.889,3856.25,3888.596,44993197300,akshare,上证指数,sh000001
2025-12-01,3894.213,3914.464,3890.949,3914.006,53755413300,akshare,上证指数,sh000001
2025-12-02,3908.456,3908.769,3888.328,3897.712,45558449400,akshare,上证指数,sh000001
2025-12-03,3894.156,3901.696,3869.953,3878.0,48561727000,akshare,上证指数,sh000001
2025-12-04,3879.742,3888.86,3859.049,3875.793,44504029000,akshare,上证指数,sh000001
2025-12-05,3873.121,3907.782,3863.314,3902.808,50036876800,akshare,上证指数,sh000001
2025-12-08,3909.226,3936.311,3904.738,3924.078,54734978900,akshare,上证指数,sh000001
2025-12-09,3916.509,3923.899,3902.128,3909.522,52453825600,akshare,上证指数,sh000001
2025-12-10,3901.128,3906.116,3876.475,3900.496,49733150400,akshare,上证指数,sh000001
2025-12-11,3903.895,3904.963,3862.821,3873.318,52565860000,akshare,上证指数,sh000001
2025-12-12,3869.413,3891.807,3850.597,3889.346,57394713000,akshare,上证指数,sh000001
2025-12-15,3865.402,3896.977,3863.63,3867.921,50092279000,akshare,上证指数,sh000001
2025-12-16,3861.515,3862.427,3815.844,3824.812,51249482700,akshare,上证指数,sh000001
2025-12-17,3822.509,3881.752,3817.996,3870.278,51231369200,akshare,上证指数,sh000001
2025-12-18,3857.257,3888.285,3856.423,3876.371,46117262500,akshare,上证指数,sh000001
2025-12-19,3878.227,3902.671,3871.777,3890.448,51351189300,akshare,上证指数,sh000001
2025-12-22,3900.535,3920.012,3900.515,3917.364,52293899200,akshare,上证指数,sh000001
2025-12-23,3919.106,3937.127,3910.745,3919.979,52115695200,akshare,上证指数,sh000001
2025-12-24,3920.347,3947.041,3912.311,3940.947,47489644700,akshare,上证指数,sh000001
2025-12-25,3937.72,3964.073,3936.078,3959.621,46931309300,akshare,上证指数,sh000001
2025-12-26,3957.833,3977.706,3945.524,3963.679,55548959200,akshare,上证指数,sh000001
2025-12-29,3964.651,3983.979,3956.946,3965.28,56368719700,akshare,上证指数,sh000001
2025-12-30,3947.871,3979.99,3947.419,3965.116,52593258800,akshare,上证指数,sh000001
2025-12-31,3968.726,3977.536,3955.487,3968.84,49075149000,akshare,上证指数,sh000001
2026-01-05,3986.972,4025.263,3983.576,4023.417,59695045500,akshare,上证指数,sh000001
2026-01-06,4026.016,4083.667,4025.088,4083.667,70247227000,akshare,上证指数,sh000001
2026-01-07,4083.843,4098.777,4069.436,4085.772,68338435200,akshare,上证指数,sh000001
2026-01-08,4077.715,4093.872,4067.122,4082.979,66613133700,akshare,上证指数,sh000001
2026-01-09,4086.762,4121.723,4083.616,4120.426,72983798500,akshare,上证指数,sh000001
2026-01-12,4134.893,4168.357,4119.879,4165.287,83945608900,akshare,上证指数,sh000001
2026-01-13,4169.704,4179.702,4126.234,4138.759,86838271700,akshare,上证指数,sh000001
2026-01-14,4138.645,4190.866,4103.621,4126.093,95255128900,akshare,上证指数,sh000001
2026-01-15,4106.224,4133.073,4096.85,4112.601,68025079100,akshare,上证指数,sh000001
2026-01-16,4127.063,4140.225,4091.811,4101.913,76358846500,akshare,上证指数,sh000001
2026-01-19,4090.719,4126.518,4090.057,4114.0,68890587000,akshare,上证指数,sh000001
2026-01-20,4116.366,4128.93,4080.294,4113.649,73436249600,akshare,上证指数,sh000001
2026-01-21,4103.529,4135.959,4103.529,4116.94,66698950700,akshare,上证指数,sh000001
2026-01-22,4126.072,4140.838,4109.923,4122.576,70969540900,akshare,上证指数,sh000001
2026-01-23,4130.108,4143.75,4120.204,4136.164,78211545400,akshare,上证指数,sh000001
2026-01-26,4144.778,4160.985,4124.7,4132.605,88743973100,akshare,上证指数,sh000001
2026-01-27,4125.216,4158.802,4101.83,4139.904,75499086900,akshare,上证指数,sh000001
2026-01-28,4150.215,4170.147,4138.019,4151.238,82302674800,akshare,上证指数,sh000001
2026-01-29,4155.919,4170.214,4138.299,4157.985,90590837100,akshare,上证指数,sh000001
2026-01-30,4131.993,4152.85,4064.777,4117.948,80434274600,akshare,上证指数,sh000001
2026-02-02,4079.708,4103.407,4013.656,4015.746,73295369800,akshare,上证指数,sh000001
2026-02-03,4043.906,4069.418,4002.782,4067.738,63768424900,akshare,上证指数,sh000001
2026-02-04,4064.677,4104.621,4062.683,4102.202,67425424400,akshare,上证指数,sh000001
2026-02-05,4075.025,4088.904,4048.939,4075.917,59672223600,akshare,上证指数,sh000001
2026-02-06,4040.299,4095.03,4029.973,4065.583,55670980100,akshare,上证指数,sh000001
2026-02-09,4103.54,4123.159,4093.056,4123.09,57263258200,akshare,上证指数,sh000001
2026-02-10,4127.766,4134.338,4117.564,4128.373,52462096900,akshare,上证指数,sh000001
2026-02-11,4124.428,4142.561,4122.428,4131.985,50068527800,akshare,上证指数,sh000001
2026-02-12,4136.99,4140.593,4124.131,4134.018,52937011600,akshare,上证指数,sh000001
2026-02-13,4115.924,4123.844,4079.77,4082.073,50079947200,akshare,上证指数,sh000001
2026-02-24,4129.134,4131.55,4105.937,4117.409,56632224900,akshare,上证指数,sh000001
2026-02-25,4123.781,4167.844,4122.699,4147.231,72478721400,akshare,上证指数,sh000001
2026-02-26,4151.068,4152.193,4127.153,4146.631,65170282600,akshare,上证指数,sh000001
2026-02-27,4128.897,4166.234,4128.36,4162.882,68204764600,akshare,上证指数,sh000001
2026-03-02,4151.801,4188.77,4131.368,4182.591,86157921800,akshare,上证指数,sh000001
2026-03-03,4189.408,4197.228,4116.011,4122.676,92113917000,akshare,上证指数,sh000001
2026-03-04,4087.632,4106.04,4055.413,4082.474,76516953100,akshare,上证指数,sh000001
2026-03-05,4109.777,4125.617,4090.621,4108.567,68974653500,akshare,上证指数,sh000001
2026-03-06,4085.895,4129.465,4085.895,4124.194,64676576000,akshare,上证指数,sh000001
2026-03-09,4098.699,4106.534,4052.545,4096.602,79780355600,akshare,上证指数,sh000001
2026-03-10,4098.587,4123.958,4098.587,4123.138,67492219400,akshare,上证指数,sh000001
2026-03-11,4123.666,4135.839,4112.8,4133.433,70772716900,akshare,上证指数,sh000001
2026-03-12,4133.2,4141.649,4103.164,4129.103,78615118200,akshare,上证指数,sh000001
2026-03-13,4117.574,4134.079,4086.847,4095.449,79205476400,akshare,上证指数,sh000001
2026-03-16,4092.249,4096.133,4048.087,4084.786,73222709800,akshare,上证指数,sh000001
2026-03-17,4086.295,4108.4,4049.58,4049.907,67877122400,akshare,上证指数,sh000001
2026-03-18,4053.305,4065.373,4023.03,4062.984,62387310200,akshare,上证指数,sh000001
2026-03-19,4028.542,4042.022,3994.165,4006.552,66725542200,akshare,上证指数,sh000001
2026-03-20,4004.573,4022.703,3955.711,3957.053,66679838700,akshare,上证指数,sh000001
2026-03-23,3904.951,3906.622,3794.684,3813.283,80473885000,akshare,上证指数,sh000001
2026-03-24,3849.631,3881.424,3807.994,3881.28,68062203900,akshare,上证指数,sh000001
2026-03-25,3892.269,3933.061,3891.816,3931.838,68834362600,akshare,上证指数,sh000001
2026-03-26,3924.962,3937.104,3880.573,3889.084,61597398100,akshare,上证指数,sh000001
2026-03-27,3852.094,3924.108,3852.094,3913.724,56134296300,akshare,上证指数,sh000001
2026-03-30,3884.277,3924.289,3872.776,3923.287,59558947900,akshare,上证指数,sh000001
2026-03-31,3924.067,3948.811,3891.861,3891.861,60670498300,akshare,上证指数,sh000001
2026-04-01,3939.566,3955.943,3929.921,3948.552,56461159800,akshare,上证指数,sh000001
2026-04-02,3940.799,3952.576,3900.116,3919.285,54421283500,akshare,上证指数,sh000001
2026-04-03,3927.592,3929.529,3871.3,3880.097,49269908200,akshare,上证指数,sh000001
2026-04-07,3884.151,3902.607,3875.684,3890.165,47361507600,akshare,上证指数,sh000001
2026-04-08,3930.251,3994.998,3926.249,3994.998,64413535200,akshare,上证指数,sh000001
2026-04-09,3967.63,3979.127,3955.246,3966.171,54156980100,akshare,上证指数,sh000001
2026-04-10,3985.464,4011.024,3979.814,3986.225,54641554100,akshare,上证指数,sh000001
2026-04-13,3971.199,3991.262,3966.198,3988.558,54578176800,akshare,上证指数,sh000001
2026-04-14,4006.727,4026.626,3992.407,4026.626,57025900300,akshare,上证指数,sh000001
2026-04-15,4039.471,4050.621,4020.904,4027.21,56945858900,akshare,上证指数,sh000001
2026-04-16,4030.138,4057.831,4028.909,4055.547,54587696700,akshare,上证指数,sh000001
2026-04-17,4043.381,4058.604,4038.429,4051.425,54879140600,akshare,上证指数,sh000001
2026-04-20,4053.375,4083.19,4051.685,4082.127,58984137900,akshare,上证指数,sh000001
2026-04-21,4075.845,4086.637,4062.133,4085.077,57668945000,akshare,上证指数,sh000001
2026-04-22,4074.813,4106.844,4074.68,4106.258,58246634600,akshare,上证指数,sh000001
2026-04-23,4110.788,4114.844,4070.46,4093.25,67116609200,akshare,上证指数,sh000001
2026-04-24,4081.033,4092.613,4061.145,4079.9,60503179800,akshare,上证指数,sh000001
2026-04-27,4074.811,4092.831,4071.08,4086.344,58995086700,akshare,上证指数,sh000001
2026-04-28,4076.143,4090.201,4062.872,4078.637,60050749800,akshare,上证指数,sh000001
2026-04-29,4061.822,4112.152,4061.822,4107.514,61422145100,akshare,上证指数,sh000001
2026-04-30,4107.297,4118.755,4100.966,4112.159,65691272800,akshare,上证指数,sh000001
2026-05-06,4135.451,4166.147,4129.911,4160.174,70117748000,akshare,上证指数,sh000001
2026-05-07,4168.447,4180.21,4163.137,4180.092,68557424900,akshare,上证指数,sh000001
2026-05-08,4163.854,4183.063,4154.246,4179.952,69701909400,akshare,上证指数,sh000001
2026-05-11,4201.347,4229.58,4186.082,4225.021,76273628700,akshare,上证指数,sh000001
2026-05-12,4229.283,4230.184,4199.344,4214.489,71898400200,akshare,上证指数,sh000001
2026-05-13,4192.315,4245.068,4192.315,4242.572,70501873900,akshare,上证指数,sh000001
2026-05-14,4256.157,4258.863,4177.918,4177.918,76423500400,akshare,上证指数,sh000001
2026-05-15,4174.175,4191.807,4114.086,4135.389,73316235700,akshare,上证指数,sh000001
2026-05-18,4120.14,4145.661,4108.604,4131.528,62723313700,akshare,上证指数,sh000001
2026-05-19,4122.961,4170.289,4107.994,4169.538,61761106700,akshare,上证指数,sh000001
2026-05-20,4152.698,4169.847,4139.974,4162.185,62415203500,akshare,上证指数,sh000001
2026-05-21,4174.377,4199.527,4074.217,4077.277,72721870100,akshare,上证指数,sh000001
2026-05-22,4096.172,4120.088,4067.747,4112.9,58945964400,akshare,上证指数,sh000001
