date,open,high,low,close,volume,source,label,ticker
2011-05-30,11456.306,11595.138,11405.062,11478.206,3848136448,akshare,深证成指,sz399001
2011-05-31,11485.748,11665.141,11420.942,11665.141,4206476544,akshare,深证成指,sz399001
2011-06-01,11648.862,11719.644,11593.826,11699.827,4342361088,akshare,深证成指,sz399001
2011-06-02,11566.428,11613.5,11366.119,11506.521,4649949184,akshare,深证成指,sz399001
2011-06-03,11492.33,11690.092,11487.299,11642.401,4101258496,akshare,深证成指,sz399001
2011-06-07,11614.001,11756.904,11599.313,11741.259,4011241472,akshare,深证成指,sz399001
2011-06-08,11726.326,11787.121,11581.636,11761.103,4835774976,akshare,深证成指,sz399001
2011-06-09,11725.209,11735.214,11508.39,11513.203,4877283328,akshare,深证成指,sz399001
2011-06-10,11508.583,11596.583,11454.036,11593.379,4338783744,akshare,深证成指,sz399001
2011-06-13,11518.06,11558.658,11427.153,11521.984,3638312704,akshare,深证成指,sz399001
2011-06-14,11501.22,11765.124,11495.108,11732.036,4896489472,akshare,深证成指,sz399001
2011-06-15,11703.194,11794.544,11614.377,11615.969,4489416192,akshare,深证成指,sz399001
2011-06-16,11516.651,11551.317,11417.576,11435.987,4157182208,akshare,深证成指,sz399001
2011-06-17,11451.76,11567.002,11409.157,11409.157,3609378816,akshare,深证成指,sz399001
2011-06-20,11408.361,11446.757,11288.623,11328.67,3314439936,akshare,深证成指,sz399001
2011-06-21,11360.93,11514.25,11360.93,11509.982,3854500608,akshare,深证成指,sz399001
2011-06-22,11524.627,11598.754,11484.732,11543.654,3739523328,akshare,深证成指,sz399001
2011-06-23,11511.91,11817.223,11474.979,11775.317,4814255104,akshare,深证成指,sz399001
2011-06-24,11749.927,12092.23,11732.213,11996.08,7248268288,akshare,深证成指,sz399001
2011-06-27,12005.058,12106.652,11947.491,12026.293,6509142016,akshare,深证成指,sz399001
2011-06-28,12056.526,12067.09,11928.995,12047.09,5401734144,akshare,深证成指,sz399001
2011-06-29,12048.858,12102.351,11911.834,11913.201,5221327360,akshare,深证成指,sz399001
2011-06-30,11935.828,12157.559,11930.35,12110.931,5632382976,akshare,深证成指,sz399001
2011-07-01,12148.967,12267.807,12087.917,12178.083,5933350400,akshare,深证成指,sz399001
2011-07-04,12241.664,12475.389,12241.664,12441.168,7690360832,akshare,深证成指,sz399001
2011-07-05,12432.97,12486.708,12382.821,12440.37,7403431936,akshare,深证成指,sz399001
2011-07-06,12420.626,12446.778,12311.146,12425.68,6817832960,akshare,深证成指,sz399001
2011-07-07,12440.862,12548.978,12375.229,12392.927,7737943552,akshare,深证成指,sz399001
2011-07-08,12390.339,12478.844,12343.657,12404.341,5764875776,akshare,深证成指,sz399001
2011-07-11,12357.578,12494.238,12302.242,12438.564,5800512512,akshare,深证成指,sz399001
2011-07-12,12344.063,12381.105,12232.217,12268.188,6782022144,akshare,深证成指,sz399001
2011-07-13,12285.88,12491.381,12285.88,12479.154,6267319808,akshare,深证成指,sz399001
2011-07-14,12515.687,12546.51,12355.222,12440.829,7261764608,akshare,深证成指,sz399001
2011-07-15,12390.097,12511.386,12355.576,12506.936,7929013760,akshare,深证成指,sz399001
2011-07-18,12511.685,12537.79,12461.06,12490.55,7072572928,akshare,深证成指,sz399001
2011-07-19,12429.234,12448.026,12358.554,12381.463,6158823936,akshare,深证成指,sz399001
2011-07-20,12445.688,12470.001,12277.387,12393.988,5592658944,akshare,深证成指,sz399001
2011-07-21,12390.0,12425.489,12296.246,12301.405,5472647168,akshare,深证成指,sz399001
2011-07-22,12331.138,12432.032,12307.748,12352.502,4922701312,akshare,深证成指,sz399001
2011-07-25,12258.119,12289.506,11919.847,11966.244,6651939840,akshare,深证成指,sz399001
2011-07-26,11951.935,12011.595,11909.698,12008.533,4425714688,akshare,深证成指,sz399001
2011-07-27,11922.66,12143.694,11885.9,12116.861,5054976512,akshare,深证成指,sz399001
2011-07-28,12014.362,12093.965,11952.344,12085.922,5056048640,akshare,深证成指,sz399001
2011-07-29,12069.956,12116.378,11915.216,11990.428,4639368192,akshare,深证成指,sz399001
2011-08-01,11975.275,12074.945,11940.887,12002.416,3977554688,akshare,深证成指,sz399001
2011-08-02,11927.464,11932.042,11752.602,11932.042,4733150208,akshare,深证成指,sz399001
2011-08-03,11813.38,12011.86,11809.981,11922.369,4736173056,akshare,深证成指,sz399001
2011-08-04,11954.445,12047.872,11901.458,11934.414,4497073664,akshare,深证成指,sz399001
2011-08-05,11585.94,11769.68,11547.154,11701.763,5304416768,akshare,深证成指,sz399001
2011-08-08,11576.574,11693.981,11107.11,11312.626,6765273088,akshare,深证成指,sz399001
2011-08-09,11007.553,11380.069,10926.471,11315.081,6400385536,akshare,深证成指,sz399001
2011-08-10,11519.313,11574.746,11441.908,11449.582,6186862592,akshare,深证成指,sz399001
2011-08-11,11260.415,11627.494,11260.415,11627.494,6263183360,akshare,深证成指,sz399001
2011-08-12,11683.62,11738.869,11630.289,11651.29,6598377984,akshare,深证成指,sz399001
2011-08-15,11686.432,11767.742,11611.233,11767.742,6575787520,akshare,深证成指,sz399001
2011-08-16,11782.133,11797.421,11628.346,11665.412,5738393088,akshare,深证成指,sz399001
2011-08-17,11648.006,11726.155,11577.804,11598.283,4980827136,akshare,深证成指,sz399001
2011-08-18,11597.119,11618.518,11399.673,11414.159,5091596800,akshare,深证成指,sz399001
2011-08-19,11218.657,11337.566,11191.546,11301.532,4611238400,akshare,深证成指,sz399001
2011-08-22,11315.301,11377.448,11083.396,11112.638,4041301248,akshare,深证成指,sz399001
2011-08-23,11146.64,11243.419,11120.594,11243.419,4251979776,akshare,深证成指,sz399001
2011-08-24,11313.981,11369.98,11225.523,11238.952,4827088384,akshare,深证成指,sz399001
2011-08-25,11268.798,11605.069,11229.399,11598.929,5907067392,akshare,深证成指,sz399001
2011-08-26,11547.554,11599.877,11472.279,11568.169,5159934464,akshare,深证成指,sz399001
2011-08-29,11464.883,11484.455,11356.574,11372.381,5090373120,akshare,深证成指,sz399001
2011-08-30,11457.931,11573.276,11328.988,11344.452,5104938496,akshare,深证成指,sz399001
2011-08-31,11371.249,11436.121,11306.283,11397.481,4080996608,akshare,深证成指,sz399001
2011-09-01,11425.106,11491.352,11308.947,11352.864,3764083456,akshare,深证成指,sz399001
2011-09-02,11324.011,11353.965,11176.039,11228.295,3431059200,akshare,深证成指,sz399001
2011-09-05,11129.366,11131.778,10954.899,10954.899,3394112512,akshare,深证成指,sz399001
2011-09-06,10887.588,10966.733,10736.334,10778.434,3035031552,akshare,深证成指,sz399001
2011-09-07,10852.085,11011.18,10810.913,11011.18,3899867136,akshare,深证成指,sz399001
2011-09-08,11063.013,11069.41,10933.314,10933.314,3656064000,akshare,深证成指,sz399001
2011-09-09,10990.505,11101.712,10850.501,10892.393,3132311808,akshare,深证成指,sz399001
2011-09-13,10738.604,10806.368,10669.469,10775.299,3055405312,akshare,深证成指,sz399001
2011-09-14,10807.619,10847.185,10604.644,10822.403,3297127424,akshare,深证成指,sz399001
2011-09-15,10839.577,10938.822,10813.198,10848.02,3556305152,akshare,深证成指,sz399001
2011-09-16,10905.595,10955.625,10860.053,10878.228,3353193728,akshare,深证成指,sz399001
2011-09-19,10815.796,10815.796,10646.494,10657.625,3334129664,akshare,深证成指,sz399001
2011-09-20,10635.471,10740.944,10569.194,10679.299,3194571520,akshare,深证成指,sz399001
2011-09-21,10683.287,11035.238,10639.416,10991.849,5358778880,akshare,深证成指,sz399001
2011-09-22,10896.613,10941.799,10660.465,10660.465,4870057472,akshare,深证成指,sz399001
2011-09-23,10466.035,10618.118,10392.914,10538.397,4223316736,akshare,深证成指,sz399001
2011-09-26,10433.109,10602.086,10299.354,10328.473,3813132032,akshare,深证成指,sz399001
2011-09-27,10416.897,10513.94,10314.53,10448.661,3687786496,akshare,深证成指,sz399001
2011-09-28,10522.355,10549.903,10327.53,10369.932,3655339520,akshare,深证成指,sz399001
2011-09-29,10296.694,10411.702,10224.725,10287.902,3906706176,akshare,深证成指,sz399001
2011-09-30,10340.038,10383.516,10249.777,10292.334,2943612672,akshare,深证成指,sz399001
2011-10-10,10315.964,10343.661,10158.411,10170.746,2576866304,akshare,深证成指,sz399001
2011-10-11,10416.608,10452.334,9953.125,10065.472,3857334016,akshare,深证成指,sz399001
2011-10-12,9997.561,10444.02,9949.137,10425.931,5319465472,akshare,深证成指,sz399001
2011-10-13,10399.393,10564.55,10362.35,10481.84,5624338944,akshare,深证成指,sz399001
2011-10-14,10457.753,10500.114,10352.256,10438.261,4056825856,akshare,深证成指,sz399001
2011-10-17,10455.512,10588.132,10450.513,10513.489,4048649216,akshare,深证成指,sz399001
2011-10-18,10442.566,10469.175,10215.938,10226.927,4373827072,akshare,深证成指,sz399001
2011-10-19,10255.599,10304.316,10094.331,10105.74,3617952256,akshare,深证成指,sz399001
2011-10-20,10049.367,10049.367,9721.114,9796.234,4085821440,akshare,深证成指,sz399001
2011-10-21,9799.955,9857.972,9691.599,9697.212,3121144576,akshare,深证成指,sz399001
2011-10-24,9735.344,9977.599,9653.512,9957.622,4183814656,akshare,深证成指,sz399001
2011-10-25,9954.226,10241.097,9916.347,10203.4,5745588224,akshare,深证成指,sz399001
2011-10-26,10146.748,10418.347,10144.428,10315.748,6666197504,akshare,深证成指,sz399001
2011-10-27,10341.413,10400.467,10293.203,10323.288,5222232064,akshare,深证成指,sz399001
2011-10-28,10476.643,10637.102,10474.547,10561.993,6832394752,akshare,深证成指,sz399001
2011-10-31,10546.413,10546.413,10415.553,10480.912,5991344128,akshare,深证成指,sz399001
2011-11-01,10389.016,10563.472,10364.708,10441.702,6012499456,akshare,深证成指,sz399001
2011-11-02,10291.617,10581.751,10233.633,10581.751,7211590656,akshare,深证成指,sz399001
2011-11-03,10618.459,10777.766,10618.459,10624.117,9775348736,akshare,深证成指,sz399001
2011-11-04,10721.484,10791.393,10642.505,10699.488,6974907392,akshare,深证成指,sz399001
2011-11-07,10660.148,10717.212,10579.421,10591.66,5393448448,akshare,深证成指,sz399001
2011-11-08,10619.409,10663.658,10519.257,10541.102,5318790656,akshare,深证成指,sz399001
2011-11-09,10575.183,10636.504,10455.687,10625.881,5676930048,akshare,深证成指,sz399001
2011-11-10,10508.722,10567.483,10464.365,10477.553,6391858176,akshare,深证成指,sz399001
2011-11-11,10500.573,10531.137,10375.381,10418.934,5287077376,akshare,深证成指,sz399001
2011-11-14,10501.73,10645.684,10495.698,10645.684,6410128896,akshare,深证成指,sz399001
2011-11-15,10631.046,10640.323,10545.008,10582.998,6084983808,akshare,深证成指,sz399001
2011-11-16,10593.55,10595.88,10282.255,10313.332,6898508288,akshare,深证成指,sz399001
2011-11-17,10317.322,10408.605,10296.516,10303.16,4985669120,akshare,深证成指,sz399001
2011-11-18,10236.985,10242.066,10002.773,10025.168,5366502400,akshare,深证成指,sz399001
2011-11-21,10032.465,10063.847,9953.573,10033.793,3762328320,akshare,深证成指,sz399001
2011-11-22,9971.683,10052.443,9922.298,10028.204,3765750016,akshare,深证成指,sz399001
2011-11-23,10043.017,10076.678,9933.213,9957.318,3609801472,akshare,深证成指,sz399001
2011-11-24,9889.551,10023.067,9837.852,9966.743,3987525120,akshare,深证成指,sz399001
2011-11-25,9943.66,9999.552,9866.275,9886.245,3660605696,akshare,深证成指,sz399001
2011-11-28,9908.124,9961.657,9833.444,9884.696,3487966720,akshare,深证成指,sz399001
2011-11-29,9970.921,10012.937,9903.178,10012.937,4197259776,akshare,深证成指,sz399001
2011-11-30,9991.948,9991.948,9626.759,9693.385,5399708672,akshare,深证成指,sz399001
2011-12-01,9976.523,10102.354,9902.82,9917.863,6150515200,akshare,深证成指,sz399001
2011-12-02,9868.405,9898.094,9757.949,9808.231,4100199936,akshare,深证成指,sz399001
2011-12-05,9805.451,9807.694,9572.017,9586.084,3641167872,akshare,深证成指,sz399001
2011-12-06,9568.872,9618.411,9505.225,9586.944,3116783360,akshare,深证成指,sz399001
2011-12-07,9582.383,9656.233,9551.211,9606.247,2736289024,akshare,深证成指,sz399001
2011-12-08,9603.145,9712.137,9477.13,9580.517,3625668096,akshare,深证成指,sz399001
2011-12-09,9516.245,9583.154,9439.835,9480.266,2934932224,akshare,深证成指,sz399001
2011-12-12,9457.831,9467.044,9365.378,9376.279,2667331072,akshare,深证成指,sz399001
2011-12-13,9343.235,9367.755,9175.175,9190.875,3828080128,akshare,深证成指,sz399001
2011-12-14,9164.214,9234.683,9064.633,9093.025,2994579968,akshare,深证成指,sz399001
2011-12-15,9041.063,9041.063,8850.468,8871.088,3891881472,akshare,深证成指,sz399001
2011-12-16,8864.945,9081.94,8849.796,9081.94,3945584128,akshare,深证成指,sz399001
2011-12-19,9002.683,9089.874,8808.66,9054.08,4081607680,akshare,深证成指,sz399001
2011-12-20,9020.969,9166.658,9013.348,9031.669,3983159552,akshare,深证成指,sz399001
2011-12-21,9111.32,9147.217,8884.253,8884.253,3598072320,akshare,深证成指,sz399001
2011-12-22,8828.619,8992.022,8710.57,8909.348,4391369728,akshare,深证成指,sz399001
2011-12-23,8899.222,9100.293,8866.637,8976.521,3798403584,akshare,深证成指,sz399001
2011-12-26,8931.581,9038.136,8875.103,8876.194,3043141376,akshare,深证成指,sz399001
2011-12-27,8876.623,8904.951,8692.376,8711.552,3431498752,akshare,深证成指,sz399001
2011-12-28,8667.333,8746.535,8555.116,8739.728,3653412096,akshare,深证成指,sz399001
2011-12-29,8693.141,8831.804,8682.608,8781.319,3208918528,akshare,深证成指,sz399001
2011-12-30,8805.407,8942.856,8805.407,8918.816,3506163968,akshare,深证成指,sz399001
2012-01-04,8980.756,9025.66,8695.199,8695.987,3416350208,akshare,深证成指,sz399001
2012-01-05,8653.102,8744.221,8566.064,8600.259,3863459584,akshare,深证成指,sz399001
2012-01-06,8597.373,8643.286,8486.576,8634.418,3396619520,akshare,深证成指,sz399001
2012-01-09,8638.525,8946.879,8532.665,8946.085,4765147648,akshare,深证成指,sz399001
2012-01-10,8930.56,9291.312,8909.25,9281.245,7367610880,akshare,深证成指,sz399001
2012-01-11,9278.053,9312.056,9186.155,9239.213,6272701952,akshare,深证成指,sz399001
2012-01-12,9191.544,9344.736,9177.594,9200.926,5145739264,akshare,深证成指,sz399001
2012-01-13,9216.96,9258.307,8951.717,9030.588,5028944384,akshare,深证成指,sz399001
2012-01-16,8951.177,9024.417,8823.797,8827.474,3354945024,akshare,深证成指,sz399001
2012-01-17,8835.878,9305.422,8762.571,9264.09,5373119488,akshare,深证成指,sz399001
2012-01-18,9326.435,9399.016,9085.037,9115.269,5510265344,akshare,深证成指,sz399001
2012-01-19,9119.88,9363.051,9078.984,9300.217,4439240192,akshare,深证成指,sz399001
2012-01-20,9348.448,9503.372,9259.018,9466.144,4320292352,akshare,深证成指,sz399001
2012-01-30,9482.208,9482.208,9274.852,9274.852,3608184320,akshare,深证成指,sz399001
2012-01-31,9278.088,9324.805,9213.139,9303.649,3165093376,akshare,深证成指,sz399001
2012-02-01,9277.792,9403.366,9173.069,9193.388,3515428608,akshare,深证成指,sz399001
2012-02-02,9222.241,9382.127,9174.719,9382.127,3955403264,akshare,深证成指,sz399001
2012-02-03,9349.284,9472.023,9292.781,9436.992,5384419840,akshare,深证成指,sz399001
2012-02-06,9451.174,9526.786,9404.486,9448.642,5361747456,akshare,深证成指,sz399001
2012-02-07,9393.757,9393.757,9206.857,9266.714,4639745536,akshare,深证成指,sz399001
2012-02-08,9259.636,9605.203,9236.155,9557.575,5681477120,akshare,深证成指,sz399001
2012-02-09,9548.22,9630.347,9493.929,9560.727,7165563392,akshare,深证成指,sz399001
2012-02-10,9539.704,9699.3,9539.704,9590.954,6395192320,akshare,深证成指,sz399001
2012-02-13,9463.947,9670.777,9420.397,9585.076,6532289536,akshare,深证成指,sz399001
2012-02-14,9574.874,9597.078,9478.593,9543.775,5726853120,akshare,深证成指,sz399001
2012-02-15,9523.649,9725.222,9515.79,9673.439,7392936960,akshare,深证成指,sz399001
2012-02-16,9647.15,9727.029,9557.941,9622.83,7406210560,akshare,深证成指,sz399001
2012-02-17,9681.447,9719.53,9553.587,9615.339,5613697024,akshare,深证成指,sz399001
2012-02-20,9741.153,9755.757,9616.649,9616.649,6980809728,akshare,深证成指,sz399001
2012-02-21,9632.441,9695.87,9539.826,9695.87,6534021632,akshare,深证成指,sz399001
2012-02-22,9709.933,9865.768,9701.562,9862.535,9207419904,akshare,深证成指,sz399001
2012-02-23,9859.43,9958.748,9840.054,9918.942,8491555328,akshare,深证成指,sz399001
2012-02-24,9922.164,10131.133,9907.026,10124.154,9035341824,akshare,深证成指,sz399001
2012-02-27,10157.181,10333.918,10157.181,10177.332,10776637440,akshare,深证成指,sz399001
2012-02-28,10155.038,10233.069,10087.056,10161.86,8755976192,akshare,深证成指,sz399001
2012-02-29,10126.684,10214.631,10048.794,10054.845,6699042304,akshare,深证成指,sz399001
2012-03-01,10011.119,10125.671,10011.119,10060.957,5562601984,akshare,深证成指,sz399001
2012-03-02,10078.82,10301.642,10078.82,10299.935,7322740224,akshare,深证成指,sz399001
2012-03-05,10338.001,10379.459,10217.526,10226.438,8100640256,akshare,深证成指,sz399001
2012-03-06,10193.234,10225.052,10070.492,10093.814,7555822080,akshare,深证成指,sz399001
2012-03-07,9997.888,10173.659,9991.327,10054.865,7049799680,akshare,深证成指,sz399001
2012-03-08,10092.132,10228.235,10084.523,10171.128,6796418048,akshare,深证成指,sz399001
2012-03-09,10202.945,10334.384,10161.721,10334.384,7326550016,akshare,深证成指,sz399001
2012-03-12,10322.949,10373.922,10228.386,10300.503,7502153216,akshare,深证成指,sz399001
2012-03-13,10308.642,10427.243,10292.046,10427.243,7633937920,akshare,深证成指,sz399001
2012-03-14,10487.295,10528.997,10063.785,10094.891,12309332992,akshare,深证成指,sz399001
2012-03-15,10101.275,10173.383,10013.432,10086.556,8299724800,akshare,深证成指,sz399001
2012-03-16,10115.31,10284.253,10071.583,10279.302,7150017536,akshare,深证成指,sz399001
2012-03-19,10256.511,10306.464,10186.075,10296.165,6992950784,akshare,深证成指,sz399001
2012-03-20,10255.255,10255.255,10110.377,10116.391,6766129664,akshare,深证成指,sz399001
2012-03-21,10152.301,10225.54,10006.917,10090.436,6436174848,akshare,深证成指,sz399001
2012-03-22,10082.249,10116.952,10008.879,10038.954,5362983936,akshare,深证成指,sz399001
2012-03-23,10002.896,10029.442,9858.373,9885.25,5220387328,akshare,深证成指,sz399001
2012-03-26,9871.889,9956.355,9871.889,9946.136,4203964160,akshare,深证成指,sz399001
2012-03-27,9959.444,10008.683,9830.513,9841.383,4554159616,akshare,深证成指,sz399001
2012-03-28,9800.29,9824.619,9515.98,9531.149,6078582784,akshare,深证成指,sz399001
2012-03-29,9478.122,9565.007,9352.168,9418.225,5309268480,akshare,深证成指,sz399001
2012-03-30,9426.636,9505.142,9365.526,9410.262,4329725952,akshare,深证成指,sz399001
2012-04-05,9410.973,9737.898,9388.781,9709.026,5107759104,akshare,深证成指,sz399001
2012-04-06,9704.875,9811.683,9684.373,9786.186,4988439040,akshare,深证成指,sz399001
2012-04-09,9739.071,9802.234,9650.574,9710.909,4452583424,akshare,深证成指,sz399001
2012-04-10,9682.83,9795.968,9516.892,9795.968,5341260800,akshare,深证成指,sz399001
2012-04-11,9683.11,9920.342,9666.535,9802.321,5552747520,akshare,深证成指,sz399001
2012-04-12,9817.783,10013.204,9779.68,10007.652,7137608704,akshare,深证成指,sz399001
2012-04-13,10043.259,10116.124,10008.67,10043.715,7721420800,akshare,深证成指,sz399001
2012-04-16,9975.625,10063.675,9954.887,10000.309,6640526848,akshare,深证成指,sz399001
2012-04-17,9999.199,10022.545,9837.779,9839.915,6530304512,akshare,深证成指,sz399001
2012-04-18,9888.054,10082.819,9842.072,10069.533,7308761088,akshare,深证成指,sz399001
2012-04-19,10049.769,10080.0,9971.616,10015.406,6331875328,akshare,深证成指,sz399001
2012-04-20,10004.279,10144.537,9996.724,10131.035,6996896768,akshare,深证成指,sz399001
2012-04-23,10142.003,10154.507,10034.253,10076.051,7839544320,akshare,深证成指,sz399001
2012-04-24,10010.347,10180.079,9841.437,10041.887,8202009600,akshare,深证成指,sz399001
2012-04-25,10012.849,10182.09,9993.688,10162.006,8125074432,akshare,深证成指,sz399001
2012-04-26,10182.462,10258.572,10152.048,10201.654,7498313216,akshare,深证成指,sz399001
2012-04-27,10191.091,10244.975,10172.519,10180.393,5788712960,akshare,深证成指,sz399001
2012-05-02,10319.484,10500.149,10253.044,10424.942,7216977408,akshare,深证成指,sz399001
2012-05-03,10415.29,10479.604,10400.324,10468.375,6552925184,akshare,深证成指,sz399001
2012-05-04,10464.59,10576.208,10410.942,10573.597,7004519424,akshare,深证成指,sz399001
2012-05-07,10512.693,10616.278,10509.756,10612.893,6980057600,akshare,深证成指,sz399001
2012-05-08,10604.956,10605.352,10413.449,10524.68,6761992192,akshare,深证成指,sz399001
2012-05-09,10410.84,10410.84,10282.815,10294.577,6582218752,akshare,深证成指,sz399001
2012-05-10,10287.757,10342.339,10255.246,10277.617,5347739648,akshare,深证成指,sz399001
2012-05-11,10261.549,10342.802,10210.734,10211.406,5642408960,akshare,深证成指,sz399001
2012-05-14,10278.945,10284.9,10091.004,10093.377,6199067648,akshare,深证成指,sz399001
2012-05-15,10027.401,10139.249,10009.518,10131.81,5791236608,akshare,深证成指,sz399001
2012-05-16,10099.811,10099.811,9916.466,9916.466,5228592640,akshare,深证成指,sz399001
2012-05-17,9942.179,10105.947,9915.806,10079.478,5569179136,akshare,深证成指,sz399001
2012-05-18,9995.905,10049.919,9880.043,9903.094,5628276736,akshare,深证成指,sz399001
2012-05-21,9893.772,10060.077,9870.354,9977.563,4943984640,akshare,深证成指,sz399001
2012-05-22,10030.542,10180.268,10022.734,10180.268,5104312320,akshare,深证成指,sz399001
2012-05-23,10142.91,10218.331,10055.928,10143.201,5827984384,akshare,深证成指,sz399001
2012-05-24,10122.572,10187.137,9951.268,9984.58,5650504192,akshare,深证成指,sz399001
2012-05-25,9980.177,10003.832,9848.915,9884.959,5399701504,akshare,深证成指,sz399001
2012-05-28,9816.78,10108.368,9755.59,10104.101,6513666560,akshare,深证成指,sz399001
2012-05-29,10101.401,10271.365,10087.477,10214.736,7619984896,akshare,深证成指,sz399001
2012-05-30,10196.53,10241.311,10135.378,10162.34,6470032896,akshare,深证成指,sz399001
2012-05-31,10089.952,10194.584,10050.075,10141.41,6364804096,akshare,深证成指,sz399001
2012-06-01,10142.122,10262.05,10095.334,10145.804,5738637824,akshare,深证成指,sz399001
2012-06-04,9988.528,10085.399,9871.039,9874.518,6112540160,akshare,深证成指,sz399001
2012-06-05,9899.653,9941.537,9816.761,9847.119,4636791808,akshare,深证成指,sz399001
2012-06-06,9863.703,9897.744,9772.468,9812.976,4218269696,akshare,深证成指,sz399001
2012-06-07,9921.31,9937.114,9730.58,9755.641,4706048512,akshare,深证成指,sz399001
2012-06-08,9839.683,9843.902,9685.337,9707.183,4964159488,akshare,深证成指,sz399001
2012-06-11,9731.798,9895.59,9704.439,9849.77,5138116096,akshare,深证成指,sz399001
2012-06-12,9800.872,9875.249,9773.66,9790.197,4977419264,akshare,深证成指,sz399001
2012-06-13,9835.405,9950.046,9795.056,9950.046,5752423424,akshare,深证成指,sz399001
2012-06-14,9937.35,10002.504,9881.154,9885.293,5559755776,akshare,深证成指,sz399001
2012-06-15,9906.584,9951.369,9760.049,9885.645,5406078464,akshare,深证成指,sz399001
2012-06-18,9921.232,10020.069,9916.297,9979.057,5330163200,akshare,深证成指,sz399001
2012-06-19,9954.001,9954.001,9829.658,9848.159,5455902208,akshare,深证成指,sz399001
2012-06-20,9877.191,9906.108,9800.57,9821.788,4871651328,akshare,深证成指,sz399001
2012-06-21,9787.575,9787.575,9621.766,9682.686,4986928640,akshare,深证成指,sz399001
2012-06-25,9635.703,9635.703,9402.229,9414.214,5037413376,akshare,深证成指,sz399001
2012-06-26,9373.141,9489.264,9351.801,9446.59,4671425536,akshare,深证成指,sz399001
2012-06-27,9444.272,9540.889,9406.387,9416.499,4645887488,akshare,深证成指,sz399001
2012-06-28,9449.712,9495.62,9383.267,9383.267,4759545856,akshare,深证成指,sz399001
2012-06-29,9374.36,9512.056,9363.974,9500.317,4871566336,akshare,深证成指,sz399001
2012-07-02,9575.087,9624.271,9510.684,9566.45,5151603712,akshare,深证成指,sz399001
2012-07-03,9566.574,9698.467,9533.292,9607.326,5650065920,akshare,深证成指,sz399001
2012-07-04,9637.112,9665.025,9543.282,9569.159,5039410176,akshare,深证成指,sz399001
2012-07-05,9511.001,9511.001,9366.886,9412.644,4882323456,akshare,深证成指,sz399001
2012-07-06,9463.065,9716.545,9431.132,9690.16,5903507968,akshare,深证成指,sz399001
2012-07-09,9636.224,9727.519,9491.449,9496.678,5753987072,akshare,深证成指,sz399001
2012-07-10,9467.751,9557.438,9445.953,9476.722,4576398336,akshare,深证成指,sz399001
2012-07-11,9455.464,9614.203,9453.631,9588.293,4261290240,akshare,深证成指,sz399001
2012-07-12,9575.529,9800.349,9541.09,9753.487,5917174272,akshare,深证成指,sz399001
2012-07-13,9720.455,9853.728,9708.621,9792.488,5094990848,akshare,深证成指,sz399001
2012-07-16,9768.595,9771.038,9540.886,9540.886,5973944320,akshare,深证成指,sz399001
2012-07-17,9503.447,9602.988,9476.903,9560.029,4450704896,akshare,深证成指,sz399001
2012-07-18,9545.365,9588.04,9328.897,9514.165,5141357568,akshare,深证成指,sz399001
2012-07-19,9488.892,9609.445,9432.964,9509.488,5952763904,akshare,深证成指,sz399001
2012-07-20,9471.956,9509.405,9325.256,9333.213,4980096512,akshare,深证成指,sz399001
2012-07-23,9255.937,9255.937,9152.982,9186.024,4418681856,akshare,深证成指,sz399001
2012-07-24,9133.923,9340.517,9130.176,9262.773,4139676416,akshare,深证成指,sz399001
2012-07-25,9225.555,9248.443,9146.135,9155.343,4385016320,akshare,深证成指,sz399001
2012-07-26,9148.777,9218.124,9069.974,9081.898,4474211328,akshare,深证成指,sz399001
2012-07-27,9099.419,9157.981,9054.869,9087.13,3931097088,akshare,深证成指,sz399001
2012-07-30,9087.298,9183.501,9055.587,9071.06,4054863616,akshare,深证成指,sz399001
2012-07-31,9080.797,9152.087,9033.917,9059.224,3946492160,akshare,深证成指,sz399001
2012-08-01,9047.586,9234.74,9045.426,9165.974,4082502144,akshare,深证成指,sz399001
2012-08-02,9150.946,9164.084,8959.168,8995.623,4160827904,akshare,深证成指,sz399001
2012-08-03,9016.528,9076.622,8957.279,9076.622,4634255360,akshare,深证成指,sz399001
2012-08-06,9055.117,9229.348,9036.758,9212.205,5765184512,akshare,深证成指,sz399001
2012-08-07,9217.791,9243.091,9175.669,9229.266,6011674112,akshare,深证成指,sz399001
2012-08-08,9231.893,9303.88,9191.299,9210.669,5625562624,akshare,深证成指,sz399001
2012-08-09,9203.414,9344.091,9176.776,9337.543,6220360192,akshare,深证成指,sz399001
2012-08-10,9335.556,9335.556,9224.302,9238.203,5798039552,akshare,深证成指,sz399001
2012-08-13,9226.462,9226.462,9035.412,9039.22,5811144192,akshare,深证成指,sz399001
2012-08-14,9039.448,9101.262,8928.999,9089.615,5827747328,akshare,深证成指,sz399001
2012-08-15,9052.792,9084.875,8994.376,9048.607,4900392960,akshare,深证成指,sz399001
2012-08-16,9018.364,9046.434,8963.873,8973.384,4293046272,akshare,深证成指,sz399001
2012-08-17,8963.403,8983.726,8801.969,8883.605,3919897088,akshare,深证成指,sz399001
2012-08-20,8805.348,8867.97,8737.634,8838.629,4163651328,akshare,深证成指,sz399001
2012-08-21,8831.518,8935.242,8799.235,8849.491,5601200128,akshare,深证成指,sz399001
2012-08-22,8859.46,8864.82,8690.134,8726.024,5606352896,akshare,深证成指,sz399001
2012-08-23,8739.203,8785.797,8655.614,8730.551,5556563968,akshare,深证成指,sz399001
2012-08-24,8697.238,8718.531,8578.56,8579.279,5546857984,akshare,深证成指,sz399001
2012-08-27,8562.336,8562.336,8401.085,8402.146,5043766272,akshare,深证成指,sz399001
2012-08-28,8389.168,8454.209,8358.642,8400.357,4471324672,akshare,深证成指,sz399001
2012-08-29,8364.66,8396.835,8270.024,8270.907,4579848704,akshare,深证成指,sz399001
2012-08-30,8218.715,8290.172,8132.36,8220.077,5555673088,akshare,深证成指,sz399001
2012-08-31,8218.904,8275.202,8210.994,8210.994,3839035136,akshare,深证成指,sz399001
2012-09-03,8220.307,8399.597,8215.336,8361.671,4888397824,akshare,深证成指,sz399001
2012-09-04,8374.237,8393.159,8223.353,8243.832,4926739456,akshare,深证成指,sz399001
2012-09-05,8223.098,8282.218,8182.05,8242.588,4777772032,akshare,深证成指,sz399001
2012-09-06,8255.679,8332.973,8230.347,8288.265,4871797760,akshare,深证成指,sz399001
2012-09-07,8363.812,8822.261,8363.812,8709.066,10292093952,akshare,深证成指,sz399001
2012-09-10,8738.446,8817.619,8716.577,8769.537,8827300864,akshare,深证成指,sz399001
2012-09-11,8728.094,8739.47,8638.757,8739.47,7043138560,akshare,深证成指,sz399001
2012-09-12,8788.01,8865.648,8695.154,8786.728,7079973888,akshare,深证成指,sz399001
2012-09-13,8778.612,8821.649,8691.002,8691.002,6637609472,akshare,深证成指,sz399001
2012-09-14,8801.575,8832.525,8670.546,8740.051,6989355520,akshare,深证成指,sz399001
2012-09-17,8717.322,8738.322,8483.52,8483.692,5950301184,akshare,深证成指,sz399001
2012-09-18,8456.317,8473.045,8366.995,8390.15,4293126656,akshare,深证成指,sz399001
2012-09-19,8407.494,8445.92,8351.596,8431.743,4327142400,akshare,深证成指,sz399001
2012-09-20,8393.014,8393.014,8200.908,8202.204,5472220672,akshare,深证成指,sz399001
2012-09-21,8186.736,8291.26,8156.63,8201.528,4602927616,akshare,深证成指,sz399001
2012-09-24,8148.366,8364.309,8095.517,8310.937,4130609408,akshare,深证成指,sz399001
2012-09-25,8296.949,8364.689,8256.619,8284.247,3721217280,akshare,深证成指,sz399001
2012-09-26,8289.846,8335.136,8178.672,8193.373,3899538944,akshare,深证成指,sz399001
2012-09-27,8198.556,8520.19,8198.556,8486.274,5176550400,akshare,深证成指,sz399001
2012-09-28,8422.285,8690.242,8415.035,8679.219,5252872192,akshare,深证成指,sz399001
2012-10-08,8677.991,8715.63,8495.347,8540.075,3960766976,akshare,深证成指,sz399001
2012-10-09,8583.576,8774.358,8583.576,8743.864,6125027840,akshare,深证成指,sz399001
2012-10-10,8727.745,8779.408,8684.119,8773.68,6787316736,akshare,深证成指,sz399001
2012-10-11,8741.939,8765.501,8658.937,8665.089,6472899072,akshare,深证成指,sz399001
2012-10-12,8695.292,8782.447,8579.592,8650.191,5406149120,akshare,深证成指,sz399001
2012-10-15,8660.716,8671.217,8551.097,8621.965,4912147968,akshare,深证成指,sz399001
2012-10-16,8618.426,8724.572,8597.325,8645.54,4742491136,akshare,深证成指,sz399001
2012-10-17,8684.86,8699.198,8563.549,8641.181,4755893760,akshare,深证成指,sz399001
2012-10-18,8673.734,8821.335,8663.433,8798.198,6773063168,akshare,深证成指,sz399001
2012-10-19,8817.422,8861.042,8779.446,8796.418,5638220288,akshare,深证成指,sz399001
2012-10-22,8749.031,8859.512,8725.799,8829.443,5218357760,akshare,深证成指,sz399001
2012-10-23,8824.955,8836.09,8680.962,8686.475,5846906880,akshare,深证成指,sz399001
2012-10-24,8662.742,8726.37,8640.093,8653.907,5657037312,akshare,深证成指,sz399001
2012-10-25,8653.986,8725.344,8587.77,8602.805,6081392128,akshare,深证成指,sz399001
2012-10-26,8597.065,8609.572,8369.054,8414.85,5358935040,akshare,深证成指,sz399001
2012-10-29,8394.456,8423.577,8339.656,8376.555,3774395136,akshare,深证成指,sz399001
2012-10-30,8384.36,8478.008,8366.338,8394.236,4094040320,akshare,深证成指,sz399001
2012-10-31,8412.307,8481.656,8386.903,8469.796,4151222016,akshare,深证成指,sz399001
2012-11-01,8473.028,8682.807,8473.028,8663.147,5936292864,akshare,深证成指,sz399001
2012-11-02,8668.724,8697.315,8616.923,8679.685,5400992768,akshare,深证成指,sz399001
2012-11-05,8674.257,8739.829,8607.142,8654.74,5202640384,akshare,深证成指,sz399001
2012-11-06,8649.799,8661.401,8483.7,8589.865,5618075648,akshare,深证成指,sz399001
2012-11-07,8581.533,8626.614,8534.665,8561.198,4497335808,akshare,深证成指,sz399001
2012-11-08,8489.294,8523.127,8399.38,8399.38,5022522368,akshare,深证成指,sz399001
2012-11-09,8384.074,8421.036,8339.547,8356.671,3873054208,akshare,深证成指,sz399001
2012-11-12,8371.243,8437.935,8312.996,8391.903,4079944704,akshare,深证成指,sz399001
2012-11-13,8382.913,8382.913,8222.498,8234.6,4473440256,akshare,深证成指,sz399001
2012-11-14,8241.121,8293.675,8205.742,8283.564,3801025280,akshare,深证成指,sz399001
2012-11-15,8231.111,8285.017,8173.774,8186.064,3890860032,akshare,深证成指,sz399001
2012-11-16,8169.673,8177.348,8043.752,8118.147,3652827904,akshare,深证成指,sz399001
2012-11-19,8109.78,8109.78,7954.068,8060.544,3404802048,akshare,深证成指,sz399001
2012-11-20,8074.659,8150.13,8043.879,8052.788,3483222528,akshare,深证成指,sz399001
2012-11-21,8055.644,8153.226,7988.846,8150.84,4276804608,akshare,深证成指,sz399001
2012-11-22,8079.937,8101.871,8027.764,8047.519,3557797888,akshare,深证成指,sz399001
2012-11-23,8074.0,8157.836,8054.094,8114.742,3326479104,akshare,深证成指,sz399001
2012-11-26,8096.712,8114.907,8003.339,8016.072,3163816960,akshare,深证成指,sz399001
2012-11-27,7986.696,8027.929,7931.738,7936.741,4300084736,akshare,深证成指,sz399001
2012-11-28,7914.316,7917.404,7844.494,7854.063,3648924928,akshare,深证成指,sz399001
2012-11-29,7853.917,7919.353,7808.961,7808.961,3441650688,akshare,深证成指,sz399001
2012-11-30,7808.543,7960.982,7786.839,7903.251,3707701760,akshare,深证成指,sz399001
2012-12-03,7903.248,7951.647,7698.861,7710.875,3892519168,akshare,深证成指,sz399001
2012-12-04,7684.488,7828.118,7660.45,7801.746,4270958336,akshare,深证成指,sz399001
2012-12-05,7783.026,8150.395,7782.684,8091.678,7215458304,akshare,深证成指,sz399001
2012-12-06,8081.82,8135.143,8010.214,8071.491,5069976576,akshare,深证成指,sz399001
2012-12-07,8046.484,8211.636,8007.401,8189.68,7414489088,akshare,深证成指,sz399001
2012-12-10,8199.182,8285.65,8150.028,8265.793,7772075520,akshare,深证成指,sz399001
2012-12-11,8230.025,8285.822,8201.251,8220.543,6501609984,akshare,深证成指,sz399001
2012-12-12,8221.382,8278.464,8168.639,8246.064,5466242048,akshare,深证成指,sz399001
2012-12-13,8222.567,8259.91,8171.349,8171.349,5216314880,akshare,深证成指,sz399001
2012-12-14,8183.717,8536.537,8183.717,8530.898,9890944000,akshare,深证成指,sz399001
2012-12-17,8545.026,8659.022,8545.026,8600.334,9101503488,akshare,深证成指,sz399001
2012-12-18,8576.27,8711.782,8511.398,8592.634,8386315776,akshare,深证成指,sz399001
2012-12-19,8579.675,8686.12,8558.254,8639.564,6798760448,akshare,深证成指,sz399001
2012-12-20,8604.204,8719.875,8532.717,8693.226,7034338816,akshare,深证成指,sz399001
2012-12-21,8702.735,8815.034,8630.67,8658.348,7633415680,akshare,深证成指,sz399001
2012-12-24,8647.423,8702.024,8605.953,8631.371,6427470336,akshare,深证成指,sz399001
2012-12-25,8613.279,8941.145,8571.7,8891.571,10378237952,akshare,深证成指,sz399001
2012-12-26,8887.386,8941.112,8872.504,8940.68,9639580672,akshare,深证成指,sz399001
2012-12-27,8976.626,9036.937,8910.746,8939.85,9673649152,akshare,深证成指,sz399001
2012-12-28,8953.342,9038.616,8926.967,9026.99,8009808384,akshare,深证成指,sz399001
2012-12-31,9042.975,9119.198,9007.106,9116.484,8452604928,akshare,深证成指,sz399001
2013-01-04,9204.114,9217.007,8991.742,9096.065,9080244224,akshare,深证成指,sz399001
2013-01-07,9073.968,9132.786,9033.953,9108.465,8487946240,akshare,深证成指,sz399001
2013-01-08,9102.033,9143.389,9010.158,9110.451,10219567104,akshare,深证成指,sz399001
2013-01-09,9077.499,9178.833,9066.823,9154.874,10292577280,akshare,深证成指,sz399001
2013-01-10,9151.813,9262.666,9121.588,9170.055,9006944256,akshare,深证成指,sz399001
2013-01-11,9185.172,9219.176,8988.3,9017.733,9945841664,akshare,深证成指,sz399001
2013-01-14,8981.739,9330.591,8976.02,9316.273,11135553536,akshare,深证成指,sz399001
2013-01-15,9332.903,9432.84,9312.869,9381.693,13077456896,akshare,深证成指,sz399001
2013-01-16,9359.339,9438.125,9232.334,9355.477,11915911168,akshare,深证成指,sz399001
2013-01-17,9335.045,9373.413,9258.576,9309.23,8939161600,akshare,深证成指,sz399001
2013-01-18,9358.399,9475.466,9286.047,9432.295,9562727424,akshare,深证成指,sz399001
2013-01-21,9543.242,9562.846,9465.89,9562.846,10113052672,akshare,深证成指,sz399001
2013-01-22,9591.822,9623.015,9456.207,9536.356,10862432256,akshare,深证成指,sz399001
2013-01-23,9495.732,9566.527,9434.023,9548.311,8725984256,akshare,深证成指,sz399001
2013-01-24,9540.628,9736.124,9385.455,9444.082,11003229184,akshare,深证成指,sz399001
2013-01-25,9432.606,9445.999,9353.387,9357.13,6850772480,akshare,深证成指,sz399001
2013-01-28,9361.312,9618.919,9361.312,9618.919,8458125312,akshare,深证成指,sz399001
2013-01-29,9636.325,9735.222,9627.657,9704.656,9600572416,akshare,深证成指,sz399001
2013-01-30,9695.406,9788.469,9667.676,9783.841,9767403520,akshare,深证成指,sz399001
2013-01-31,9788.263,9804.727,9637.578,9667.672,8955764736,akshare,深证成指,sz399001
2013-02-01,9648.917,9820.827,9609.836,9820.294,9096906752,akshare,深证成指,sz399001
2013-02-04,9830.895,9858.567,9693.618,9760.831,10260603904,akshare,深证成指,sz399001
2013-02-05,9717.555,9971.64,9709.597,9945.976,8668781568,akshare,深证成指,sz399001
2013-02-06,9942.038,9973.537,9884.127,9922.718,7501798400,akshare,深证成指,sz399001
2013-02-07,9896.225,9934.295,9782.5,9904.775,7182747136,akshare,深证成指,sz399001
2013-02-08,9880.26,10057.972,9880.26,9989.093,7562096640,akshare,深证成指,sz399001
2013-02-18,10036.381,10049.534,9765.909,9795.908,8579951104,akshare,深证成指,sz399001
2013-02-19,9787.042,9787.042,9519.74,9550.931,9025588224,akshare,深证成指,sz399001
2013-02-20,9548.175,9646.598,9510.757,9645.871,8404539392,akshare,深证成指,sz399001
2013-02-21,9553.759,9553.759,9290.194,9396.108,10389643264,akshare,深证成指,sz399001
2013-02-22,9386.466,9454.148,9353.865,9364.54,7320854016,akshare,深证成指,sz399001
2013-02-25,9399.454,9449.323,9305.063,9342.37,6949848064,akshare,深证成指,sz399001
2013-02-26,9291.882,9428.775,9193.926,9208.032,8607935488,akshare,深证成指,sz399001
2013-02-27,9241.66,9375.716,9232.877,9333.237,7343890432,akshare,深证成指,sz399001
2013-02-28,9393.332,9641.436,9350.645,9641.436,8958773248,akshare,深证成指,sz399001
2013-03-01,9630.871,9679.445,9497.714,9650.144,9564130304,akshare,深证成指,sz399001
2013-03-04,9393.73,9397.822,9081.437,9139.751,12255716352,akshare,深证成指,sz399001
2013-03-05,9138.496,9353.255,9085.357,9341.353,9377604608,akshare,深证成指,sz399001
2013-03-06,9396.75,9444.987,9342.376,9431.165,11823939584,akshare,深证成指,sz399001
2013-03-07,9409.205,9506.29,9268.477,9393.692,11439091712,akshare,深证成指,sz399001
2013-03-08,9396.85,9417.301,9282.528,9285.833,7868680704,akshare,深证成指,sz399001
2013-03-11,9256.964,9340.91,9155.94,9277.158,6694473216,akshare,深证成指,sz399001
2013-03-12,9268.172,9396.414,9082.575,9163.643,8941588480,akshare,深证成指,sz399001
2013-03-13,9150.947,9159.136,9028.762,9073.221,6558270976,akshare,深证成指,sz399001
2013-03-14,9029.838,9137.546,9009.012,9087.253,5424143872,akshare,深证成指,sz399001
2013-03-15,9087.37,9312.126,8937.069,9099.287,7249530368,akshare,深证成指,sz399001
2013-03-18,9048.361,9152.302,8975.63,8999.018,6184375808,akshare,深证成指,sz399001
2013-03-19,9013.293,9081.032,8930.062,9034.038,6201233920,akshare,深证成指,sz399001
2013-03-20,9035.652,9329.723,9027.817,9317.97,7992820736,akshare,深证成指,sz399001
2013-03-21,9315.859,9382.908,9263.524,9326.294,8393441280,akshare,深证成指,sz399001
2013-03-22,9319.217,9371.899,9285.846,9343.412,7358418432,akshare,深证成指,sz399001
2013-03-25,9368.888,9393.478,9279.954,9313.128,7109158912,akshare,深证成指,sz399001
2013-03-26,9290.052,9339.346,9149.141,9226.636,7122657792,akshare,深证成指,sz399001
2013-03-27,9220.349,9357.524,9168.626,9225.126,6713622016,akshare,深证成指,sz399001
2013-03-28,9099.479,9099.479,8946.173,8959.262,7694851072,akshare,深证成指,sz399001
2013-03-29,8976.08,8996.428,8879.293,8889.769,5633477120,akshare,深证成指,sz399001
2013-04-01,8901.643,9000.205,8884.175,8937.755,5929516544,akshare,深证成指,sz399001
2013-04-02,8974.019,9112.931,8928.32,8960.457,6931579392,akshare,深证成指,sz399001
2013-04-03,9007.648,9062.11,8930.993,8964.467,6292944384,akshare,深证成指,sz399001
2013-04-08,8828.069,8960.982,8748.741,8953.836,6495863296,akshare,深证成指,sz399001
2013-04-09,8965.617,9067.248,8961.882,8993.114,6075990016,akshare,深证成指,sz399001
2013-04-10,8994.441,9006.924,8891.138,8962.299,5841697280,akshare,深证成指,sz399001
2013-04-11,9017.614,9036.948,8915.71,8920.713,5352414208,akshare,深证成指,sz399001
2013-04-12,8911.375,8975.443,8823.832,8835.147,5125096448,akshare,深证成指,sz399001
2013-04-15,8792.909,8818.179,8694.172,8733.441,5117808128,akshare,深证成指,sz399001
2013-04-16,8656.228,8861.212,8645.185,8852.421,5241454080,akshare,深证成指,sz399001
2013-04-17,8852.783,8917.691,8819.96,8894.368,5165173248,akshare,深证成指,sz399001
2013-04-18,8837.253,8996.629,8813.046,8888.016,5457745408,akshare,深证成指,sz399001
2013-04-19,8910.429,9142.896,8903.702,9111.186,7820206592,akshare,深证成指,sz399001
2013-04-22,9095.73,9140.448,9012.717,9057.617,8116645376,akshare,深证成指,sz399001
2013-04-23,9055.227,9055.467,8783.774,8793.134,7882102784,akshare,深证成指,sz399001
2013-04-24,8786.416,8985.022,8742.189,8911.65,8015486976,akshare,深证成指,sz399001
2013-04-25,8870.693,8941.271,8758.279,8772.576,8764986368,akshare,深证成指,sz399001
2013-04-26,8809.191,8857.891,8667.583,8691.386,6701046784,akshare,深证成指,sz399001
2013-05-02,8643.897,8726.137,8597.714,8718.197,5306816000,akshare,深证成指,sz399001
2013-05-03,8736.484,8967.092,8736.484,8847.675,7304449024,akshare,深证成指,sz399001
2013-05-06,8887.223,9016.424,8868.529,8997.076,8169105408,akshare,深证成指,sz399001
2013-05-07,8974.174,9072.711,8940.71,9022.902,7581322240,akshare,深证成指,sz399001
2013-05-08,9081.132,9170.834,9039.068,9074.838,8357785600,akshare,深证成指,sz399001
2013-05-09,9071.11,9101.576,8959.814,9050.08,9256427520,akshare,深证成指,sz399001
2013-05-10,9014.566,9117.3,8994.44,9071.161,8449058816,akshare,深证成指,sz399001
2013-05-13,9080.101,9110.449,8975.702,9014.282,8101444096,akshare,深证成指,sz399001
2013-05-14,9003.47,9007.219,8773.795,8809.085,7847433216,akshare,深证成指,sz399001
2013-05-15,8823.844,8888.671,8808.349,8869.854,7562220544,akshare,深证成指,sz399001
2013-05-16,8838.951,9061.328,8791.347,9061.328,10400967680,akshare,深证成指,sz399001
2013-05-17,9060.529,9264.212,9059.248,9246.276,10962666496,akshare,深证成指,sz399001
2013-05-20,9274.13,9396.272,9255.688,9307.151,12459338752,akshare,深证成指,sz399001
2013-05-21,9314.763,9403.535,9292.421,9403.535,12457346048,akshare,深证成指,sz399001
2013-05-22,9400.79,9462.021,9347.926,9405.061,12058310656,akshare,深证成指,sz399001
2013-05-23,9362.73,9445.399,9242.464,9265.676,11592763392,akshare,深证成指,sz399001
2013-05-24,9288.049,9365.296,9206.83,9304.86,9516232704,akshare,深证成指,sz399001
2013-05-27,9278.218,9323.21,9223.724,9260.632,10598142976,akshare,深证成指,sz399001
2013-05-28,9263.827,9441.688,9199.405,9441.688,11373500416,akshare,深证成指,sz399001
2013-05-29,9456.212,9511.184,9398.667,9404.401,10896029696,akshare,深证成指,sz399001
2013-05-30,9388.816,9427.746,9340.117,9379.193,10460533760,akshare,深证成指,sz399001
2013-05-31,9397.309,9429.541,9256.952,9257.949,10251089920,akshare,深证成指,sz399001
2013-06-03,9259.482,9345.664,9227.216,9251.242,9416807424,akshare,深证成指,sz399001
2013-06-04,9254.629,9254.629,9091.617,9124.269,9917581312,akshare,深证成指,sz399001
2013-06-05,9133.167,9147.363,9066.275,9143.442,7078074880,akshare,深证成指,sz399001
2013-06-06,9105.426,9147.63,8995.706,9001.089,7753985536,akshare,深证成指,sz399001
2013-06-07,8992.265,9012.159,8728.492,8763.607,8242238464,akshare,深证成指,sz399001
2013-06-13,8642.322,8642.322,8362.02,8432.425,7808035840,akshare,深证成指,sz399001
2013-06-14,8459.051,8501.716,8433.276,8479.458,7341212160,akshare,深证成指,sz399001
2013-06-17,8500.035,8521.031,8357.618,8404.5,7642826240,akshare,深证成指,sz399001
2013-06-18,8433.51,8497.646,8369.198,8470.865,6914064896,akshare,深证成指,sz399001
2013-06-19,8428.649,8431.967,8257.421,8421.242,7158711296,akshare,深证成指,sz399001
2013-06-20,8369.044,8388.428,8138.572,8147.483,6998298624,akshare,深证成指,sz399001
2013-06-21,8012.916,8189.701,7969.964,8136.046,7031437312,akshare,深证成指,sz399001
2013-06-24,8115.841,8115.841,7558.027,7588.522,8935334912,akshare,深证成指,sz399001
2013-06-25,7486.827,7582.366,7045.595,7495.096,10938511360,akshare,深证成指,sz399001
2013-06-26,7544.893,7591.096,7409.248,7566.396,9142213632,akshare,深证成指,sz399001
2013-06-27,7598.931,7712.401,7544.329,7544.329,9515502592,akshare,深证成指,sz399001
2013-06-28,7508.353,7841.75,7479.899,7694.466,7975185408,akshare,深证成指,sz399001
2013-07-01,7649.296,7725.924,7544.775,7718.477,7065196032,akshare,深证成指,sz399001
2013-07-02,7720.771,7796.561,7652.66,7768.836,8391802368,akshare,深证成指,sz399001
2013-07-03,7748.592,7748.592,7591.577,7703.736,8782046208,akshare,深证成指,sz399001
2013-07-04,7641.449,7901.909,7597.259,7804.114,9561440256,akshare,深证成指,sz399001
2013-07-05,7852.626,7968.869,7852.626,7856.591,8552031232,akshare,深证成指,sz399001
2013-07-08,7741.407,7810.999,7634.292,7637.627,7838167040,akshare,深证成指,sz399001
2013-07-09,7624.131,7684.222,7570.536,7600.472,5799635968,akshare,深证成指,sz399001
2013-07-10,7609.398,7851.249,7584.116,7851.249,8028458496,akshare,深证成指,sz399001
2013-07-11,7858.072,8281.551,7849.488,8184.767,12086157312,akshare,深证成指,sz399001
2013-07-12,8171.008,8218.194,7999.443,8012.841,10233506816,akshare,深证成指,sz399001
2013-07-15,8072.751,8247.673,8003.988,8137.77,9859376128,akshare,深证成指,sz399001
2013-07-16,8109.845,8201.076,8050.147,8186.684,10154352640,akshare,深证成指,sz399001
2013-07-17,8161.648,8215.606,8055.992,8063.802,10125391872,akshare,深证成指,sz399001
2013-07-18,8026.609,8064.021,7887.362,7904.268,8990005248,akshare,深证成指,sz399001
2013-07-19,7914.269,7937.628,7663.986,7663.986,10637831168,akshare,深证成指,sz399001
2013-07-22,7608.683,7717.721,7566.749,7684.226,8302012928,akshare,深证成指,sz399001
2013-07-23,7737.027,7998.41,7726.056,7963.703,10918578176,akshare,深证成指,sz399001
2013-07-24,7945.285,7995.321,7817.913,7935.848,11247362048,akshare,深证成指,sz399001
2013-07-25,7948.95,7996.633,7849.13,7894.603,10831377408,akshare,深证成指,sz399001
2013-07-26,7845.218,7905.4,7787.388,7843.362,8504417792,akshare,深证成指,sz399001
2013-07-29,7772.16,7772.16,7639.163,7668.535,8323111424,akshare,深证成指,sz399001
2013-07-30,7690.446,7858.543,7619.364,7730.171,8123181056,akshare,深证成指,sz399001
2013-07-31,7849.546,7956.406,7748.298,7765.396,7569119232,akshare,深证成指,sz399001
2013-08-01,7819.446,7967.029,7789.928,7931.786,9685608448,akshare,深证成指,sz399001
2013-08-02,8023.726,8084.903,7957.17,7961.469,10427708416,akshare,深证成指,sz399001
2013-08-05,7955.378,8060.387,7930.457,8060.387,9113440256,akshare,深证成指,sz399001
2013-08-06,8033.671,8170.499,7980.398,8143.131,10935985152,akshare,深证成指,sz399001
2013-08-07,8167.105,8250.866,8084.051,8096.091,11004280832,akshare,深证成指,sz399001
2013-08-08,8090.664,8170.715,8065.632,8114.866,8747762688,akshare,深证成指,sz399001
2013-08-09,8158.383,8214.684,8061.608,8145.967,9542885376,akshare,深证成指,sz399001
2013-08-12,8181.948,8357.82,8173.758,8356.733,11393122304,akshare,深证成指,sz399001
2013-08-13,8353.259,8366.672,8290.22,8362.652,10259564544,akshare,深证成指,sz399001
2013-08-14,8375.026,8467.782,8303.411,8336.807,10797634560,akshare,深证成指,sz399001
2013-08-15,8342.633,8383.586,8225.785,8228.872,9229921280,akshare,深证成指,sz399001
2013-08-16,8204.12,8476.05,8152.686,8168.088,11566412800,akshare,深证成指,sz399001
2013-08-19,8110.803,8319.532,8104.408,8285.723,8483897856,akshare,深证成指,sz399001
2013-08-20,8269.823,8357.731,8192.845,8234.562,9201917952,akshare,深证成指,sz399001
2013-08-21,8264.717,8268.652,8174.215,8236.09,8876755968,akshare,深证成指,sz399001
2013-08-22,8223.296,8325.774,8202.049,8245.04,9446065152,akshare,深证成指,sz399001
2013-08-23,8281.185,8307.018,8045.801,8166.277,10792022016,akshare,深证成指,sz399001
2013-08-26,8200.164,8346.701,8180.278,8334.571,9892332544,akshare,深证成指,sz399001
2013-08-27,8325.965,8352.401,8280.723,8341.772,9941888000,akshare,深证成指,sz399001
2013-08-28,8286.885,8338.294,8197.402,8259.381,11679940608,akshare,深证成指,sz399001
2013-08-29,8287.24,8306.315,8177.289,8214.491,9976792064,akshare,深证成指,sz399001
2013-08-30,8197.186,8290.387,8163.106,8202.481,12267767808,akshare,深证成指,sz399001
2013-09-02,8214.945,8269.821,8148.172,8243.577,9485488128,akshare,深证成指,sz399001
2013-09-03,8257.456,8374.313,8245.006,8368.038,10169793536,akshare,深证成指,sz399001
2013-09-04,8354.492,8400.811,8330.524,8344.958,10453829632,akshare,深证成指,sz399001
2013-09-05,8352.002,8364.07,8274.191,8286.064,9823492096,akshare,深证成指,sz399001
2013-09-06,8277.143,8354.314,8256.115,8280.333,9450185728,akshare,深证成指,sz399001
2013-09-09,8334.424,8537.924,8319.101,8504.735,12327608320,akshare,深证成指,sz399001
2013-09-10,8535.54,8636.626,8498.383,8636.626,12928872448,akshare,深证成指,sz399001
2013-09-11,8636.712,8722.386,8622.261,8675.625,15100349440,akshare,深证成指,sz399001
2013-09-12,8648.66,8766.352,8627.81,8714.883,11194811392,akshare,深证成指,sz399001
2013-09-13,8709.053,8766.696,8676.594,8687.538,10284984320,akshare,深证成指,sz399001
2013-09-16,8706.382,8722.485,8627.322,8658.999,9887496192,akshare,深证成指,sz399001
2013-09-17,8652.501,8652.501,8493.659,8493.779,9813684224,akshare,深证成指,sz399001
2013-09-18,8463.02,8524.344,8405.227,8480.744,7971536384,akshare,深证成指,sz399001
2013-09-23,8503.919,8722.592,8503.919,8719.288,10042310656,akshare,深证成指,sz399001
2013-09-24,8718.164,8718.273,8564.831,8664.801,11296098304,akshare,深证成指,sz399001
2013-09-25,8642.487,8707.504,8587.371,8613.71,11400526848,akshare,深证成指,sz399001
2013-09-26,8578.144,8612.332,8415.435,8439.467,10316805120,akshare,深证成指,sz399001
2013-09-27,8442.136,8515.135,8425.62,8472.293,8303148544,akshare,深证成指,sz399001
2013-09-30,8485.646,8544.737,8461.657,8514.569,7499313664,akshare,深证成指,sz399001
2013-10-08,8505.106,8707.045,8461.571,8681.533,10131381248,akshare,深证成指,sz399001
2013-10-09,8645.632,8675.592,8601.965,8667.773,10624312320,akshare,深证成指,sz399001
2013-10-10,8684.64,8727.144,8605.419,8685.793,12347616256,akshare,深证成指,sz399001
2013-10-11,8722.425,8773.18,8661.402,8737.972,11993724928,akshare,深证成指,sz399001
2013-10-14,8736.759,8815.748,8707.315,8760.1,12940874752,akshare,深证成指,sz399001
2013-10-15,8756.815,8765.548,8627.092,8700.345,12936998912,akshare,深证成指,sz399001
2013-10-16,8664.753,8690.38,8499.587,8542.866,12520307712,akshare,深证成指,sz399001
2013-10-17,8583.931,8614.952,8503.854,8521.199,11036803072,akshare,深证成指,sz399001
2013-10-18,8529.557,8629.551,8493.938,8584.866,8932313088,akshare,深证成指,sz399001
2013-10-21,8608.932,8742.042,8571.787,8739.52,12040201216,akshare,深证成指,sz399001
2013-10-22,8727.669,8744.796,8596.023,8619.636,13792716800,akshare,深证成指,sz399001
2013-10-23,8640.795,8719.633,8492.694,8512.958,12465676288,akshare,深证成指,sz399001
2013-10-24,8486.111,8550.86,8423.946,8486.524,8481933312,akshare,深证成指,sz399001
2013-10-25,8488.343,8570.284,8325.865,8379.613,9660690432,akshare,深证成指,sz399001
2013-10-28,8398.249,8411.811,8297.662,8336.682,8331502592,akshare,深证成指,sz399001
2013-10-29,8352.165,8504.573,8214.54,8398.922,12284483584,akshare,深证成指,sz399001
2013-10-30,8402.65,8559.772,8377.96,8553.366,9154345984,akshare,深证成指,sz399001
2013-10-31,8516.149,8549.764,8428.361,8444.405,9213219840,akshare,深证成指,sz399001
2013-11-01,8433.757,8493.384,8370.869,8451.72,7394782208,akshare,深证成指,sz399001
2013-11-04,8493.314,8524.476,8395.299,8416.932,6568829440,akshare,深证成指,sz399001
2013-11-05,8357.572,8460.177,8269.732,8451.728,8020894720,akshare,深证成指,sz399001
2013-11-06,8409.869,8434.953,8285.846,8287.86,9164519424,akshare,深证成指,sz399001
2013-11-07,8277.885,8300.76,8187.045,8240.252,7365076480,akshare,深证成指,sz399001
2013-11-08,8185.612,8250.036,8126.796,8155.397,6988244480,akshare,深证成指,sz399001
2013-11-11,8142.385,8208.91,8082.237,8168.674,5915792384,akshare,深证成指,sz399001
2013-11-12,8179.035,8298.665,8167.47,8279.308,6799264256,akshare,深证成指,sz399001
2013-11-13,8221.131,8227.988,8103.488,8110.995,6977887232,akshare,深证成指,sz399001
2013-11-14,8131.642,8162.617,8054.963,8156.535,7397694976,akshare,深证成指,sz399001
2013-11-15,8163.954,8418.732,8162.783,8305.906,10055984128,akshare,深证成指,sz399001
2013-11-18,8356.91,8526.697,8328.859,8523.754,11150458880,akshare,深证成指,sz399001
2013-11-19,8517.117,8521.245,8430.731,8461.21,10282692608,akshare,深证成指,sz399001
2013-11-20,8546.402,8564.214,8435.775,8510.682,9872588800,akshare,深证成指,sz399001
2013-11-21,8469.529,8501.65,8353.665,8472.023,10874614784,akshare,深证成指,sz399001
2013-11-22,8496.484,8508.596,8405.459,8413.344,9883204608,akshare,深证成指,sz399001
2013-11-25,8351.829,8479.572,8340.332,8379.55,9085500416,akshare,深证成指,sz399001
2013-11-26,8364.525,8408.608,8337.192,8365.349,8627302400,akshare,深证成指,sz399001
2013-11-27,8353.081,8478.306,8347.813,8447.457,9715433472,akshare,深证成指,sz399001
2013-11-28,8471.265,8630.377,8463.894,8548.367,11299929088,akshare,深证成指,sz399001
2013-11-29,8552.177,8573.354,8520.113,8542.608,10386495488,akshare,深证成指,sz399001
2013-12-02,8461.491,8593.991,8355.986,8376.644,13584706560,akshare,深证成指,sz399001
2013-12-03,8353.791,8514.924,8340.209,8492.523,9579053056,akshare,深证成指,sz399001
2013-12-04,8482.395,8648.01,8460.056,8600.818,11734091776,akshare,深证成指,sz399001
2013-12-05,8598.42,8629.201,8545.036,8560.79,10250278912,akshare,深证成指,sz399001
2013-12-06,8555.391,8586.153,8491.617,8526.681,8601337856,akshare,深证成指,sz399001
2013-12-09,8562.34,8593.672,8487.885,8519.675,8276916224,akshare,深证成指,sz399001
2013-12-10,8534.345,8597.191,8509.996,8554.172,9284269056,akshare,深证成指,sz399001
2013-12-11,8496.438,8497.864,8365.625,8409.798,8587981312,akshare,深证成指,sz399001
2013-12-12,8391.759,8443.788,8360.775,8400.646,7742410240,akshare,深证成指,sz399001
2013-12-13,8323.396,8467.278,8317.337,8429.817,7768810496,akshare,深证成指,sz399001
2013-12-16,8441.11,8446.336,8271.856,8272.668,8678723584,akshare,深证成指,sz399001
2013-12-17,8282.259,8292.59,8207.315,8213.432,7101362176,akshare,深证成指,sz399001
2013-12-18,8220.328,8259.081,8193.996,8236.948,6234248704,akshare,深证成指,sz399001
2013-12-19,8263.687,8276.942,8143.784,8147.705,6546586112,akshare,深证成指,sz399001
2013-12-20,8169.216,8175.395,7966.718,7966.718,6908408832,akshare,深证成指,sz399001
2013-12-23,7991.342,8023.162,7903.079,7989.512,6102474240,akshare,深证成指,sz399001
2013-12-24,8017.248,8125.493,7958.366,8027.43,6371280384,akshare,深证成指,sz399001
2013-12-25,8038.211,8119.952,7997.364,8096.37,7015777792,akshare,深证成指,sz399001
2013-12-26,8067.292,8071.733,7887.37,7897.325,7666420736,akshare,深证成指,sz399001
2013-12-27,7911.229,8092.765,7893.755,8048.854,7813887488,akshare,深证成指,sz399001
2013-12-30,8074.691,8080.703,7988.898,7999.301,7961232896,akshare,深证成指,sz399001
2013-12-31,7968.448,8129.261,7959.281,8121.788,7487373312,akshare,深证成指,sz399001
2014-01-02,8083.772,8124.558,8048.274,8114.388,7652367360,akshare,深证成指,sz399001
2014-01-03,8077.48,8094.957,7995.593,8028.33,8876057600,akshare,深证成指,sz399001
2014-01-06,8013.369,8013.369,7790.896,7818.458,9028792320,akshare,深证成指,sz399001
2014-01-07,7760.961,7848.363,7752.56,7806.312,7083098112,akshare,深证成指,sz399001
2014-01-08,7816.984,7901.22,7770.381,7802.143,8621747200,akshare,深证成指,sz399001
2014-01-09,7774.65,7875.585,7740.846,7746.737,8890737664,akshare,深证成指,sz399001
2014-01-10,7723.744,7732.038,7644.922,7648.043,7464718848,akshare,深证成指,sz399001
2014-01-13,7646.456,7697.518,7521.191,7572.56,6790361600,akshare,深证成指,sz399001
2014-01-14,7568.603,7666.522,7543.372,7665.771,7743588352,akshare,深证成指,sz399001
2014-01-15,7660.659,7697.035,7614.519,7668.802,7796976128,akshare,深证成指,sz399001
2014-01-16,7677.975,7724.402,7647.279,7667.219,7916054016,akshare,深证成指,sz399001
2014-01-17,7637.683,7659.574,7541.266,7544.565,6964230144,akshare,深证成指,sz399001
2014-01-20,7526.697,7573.797,7477.785,7524.328,6843372032,akshare,深证成指,sz399001
2014-01-21,7528.786,7641.6,7528.786,7593.425,7427098112,akshare,深证成指,sz399001
2014-01-22,7612.189,7821.075,7597.441,7820.453,10369504256,akshare,深证成指,sz399001
2014-01-23,7818.759,7855.229,7764.48,7788.471,10079618048,akshare,深证成指,sz399001
2014-01-24,7771.58,7908.891,7760.2,7855.143,10922949632,akshare,深证成指,sz399001
2014-01-27,7810.234,7815.72,7723.601,7752.538,10990188544,akshare,深证成指,sz399001
2014-01-28,7773.552,7810.795,7679.806,7740.75,8532411392,akshare,深证成指,sz399001
2014-01-29,7754.18,7790.024,7695.271,7707.593,8384484864,akshare,深证成指,sz399001
2014-01-30,7704.492,7705.628,7560.54,7572.634,7197811712,akshare,深证成指,sz399001
2014-02-07,7515.089,7616.569,7479.564,7616.569,8507683328,akshare,深证成指,sz399001
2014-02-10,7655.567,7827.391,7651.49,7812.163,13503781888,akshare,深证成指,sz399001
2014-02-11,7814.202,7877.093,7781.25,7838.123,13956488192,akshare,深证成指,sz399001
2014-02-12,7835.06,7904.831,7809.939,7902.081,12895737856,akshare,深证成指,sz399001
2014-02-13,7895.226,7936.745,7846.992,7857.111,13578866688,akshare,深证成指,sz399001
2014-02-14,7840.964,7895.389,7821.627,7883.753,11197946880,akshare,深证成指,sz399001
2014-02-17,7922.738,7947.734,7866.298,7943.962,13944876032,akshare,深证成指,sz399001
2014-02-18,7947.418,7947.418,7808.152,7832.472,14230566912,akshare,深证成指,sz399001
2014-02-19,7837.409,7967.066,7816.061,7953.943,14050501632,akshare,深证成指,sz399001
2014-02-20,7956.921,7997.022,7836.265,7842.12,13794701312,akshare,深证成指,sz399001
2014-02-21,7825.544,7859.199,7718.533,7750.556,10628139008,akshare,深证成指,sz399001
2014-02-24,7697.205,7697.205,7465.906,7542.533,11802814464,akshare,深证成指,sz399001
2014-02-25,7551.0,7559.797,7272.341,7303.945,15459976192,akshare,深证成指,sz399001
2014-02-26,7271.192,7349.173,7226.182,7319.614,11586967552,akshare,深证成指,sz399001
2014-02-27,7352.587,7361.151,7179.171,7188.744,12462353408,akshare,深证成指,sz399001
2014-02-28,7181.428,7366.692,7174.333,7365.925,10558061568,akshare,深证成指,sz399001
2014-03-03,7349.954,7410.661,7335.427,7391.908,10788784128,akshare,深证成指,sz399001
2014-03-04,7390.671,7390.671,7272.638,7347.109,11022382080,akshare,深证成指,sz399001
2014-03-05,7352.721,7370.627,7279.301,7298.13,10170420224,akshare,深证成指,sz399001
2014-03-06,7282.739,7374.838,7186.703,7352.029,10212350976,akshare,深证成指,sz399001
2014-03-07,7338.753,7382.137,7306.053,7328.483,9931967488,akshare,深证成指,sz399001
2014-03-10,7269.489,7269.489,7114.803,7118.444,10386962432,akshare,深证成指,sz399001
2014-03-11,7103.296,7258.692,7091.297,7212.574,8611937280,akshare,深证成指,sz399001
2014-03-12,7187.882,7291.553,7139.347,7217.02,9173926912,akshare,深证成指,sz399001
2014-03-13,7226.826,7335.104,7217.836,7319.287,8102078976,akshare,深证成指,sz399001
2014-03-14,7287.341,7317.451,7205.182,7239.062,7877761024,akshare,深证成指,sz399001
2014-03-17,7266.95,7342.342,7257.02,7340.623,8434320896,akshare,深证成指,sz399001
2014-03-18,7347.037,7357.055,7266.584,7273.95,9268217856,akshare,深证成指,sz399001
2014-03-19,7246.062,7246.062,7098.696,7150.116,9680354304,akshare,深证成指,sz399001
2014-03-20,7135.409,7187.312,6997.63,6998.194,10399154176,akshare,深证成指,sz399001
2014-03-21,6973.091,7261.272,6959.249,7241.568,10773565440,akshare,深证成指,sz399001
2014-03-24,7237.255,7308.152,7180.118,7273.757,11054850048,akshare,深证成指,sz399001
2014-03-25,7247.108,7318.75,7220.72,7252.349,10673836032,akshare,深证成指,sz399001
2014-03-26,7270.018,7292.559,7228.907,7244.194,8758848512,akshare,深证成指,sz399001
2014-03-27,7230.627,7276.872,7154.649,7173.024,9787722752,akshare,深证成指,sz399001
2014-03-28,7165.47,7234.449,7144.066,7165.57,10246834176,akshare,深证成指,sz399001
2014-03-31,7219.211,7279.566,7146.154,7189.578,7059791872,akshare,深证成指,sz399001
2014-04-01,7184.069,7302.739,7177.854,7281.109,6562421248,akshare,深证成指,sz399001
2014-04-02,7291.726,7358.361,7284.12,7333.587,8068891136,akshare,深证成指,sz399001
2014-04-03,7355.211,7396.849,7280.441,7298.002,7971227648,akshare,深证成指,sz399001
2014-04-04,7281.335,7367.801,7260.128,7367.801,7048082944,akshare,深证成指,sz399001
2014-04-08,7334.18,7526.469,7323.412,7508.657,8594777088,akshare,深证成指,sz399001
2014-04-09,7510.315,7556.042,7479.621,7511.253,8569610240,akshare,深证成指,sz399001
2014-04-10,7534.021,7607.482,7467.186,7563.202,10582658048,akshare,深证成指,sz399001
2014-04-11,7543.712,7611.151,7528.661,7586.825,8792883200,akshare,深证成指,sz399001
2014-04-14,7588.612,7618.567,7553.495,7583.282,8129304064,akshare,深证成指,sz399001
2014-04-15,7568.171,7568.171,7438.96,7449.705,8938364928,akshare,深证成指,sz399001
2014-04-16,7430.609,7511.003,7430.235,7468.464,7484456960,akshare,深证成指,sz399001
2014-04-17,7484.155,7512.271,7441.081,7451.038,7303602176,akshare,深证成指,sz399001
2014-04-18,7425.835,7475.72,7380.731,7455.738,6604864512,akshare,深证成指,sz399001
2014-04-21,7412.341,7493.41,7351.187,7353.602,8010812928,akshare,深证成指,sz399001
2014-04-22,7355.633,7392.883,7276.718,7391.217,8064545280,akshare,深证成指,sz399001
2014-04-23,7388.256,7470.149,7379.887,7434.725,6379811840,akshare,深证成指,sz399001
2014-04-24,7426.278,7472.044,7392.155,7419.444,6760946176,akshare,深证成指,sz399001
2014-04-25,7423.898,7459.012,7323.654,7323.654,7774922752,akshare,深证成指,sz399001
2014-04-28,7324.867,7353.335,7233.711,7240.462,8039793152,akshare,深证成指,sz399001
2014-04-29,7234.653,7353.016,7215.121,7339.864,5958500352,akshare,深证成指,sz399001
2014-04-30,7320.793,7335.47,7279.34,7312.862,5481415168,akshare,深证成指,sz399001
2014-05-05,7289.24,7334.386,7214.06,7309.555,5768693760,akshare,深证成指,sz399001
2014-05-06,7282.919,7381.224,7282.919,7311.886,6862928384,akshare,深证成指,sz399001
2014-05-07,7292.005,7292.005,7232.482,7234.694,6565128704,akshare,深证成指,sz399001
2014-05-08,7185.195,7306.788,7157.256,7169.976,6501686784,akshare,深证成指,sz399001
2014-05-09,7175.243,7182.417,7093.215,7162.437,6387874816,akshare,深证成指,sz399001
2014-05-12,7208.038,7334.47,7175.222,7318.139,8571341312,akshare,深证成指,sz399001
2014-05-13,7321.655,7362.873,7290.732,7310.314,7617347072,akshare,深证成指,sz399001
2014-05-14,7320.356,7369.169,7303.629,7325.522,6507637760,akshare,深证成指,sz399001
2014-05-15,7309.875,7309.875,7205.705,7213.77,6703247872,akshare,深证成指,sz399001
2014-05-16,7203.819,7261.354,7187.796,7242.167,5907756544,akshare,深证成指,sz399001
2014-05-19,7210.846,7210.846,7105.024,7151.487,5368294400,akshare,深证成指,sz399001
2014-05-20,7180.32,7220.333,7130.058,7151.18,5757505024,akshare,深证成指,sz399001
2014-05-21,7121.363,7205.235,7075.322,7204.646,5576693760,akshare,深证成指,sz399001
2014-05-22,7201.715,7295.036,7181.035,7183.675,7165384192,akshare,深证成指,sz399001
2014-05-23,7188.56,7246.952,7161.751,7240.921,6394201088,akshare,深证成指,sz399001
2014-05-26,7289.627,7306.612,7233.168,7275.106,7394481664,akshare,深证成指,sz399001
2014-05-27,7265.242,7305.958,7253.903,7260.123,6774258176,akshare,深证成指,sz399001
2014-05-28,7263.309,7381.467,7246.089,7380.694,8525296128,akshare,深证成指,sz399001
2014-05-29,7395.58,7432.349,7340.982,7341.564,8232319488,akshare,深证成指,sz399001
2014-05-30,7344.829,7393.382,7309.022,7364.829,7373429248,akshare,深证成指,sz399001
2014-06-03,7365.606,7399.459,7319.775,7321.52,6851099648,akshare,深证成指,sz399001
2014-06-04,7314.97,7314.97,7177.658,7223.128,6840848896,akshare,深证成指,sz399001
2014-06-05,7215.952,7306.757,7205.098,7303.635,6816558080,akshare,深证成指,sz399001
2014-06-06,7272.226,7283.648,7195.129,7235.39,7181472256,akshare,深证成指,sz399001
2014-06-09,7217.536,7301.339,7205.337,7227.242,6645222912,akshare,深证成指,sz399001
2014-06-10,7229.969,7345.538,7229.621,7341.663,7593689600,akshare,深证成指,sz399001
2014-06-11,7323.039,7354.488,7307.364,7340.686,7982760960,akshare,深证成指,sz399001
2014-06-12,7313.832,7318.748,7280.007,7299.812,8032524800,akshare,深证成指,sz399001
2014-06-13,7293.502,7429.958,7290.14,7401.353,9324493824,akshare,深证成指,sz399001
2014-06-16,7397.046,7433.542,7372.931,7416.989,9437011968,akshare,深证成指,sz399001
2014-06-17,7400.081,7400.081,7320.722,7331.374,8969806848,akshare,深证成指,sz399001
2014-06-18,7329.937,7351.972,7291.738,7297.397,8688474112,akshare,深证成指,sz399001
2014-06-19,7301.385,7324.64,7148.023,7180.321,9100792832,akshare,深证成指,sz399001
2014-06-20,7181.153,7207.63,7134.535,7195.688,6693548544,akshare,深证成指,sz399001
2014-06-23,7205.89,7253.981,7184.159,7192.873,7286218752,akshare,深证成指,sz399001
2014-06-24,7200.655,7243.319,7185.405,7240.845,7576989184,akshare,深证成指,sz399001
2014-06-25,7238.824,7238.824,7174.598,7217.653,7240086528,akshare,深证成指,sz399001
2014-06-26,7219.17,7306.726,7219.17,7291.882,9221701632,akshare,深证成指,sz399001
2014-06-27,7291.181,7344.794,7270.518,7312.624,10676686848,akshare,深证成指,sz399001
2014-06-30,7312.677,7362.431,7312.677,7343.275,10971029504,akshare,深证成指,sz399001
2014-07-01,7340.594,7350.868,7277.407,7297.495,10995918848,akshare,深证成指,sz399001
2014-07-02,7298.021,7319.351,7258.312,7310.377,11433667584,akshare,深证成指,sz399001
2014-07-03,7300.254,7362.387,7286.177,7335.536,12629235712,akshare,深证成指,sz399001
2014-07-04,7346.691,7363.156,7318.572,7333.91,11319333888,akshare,深证成指,sz399001
2014-07-07,7336.629,7373.229,7301.569,7321.515,10489861120,akshare,深证成指,sz399001
2014-07-08,7319.285,7358.33,7277.464,7358.33,10843805696,akshare,深证成指,sz399001
2014-07-09,7341.169,7342.321,7192.706,7192.706,12435087360,akshare,深证成指,sz399001
2014-07-10,7193.218,7218.102,7149.382,7159.628,10397134848,akshare,深证成指,sz399001
2014-07-11,7158.578,7232.715,7146.451,7206.973,10721009664,akshare,深证成指,sz399001
2014-07-14,7206.129,7279.147,7180.212,7278.858,11937076224,akshare,深证成指,sz399001
2014-07-15,7278.961,7314.182,7270.124,7304.409,13150184448,akshare,深证成指,sz399001
2014-07-16,7289.192,7324.682,7251.571,7261.913,11462259712,akshare,深证成指,sz399001
2014-07-17,7251.145,7251.145,7151.429,7194.744,9126162432,akshare,深证成指,sz399001
2014-07-18,7166.645,7312.827,7159.835,7259.448,8976614400,akshare,深证成指,sz399001
2014-07-21,7264.539,7301.151,7251.345,7274.505,8596875264,akshare,深证成指,sz399001
2014-07-22,7261.366,7384.87,7258.584,7372.654,10351298560,akshare,深证成指,sz399001
2014-07-23,7362.736,7412.836,7341.563,7375.306,11374190592,akshare,深证成指,sz399001
2014-07-24,7384.922,7510.42,7384.922,7503.401,12518188032,akshare,深证成指,sz399001
2014-07-25,7528.337,7578.118,7503.624,7578.118,10823759872,akshare,深证成指,sz399001
2014-07-28,7630.355,7826.791,7630.355,7808.66,15116067840,akshare,深证成指,sz399001
2014-07-29,7828.347,7895.733,7799.135,7867.042,15026703360,akshare,深证成指,sz399001
2014-07-30,7867.931,7920.974,7820.796,7853.226,14244609024,akshare,深证成指,sz399001
2014-07-31,7845.796,7957.462,7821.707,7956.907,13346798592,akshare,深证成指,sz399001
2014-08-01,7919.783,8021.148,7880.424,7880.975,15431215104,akshare,深证成指,sz399001
2014-08-04,7896.969,8006.909,7892.553,8006.909,13142227968,akshare,深证成指,sz399001
2014-08-05,8007.47,8032.278,7950.521,8007.762,14617274368,akshare,深证成指,sz399001
2014-08-06,7962.557,8022.537,7883.077,7995.499,14760178688,akshare,深证成指,sz399001
2014-08-07,7990.003,8027.506,7869.88,7872.953,14404766720,akshare,深证成指,sz399001
2014-08-08,7890.879,7929.124,7845.259,7885.327,11857887232,akshare,深证成指,sz399001
2014-08-11,7902.244,8017.134,7902.244,8009.735,13297068032,akshare,深证成指,sz399001
2014-08-12,8000.917,8000.917,7933.507,7966.887,13755470848,akshare,深证成指,sz399001
2014-08-13,7967.913,8029.729,7897.797,7980.49,14823285760,akshare,深证成指,sz399001
2014-08-14,7977.331,7998.907,7887.951,7893.898,14941630464,akshare,深证成指,sz399001
2014-08-15,7901.193,8012.14,7891.055,7982.074,14284481536,akshare,深证成指,sz399001
2014-08-18,8018.182,8058.552,7985.887,8045.861,16202433536,akshare,深证成指,sz399001
2014-08-19,8064.622,8073.216,7994.504,8043.254,17827317760,akshare,深证成指,sz399001
2014-08-20,8029.513,8060.508,8000.212,8023.072,16051082240,akshare,深证成指,sz399001
2014-08-21,8021.145,8024.65,7904.068,8010.71,15123521536,akshare,深证成指,sz399001
2014-08-22,8003.526,8074.419,7997.587,8059.4,14261601280,akshare,深证成指,sz399001
2014-08-25,8054.883,8056.212,7925.217,7934.806,13769387008,akshare,深证成指,sz399001
2014-08-26,7915.333,7946.389,7786.232,7813.977,14014030848,akshare,深证成指,sz399001
2014-08-27,7809.516,7881.253,7809.516,7841.074,11077434368,akshare,深证成指,sz399001
2014-08-28,7840.394,7854.282,7735.682,7743.537,11216904192,akshare,深证成指,sz399001
2014-08-29,7758.362,7841.701,7755.474,7841.701,9122010112,akshare,深证成指,sz399001
2014-09-01,7852.907,7944.145,7852.872,7941.163,11771875328,akshare,深证成指,sz399001
2014-09-02,7958.847,8046.714,7923.981,8043.312,15889687552,akshare,深证成指,sz399001
2014-09-03,8051.09,8136.56,8051.09,8115.867,17573304320,akshare,深证成指,sz399001
2014-09-04,8141.39,8180.424,8103.201,8176.566,17628229632,akshare,深证成指,sz399001
2014-09-05,8202.662,8237.418,8158.826,8214.526,17544732672,akshare,深证成指,sz399001
2014-09-09,8220.963,8225.096,8155.828,8201.508,17056290816,akshare,深证成指,sz399001
2014-09-10,8164.405,8172.124,8109.445,8158.595,16994907136,akshare,深证成指,sz399001
2014-09-11,8153.52,8251.056,8095.864,8117.922,19785252864,akshare,深证成指,sz399001
2014-09-12,8104.418,8147.196,8069.682,8146.994,16046978048,akshare,深证成指,sz399001
2014-09-15,8124.734,8125.231,8051.526,8112.648,18638252032,akshare,深证成指,sz399001
2014-09-16,8130.219,8143.91,7918.603,7921.073,23587506176,akshare,深证成指,sz399001
2014-09-17,7951.42,7986.486,7893.099,7981.822,16244836352,akshare,深证成指,sz399001
2014-09-18,7964.47,8020.363,7942.851,8004.571,14702178304,akshare,深证成指,sz399001
2014-09-19,8006.057,8060.736,7971.216,8047.253,13759328256,akshare,深证成指,sz399001
2014-09-22,8036.871,8036.871,7886.88,7895.869,14648270848,akshare,深证成指,sz399001
2014-09-23,7906.468,7974.818,7906.468,7965.885,13673545728,akshare,深证成指,sz399001
2014-09-24,7944.322,8103.304,7925.379,8100.224,17221859328,akshare,深证成指,sz399001
2014-09-25,8137.331,8167.03,8058.703,8076.512,18222336000,akshare,深证成指,sz399001
2014-09-26,8050.639,8078.069,8021.27,8072.883,14890604544,akshare,深证成指,sz399001
2014-09-29,8084.271,8107.15,8045.886,8082.845,16499077120,akshare,深证成指,sz399001
2014-09-30,8095.269,8100.292,8060.353,8080.346,14956548096,akshare,深证成指,sz399001
2014-10-08,8134.366,8183.652,8073.717,8183.652,16624708608,akshare,深证成指,sz399001
2014-10-09,8199.683,8234.922,8131.171,8204.009,20487747584,akshare,深证成指,sz399001
2014-10-10,8186.332,8260.226,8158.343,8211.542,19613503488,akshare,深证成指,sz399001
2014-10-13,8179.486,8193.356,8092.486,8164.067,17577824256,akshare,深证成指,sz399001
2014-10-14,8150.859,8200.352,8105.536,8139.961,17280542720,akshare,深证成指,sz399001
2014-10-15,8141.143,8209.903,8086.63,8198.124,16656569344,akshare,深证成指,sz399001
2014-10-16,8156.785,8227.142,8110.687,8110.687,17505435648,akshare,深证成指,sz399001
2014-10-17,8116.815,8182.828,8015.618,8151.523,16944619520,akshare,深证成指,sz399001
2014-10-20,8175.684,8219.803,8153.095,8204.202,12932440064,akshare,深证成指,sz399001
2014-10-21,8197.169,8206.892,8101.601,8106.92,13264412672,akshare,深证成指,sz399001
2014-10-22,8114.892,8162.835,8059.557,8063.202,12252186624,akshare,深证成指,sz399001
2014-10-23,8044.714,8077.78,7957.032,7969.164,13324992512,akshare,深证成指,sz399001
2014-10-24,7982.313,8003.788,7899.543,7921.131,9972230144,akshare,深证成指,sz399001
2014-10-27,7881.012,7881.012,7803.464,7829.332,10178597888,akshare,深证成指,sz399001
2014-10-28,7846.866,7988.341,7846.866,7988.341,13937838080,akshare,深证成指,sz399001
2014-10-29,8010.413,8109.637,7962.032,8090.681,18840350720,akshare,深证成指,sz399001
2014-10-30,8088.979,8105.723,8034.078,8090.553,17405644800,akshare,深证成指,sz399001
2014-10-31,8109.552,8230.587,8088.264,8225.612,17517881344,akshare,深证成指,sz399001
2014-11-03,8245.034,8285.155,8202.531,8240.149,17376010240,akshare,深证成指,sz399001
2014-11-04,8231.504,8236.165,8179.342,8206.791,17349107712,akshare,深证成指,sz399001
2014-11-05,8221.952,8248.559,8189.84,8198.571,15929010176,akshare,深证成指,sz399001
2014-11-06,8206.55,8223.303,8137.419,8211.959,14481816576,akshare,深证成指,sz399001
2014-11-07,8226.307,8348.879,8183.06,8234.866,17932840960,akshare,深证成指,sz399001
2014-11-10,8299.419,8410.949,8251.743,8410.216,15853188096,akshare,深证成指,sz399001
2014-11-11,8443.246,8491.117,8243.902,8312.885,20523726848,akshare,深证成指,sz399001
2014-11-12,8287.572,8410.42,8271.843,8410.29,12908043264,akshare,深证成指,sz399001
2014-11-13,8416.675,8416.806,8288.055,8305.084,16094101504,akshare,深证成指,sz399001
2014-11-14,8263.97,8343.914,8242.486,8326.897,12381509632,akshare,深证成指,sz399001
2014-11-17,8358.128,8389.395,8278.116,8283.804,12416888832,akshare,深证成指,sz399001
2014-11-18,8264.398,8295.983,8173.444,8196.594,11478764544,akshare,深证成指,sz399001
2014-11-19,8206.778,8265.582,8202.782,8225.073,12085571584,akshare,深证成指,sz399001
2014-11-20,8210.823,8236.32,8190.403,8205.377,10949229568,akshare,深证成指,sz399001
2014-11-21,8209.983,8335.586,8194.524,8332.298,13259400192,akshare,深证成指,sz399001
2014-11-24,8498.058,8645.39,8464.608,8577.906,20387620864,akshare,深证成指,sz399001
2014-11-25,8600.313,8694.592,8578.456,8693.432,19057371136,akshare,深证成指,sz399001
2014-11-26,8712.291,8774.778,8680.863,8763.784,19632259072,akshare,深证成指,sz399001
2014-11-27,8798.408,8860.433,8743.932,8860.433,21535901696,akshare,深证成指,sz399001
2014-11-28,8837.472,9010.173,8767.116,9002.227,23788902400,akshare,深证成指,sz399001
2014-12-01,9029.64,9180.64,9028.834,9095.757,22416318464,akshare,深证成指,sz399001
2014-12-02,9058.318,9433.643,9027.299,9366.949,20464971776,akshare,深证成指,sz399001
2014-12-03,9448.366,9777.765,9441.833,9643.924,28893861888,akshare,深证成指,sz399001
2014-12-04,9679.589,10040.724,9659.948,10029.831,27371141120,akshare,深证成指,sz399001
2014-12-05,10164.373,10319.867,9749.136,10067.279,31302445056,akshare,深证成指,sz399001
2014-12-08,10047.117,10587.623,9919.649,10554.566,27392710656,akshare,深证成指,sz399001
2014-12-09,10496.629,11050.846,10042.013,10116.49,34579591168,akshare,深证成指,sz399001
2014-12-10,10154.53,10567.451,10048.464,10545.515,23077715968,akshare,深证成指,sz399001
2014-12-11,10443.655,10725.769,10387.593,10478.881,23636078592,akshare,深证成指,sz399001
2014-12-12,10451.612,10622.883,10390.019,10462.312,20365449216,akshare,深证成指,sz399001
2014-12-15,10477.448,10531.657,10298.376,10504.229,21090093056,akshare,深证成指,sz399001
2014-12-16,10486.687,10668.617,10429.56,10668.617,21359767552,akshare,深证成指,sz399001
2014-12-17,10728.743,10788.971,10533.115,10786.722,22890358784,akshare,深证成指,sz399001
2014-12-18,10744.271,10812.15,10656.347,10665.179,18228715520,akshare,深证成指,sz399001
2014-12-19,10646.658,10684.601,10382.287,10627.109,21201061888,akshare,深证成指,sz399001
2014-12-22,10607.578,10742.369,10474.924,10608.515,24346818560,akshare,深证成指,sz399001
2014-12-23,10549.979,10794.191,10490.14,10570.786,16794272768,akshare,深证成指,sz399001
2014-12-24,10614.124,10627.085,10179.256,10292.522,15393959936,akshare,深证成指,sz399001
2014-12-25,10350.941,10514.64,10296.001,10493.779,14876583936,akshare,深证成指,sz399001
2014-12-26,10505.707,10816.828,10487.906,10802.636,17221128192,akshare,深证成指,sz399001
2014-12-29,10918.956,10965.287,10665.259,10780.396,20187488256,akshare,深证成指,sz399001
2014-12-30,10756.578,10866.363,10660.202,10722.262,16569458688,akshare,深证成指,sz399001
2014-12-31,10723.091,11037.607,10711.327,11014.624,15917799424,akshare,深证成指,sz399001
2015-01-05,11150.979,11587.279,11150.979,11520.59,21835636736,akshare,深证成指,sz399001
2015-01-06,11424.922,11749.138,11374.505,11667.967,21161017344,akshare,深证成指,sz399001
2015-01-07,11612.731,11714.78,11505.033,11613.356,16836333568,akshare,深证成指,sz399001
2015-01-08,11624.593,11656.705,11371.925,11465.138,16444678144,akshare,深证成指,sz399001
2015-01-09,11424.532,11738.248,11313.246,11324.762,16163013632,akshare,深证成指,sz399001
2015-01-12,11279.73,11376.088,11116.058,11285.18,13967474688,akshare,深证成指,sz399001
2015-01-13,11250.878,11418.453,11244.423,11355.809,12407477248,akshare,深证成指,sz399001
2015-01-14,11366.946,11429.307,11153.166,11237.782,12186676224,akshare,深证成指,sz399001
2015-01-15,11240.837,11483.751,11161.519,11483.684,12583158784,akshare,深证成指,sz399001
2015-01-16,11496.763,11583.73,11436.277,11532.802,14725565440,akshare,深证成指,sz399001
2015-01-19,10939.043,11204.489,10634.619,10770.929,19538006016,akshare,深证成指,sz399001
2015-01-20,10761.276,11026.054,10750.85,10996.482,18089007104,akshare,深证成指,sz399001
2015-01-21,11051.948,11395.1,11000.741,11372.18,21173667840,akshare,深证成指,sz399001
2015-01-22,11358.438,11499.439,11342.079,11471.209,19275427840,akshare,深证成指,sz399001
2015-01-23,11507.438,11554.517,11379.963,11436.287,18471657472,akshare,深证成指,sz399001
2015-01-26,11564.219,11711.889,11512.008,11686.967,18267070464,akshare,深证成指,sz399001
2015-01-27,11670.239,11705.906,11368.99,11551.873,20400203776,akshare,深证成指,sz399001
2015-01-28,11484.991,11530.094,11309.213,11354.201,16807463936,akshare,深证成指,sz399001
2015-01-29,11187.297,11319.473,11161.43,11249.037,15720123392,akshare,深证成指,sz399001
2015-01-30,11290.454,11354.094,11132.799,11150.694,15549739008,akshare,深证成指,sz399001
2015-02-02,10952.14,11140.97,10921.439,10963.136,13373903872,akshare,深证成指,sz399001
2015-02-03,11077.479,11216.679,10993.548,11209.19,14627625984,akshare,深证成指,sz399001
2015-02-04,11241.977,11364.375,11111.531,11116.55,15653647360,akshare,深证成指,sz399001
2015-02-05,11367.142,11386.734,11065.578,11065.578,17634615296,akshare,深证成指,sz399001
2015-02-06,11022.487,11054.94,10715.43,10791.103,15081439232,akshare,深证成指,sz399001
2015-02-09,10792.004,10975.847,10760.047,10868.141,12054317056,akshare,深证成指,sz399001
2015-02-10,10887.681,11136.62,10875.285,11136.62,10833819648,akshare,深证成指,sz399001
2015-02-11,11174.306,11318.458,11167.122,11265.626,12821671936,akshare,深证成指,sz399001
2015-02-12,11268.586,11348.316,11185.003,11302.731,13383619584,akshare,深证成指,sz399001
2015-02-13,11362.003,11564.682,11338.012,11443.052,16696781824,akshare,深证成指,sz399001
2015-02-16,11474.877,11606.014,11437.74,11595.253,16643604480,akshare,深证成指,sz399001
2015-02-17,11658.05,11772.15,11644.539,11718.562,14936050688,akshare,深证成指,sz399001
2015-02-25,11755.183,11755.183,11500.691,11539.7,15271303168,akshare,深证成指,sz399001
2015-02-26,11526.511,11752.01,11470.427,11750.78,16524576768,akshare,深证成指,sz399001
2015-02-27,11736.289,11819.417,11719.664,11757.684,18201556992,akshare,深证成指,sz399001
2015-03-02,11869.958,11955.815,11781.61,11884.017,24196079616,akshare,深证成指,sz399001
2015-03-03,11800.989,11800.989,11515.552,11526.223,25346463744,akshare,深证成指,sz399001
2015-03-04,11530.935,11688.279,11521.696,11655.075,21830307840,akshare,深证成指,sz399001
2015-03-05,11597.488,11628.147,11484.796,11566.388,22419591168,akshare,深证成指,sz399001
2015-03-06,11600.66,11626.106,11381.905,11392.397,20205864960,akshare,深证成指,sz399001
2015-03-09,11280.019,11547.83,11169.051,11533.231,18494840832,akshare,深证成指,sz399001
2015-03-10,11501.978,11649.251,11479.275,11556.653,19523072000,akshare,深证成指,sz399001
2015-03-11,11554.664,11682.541,11491.687,11525.088,19340097536,akshare,深证成指,sz399001
2015-03-12,11593.69,11645.561,11516.247,11635.589,19846127616,akshare,深证成指,sz399001
2015-03-13,11680.471,11751.195,11654.192,11713.611,17914822656,akshare,深证成指,sz399001
2015-03-16,11791.417,12021.823,11748.083,12017.773,25402662912,akshare,深证成指,sz399001
2015-03-17,12083.438,12190.276,12046.798,12169.516,31538180096,akshare,深证成指,sz399001
2015-03-18,12206.717,12505.342,12190.254,12496.239,32214585344,akshare,深证成指,sz399001
2015-03-19,12549.547,12552.711,12337.675,12429.111,31163834368,akshare,深证成指,sz399001
2015-03-20,12427.414,12659.829,12387.888,12544.454,29787406336,akshare,深证成指,sz399001
2015-03-23,12644.19,12813.833,12644.19,12780.317,32282079232,akshare,深证成指,sz399001
2015-03-24,12841.145,12841.445,12495.917,12801.202,39078535168,akshare,深证成指,sz399001
2015-03-25,12776.003,12841.903,12656.523,12757.095,33324044288,akshare,深证成指,sz399001
2015-03-26,12703.346,12856.213,12601.749,12712.979,30785759232,akshare,深证成指,sz399001
2015-03-27,12779.326,12930.241,12717.431,12874.424,23697584128,akshare,深证成指,sz399001
2015-03-30,12917.136,13242.306,12894.494,13193.316,29805119488,akshare,深证成指,sz399001
2015-03-31,13420.923,13538.287,13106.969,13160.664,31772860416,akshare,深证成指,sz399001
2015-04-01,13187.422,13454.812,13142.401,13394.725,28787562496,akshare,深证成指,sz399001
2015-04-02,13486.895,13537.38,13235.279,13426.1,32176713728,akshare,深证成指,sz399001
2015-04-03,13336.866,13502.467,13296.945,13494.641,32623357952,akshare,深证成指,sz399001
2015-04-07,13626.621,13769.763,13625.26,13768.728,34447695872,akshare,深证成指,sz399001
2015-04-08,13814.979,13846.55,13513.145,13841.717,36142919680,akshare,深证成指,sz399001
2015-04-09,13898.493,13914.007,13505.852,13796.733,34615058432,akshare,深证成指,sz399001
2015-04-10,13718.925,14034.31,13650.324,14013.335,29530791936,akshare,深证成指,sz399001
2015-04-13,14100.353,14175.356,13972.41,14149.505,33280811008,akshare,深证成指,sz399001
2015-04-14,14132.612,14221.506,13920.064,14042.464,32690909184,akshare,深证成指,sz399001
2015-04-15,14023.402,14023.402,13646.607,13646.607,31157415936,akshare,深证成指,sz399001
2015-04-16,13549.873,14024.677,13492.766,13967.802,25965008896,akshare,深证成指,sz399001
2015-04-17,14120.773,14249.468,14039.036,14149.342,33430124544,akshare,深证成指,sz399001
2015-04-20,14132.829,14288.325,13814.961,13871.599,37036941312,akshare,深证成指,sz399001
2015-04-21,13882.436,14438.995,13882.436,14438.995,30927261696,akshare,深证成指,sz399001
2015-04-22,14529.244,14756.152,14510.934,14749.133,36390428672,akshare,深证成指,sz399001
2015-04-23,14842.205,14893.01,14647.138,14743.217,37866377216,akshare,深证成指,sz399001
2015-04-24,14615.535,14771.287,14422.537,14598.695,35316596736,akshare,深证成指,sz399001
2015-04-27,14749.024,14910.313,14644.007,14809.424,34525265920,akshare,深证成指,sz399001
2015-04-28,14946.95,14979.81,14580.422,14707.245,33395286016,akshare,深证成指,sz399001
2015-04-29,14669.217,14907.957,14542.321,14871.952,27250601984,akshare,深证成指,sz399001
2015-04-30,14909.06,15009.729,14818.64,14818.64,27631869952,akshare,深证成指,sz399001
2015-05-04,14846.478,14958.791,14714.912,14860.53,26406178816,akshare,深证成指,sz399001
2015-05-05,14831.905,14831.905,14145.501,14233.098,30063779840,akshare,深证成指,sz399001
2015-05-06,14347.55,14569.645,14032.021,14136.166,26659721216,akshare,深证成指,sz399001
2015-05-07,14080.355,14226.08,14027.603,14114.728,22651328512,akshare,深证成指,sz399001
2015-05-08,14271.461,14481.438,14165.07,14481.249,25423546368,akshare,深证成指,sz399001
2015-05-11,14572.815,14946.651,14447.781,14944.883,31739418624,akshare,深证成指,sz399001
2015-05-12,14975.226,15088.96,14879.597,15066.289,33400096768,akshare,深证成指,sz399001
2015-05-13,15075.024,15245.813,14962.377,15173.092,34702221312,akshare,深证成指,sz399001
2015-05-14,15210.753,15299.794,15003.723,15024.468,33796022272,akshare,深证成指,sz399001
2015-05-15,14955.411,14955.411,14590.757,14694.947,31117135872,akshare,深证成指,sz399001
2015-05-18,14612.884,14759.086,14564.733,14672.632,29549312000,akshare,深证成指,sz399001
2015-05-19,14723.214,15173.919,14704.328,15127.376,31803985920,akshare,深证成指,sz399001
2015-05-20,15206.559,15618.128,15206.559,15337.083,37961330688,akshare,深证成指,sz399001
2015-05-21,15402.948,15872.588,15402.948,15872.534,35576647680,akshare,深证成指,sz399001
2015-05-22,16084.038,16191.152,15731.01,16045.797,43612905472,akshare,深证成指,sz399001
2015-05-25,15894.14,16368.908,15810.149,16351.056,42140536832,akshare,深证成指,sz399001
2015-05-26,16456.23,16904.146,16397.504,16903.471,44692148224,akshare,深证成指,sz399001
2015-05-27,16988.904,17061.918,16610.779,16963.521,44479520768,akshare,深证成指,sz399001
2015-05-28,16953.604,17153.803,15909.101,15912.947,52204961792,akshare,深证成指,sz399001
2015-05-29,15920.326,16386.055,15299.647,16100.448,41243725824,akshare,深证成指,sz399001
2015-06-01,16247.389,16921.066,16245.553,16917.525,36479877120,akshare,深证成指,sz399001
2015-06-02,17051.221,17485.578,16963.738,17485.578,39649845248,akshare,深证成指,sz399001
2015-06-03,17626.916,17696.477,17098.432,17538.504,40720175104,akshare,深证成指,sz399001
2015-06-04,17579.357,17608.725,16426.313,17501.053,40160006144,akshare,深证成指,sz399001
2015-06-05,17727.859,17901.863,17302.555,17649.086,44420239360,akshare,深证成指,sz399001
2015-06-08,17648.723,17648.723,17145.697,17452.309,42082390016,akshare,深证成指,sz399001
2015-06-09,17410.641,17609.275,17184.324,17398.996,34716844032,akshare,深证成指,sz399001
2015-06-10,17297.039,17852.359,17165.895,17677.572,35876134912,akshare,深证成指,sz399001
2015-06-11,17692.898,17889.91,17606.426,17889.689,35108790272,akshare,深证成指,sz399001
2015-06-12,17978.049,18198.072,17921.91,18098.273,38507196416,akshare,深证成指,sz399001
2015-06-15,18182.643,18211.758,17668.67,17702.551,40617836544,akshare,深证成指,sz399001
2015-06-16,17502.367,17502.367,16911.91,17075.932,35302039552,akshare,深证成指,sz399001
2015-06-17,17073.078,17474.078,16564.365,17405.57,31241916416,akshare,深证成指,sz399001
2015-06-18,17367.129,17442.77,16709.604,16734.84,28905971712,akshare,深证成指,sz399001
2015-06-19,16386.98,16578.877,15700.494,15725.47,28964642816,akshare,深证成指,sz399001
2015-06-23,15720.321,16047.316,14938.821,16045.989,29292773376,akshare,深证成指,sz399001
2015-06-24,16178.553,16345.749,15867.912,16312.311,33217343488,akshare,深证成指,sz399001
2015-06-25,16369.995,16399.344,15499.223,15692.444,33171568640,akshare,深证成指,sz399001
2015-06-26,15196.558,15229.001,14321.052,14398.785,29466585088,akshare,深证成指,sz399001
2015-06-29,14703.966,14712.163,13250.347,13566.271,35894693888,akshare,深证成指,sz399001
2015-06-30,13274.645,14352.052,12723.159,14337.965,39954010112,akshare,深证成指,sz399001
2015-07-01,14185.102,14696.982,13578.375,13650.816,34874208256,akshare,深证成指,sz399001
2015-07-02,13655.732,13732.494,12727.229,12924.19,32073508864,akshare,深证成指,sz399001
2015-07-03,12475.61,13154.131,11953.081,12246.062,31553617920,akshare,深证成指,sz399001
2015-07-06,13140.14,13140.14,11584.471,12075.769,39633797120,akshare,深证成指,sz399001
2015-07-07,11660.56,11767.66,11282.623,11375.604,22732402688,akshare,深证成指,sz399001
2015-07-08,10870.144,11112.616,10850.384,11040.889,30732859392,akshare,深证成指,sz399001
2015-07-09,10953.332,11513.36,10932.997,11510.34,20745453568,akshare,深证成指,sz399001
2015-07-10,11733.448,12062.902,11696.769,12038.145,15891522560,akshare,深证成指,sz399001
2015-07-13,12367.618,12658.069,12261.253,12614.155,23384911872,akshare,深证成指,sz399001
2015-07-14,12796.485,13091.928,12635.197,12728.513,28563515392,akshare,深证成指,sz399001
2015-07-15,12783.075,12792.311,12093.9,12132.419,34529542144,akshare,深证成指,sz399001
2015-07-16,11963.351,12600.653,11637.472,12357.606,32429416448,akshare,深证成指,sz399001
2015-07-17,12460.507,13097.454,12435.595,13004.957,30700763136,akshare,深证成指,sz399001
2015-07-20,13115.48,13427.863,12942.945,13202.395,35816517632,akshare,深证成指,sz399001
2015-07-21,13038.148,13436.912,12928.133,13315.556,31241572352,akshare,深证成指,sz399001
2015-07-22,13307.932,13482.039,13098.805,13416.536,33490892800,akshare,深证成指,sz399001
2015-07-23,13432.612,13792.365,13356.055,13754.528,36704350208,akshare,深证成指,sz399001
2015-07-24,13789.313,13970.836,13424.181,13518.515,40085594112,akshare,深证成指,sz399001
2015-07-27,13242.69,13579.639,12488.367,12493.046,36443901952,akshare,深证成指,sz399001
2015-07-28,11986.247,12676.273,11718.996,12316.776,37431103488,akshare,深证成指,sz399001
2015-07-29,12472.275,12823.147,12078.315,12823.073,29648875520,akshare,深证成指,sz399001
2015-07-30,12766.342,12988.555,12382.296,12395.922,29945853952,akshare,深证成指,sz399001
2015-07-31,12228.413,12580.961,12213.462,12374.254,23519152128,akshare,深证成指,sz399001
2015-08-03,12178.572,12305.613,11909.005,12161.576,24373706752,akshare,深证成指,sz399001
2015-08-04,12163.121,12711.562,12105.937,12711.562,26160070656,akshare,深证成指,sz399001
2015-08-05,12694.571,12842.31,12447.037,12524.686,27115079680,akshare,深证成指,sz399001
2015-08-06,12274.724,12595.123,12231.888,12421.849,20222916608,akshare,深证成指,sz399001
2015-08-07,12543.656,12769.133,12522.473,12753.049,25188804608,akshare,深证成指,sz399001
2015-08-10,12877.307,13373.304,12821.892,13302.962,32308072448,akshare,深证成指,sz399001
2015-08-11,13316.888,13508.299,13240.088,13323.085,35182989312,akshare,深证成指,sz399001
2015-08-12,13201.538,13396.335,13117.101,13117.101,28511379456,akshare,深证成指,sz399001
2015-08-13,13069.983,13395.176,12962.0,13395.176,28706246656,akshare,深证成指,sz399001
2015-08-14,13497.164,13606.327,13378.591,13445.874,32679518208,akshare,深证成指,sz399001
2015-08-17,13417.326,13585.961,13309.538,13573.902,32680921088,akshare,深证成指,sz399001
2015-08-18,13608.516,13652.542,12634.948,12683.855,38903492608,akshare,深证成指,sz399001
2015-08-19,12328.596,13028.504,12049.916,12960.659,33174853632,akshare,深证成指,sz399001
2015-08-20,12864.835,13040.362,12582.244,12584.577,28375572480,akshare,深证成指,sz399001
2015-08-21,12355.274,12511.415,11891.839,11902.046,26016079872,akshare,深证成指,sz399001
2015-08-24,11399.663,11446.099,10964.092,10970.29,19382935552,akshare,深证成指,sz399001
2015-08-25,10212.472,10529.923,10168.416,10197.937,21874675712,akshare,深证成指,sz399001
2015-08-26,10199.896,10559.241,9776.21,9899.719,32672716800,akshare,深证成指,sz399001
2015-08-27,10076.092,10254.349,9713.986,10254.349,27196186624,akshare,深证成指,sz399001
2015-08-28,10397.966,10826.191,10311.368,10799.996,31598858240,akshare,深证成指,sz399001
2015-08-31,10706.227,10706.227,10398.33,10549.163,26670256128,akshare,深证成指,sz399001
2015-09-01,10388.498,10388.498,9954.577,10162.516,24629145600,akshare,深证成指,sz399001
2015-09-02,9694.477,10319.485,9682.708,10054.801,25917372416,akshare,深证成指,sz399001
2015-09-07,10121.829,10404.223,9933.541,9991.764,22854055936,akshare,深证成指,sz399001
2015-09-08,9898.635,10341.304,9763.949,10320.226,20042743808,akshare,深证成指,sz399001
2015-09-09,10367.348,10702.183,10335.022,10620.133,31192592384,akshare,深证成指,sz399001
2015-09-10,10449.926,10618.869,10406.021,10424.654,22531418112,akshare,深证成指,sz399001
2015-09-11,10408.407,10555.62,10332.411,10463.692,19046508544,akshare,深证成指,sz399001
2015-09-14,10517.684,10544.281,9739.421,9778.234,24088270848,akshare,深证成指,sz399001
2015-09-15,9533.45,9719.662,9259.648,9290.807,19821443072,akshare,深证成指,sz399001
2015-09-16,9330.755,9933.83,9297.198,9890.429,23480100864,akshare,深证成指,sz399001
2015-09-17,9872.041,10147.175,9739.89,9739.89,27371560960,akshare,深证成指,sz399001
2015-09-18,9806.716,9914.585,9691.064,9850.772,18768099328,akshare,深证成指,sz399001
2015-09-21,9732.122,10176.727,9701.325,10176.727,22716786688,akshare,深证成指,sz399001
2015-09-22,10200.547,10357.417,10121.741,10238.686,26389788672,akshare,深证成指,sz399001
2015-09-23,10071.333,10250.453,10040.948,10132.295,23184402432,akshare,深证成指,sz399001
2015-09-24,10178.098,10288.184,10124.128,10238.038,22149160960,akshare,深证成指,sz399001
2015-09-25,10184.88,10249.242,9835.842,9904.764,22674012160,akshare,深证成指,sz399001
2015-09-28,9919.562,10124.313,9796.929,10115.547,16402103296,akshare,深证成指,sz399001
2015-09-29,9962.581,10070.254,9873.781,9949.918,17448089600,akshare,深证成指,sz399001
2015-09-30,10004.795,10048.859,9890.706,9988.25,14980384768,akshare,深证成指,sz399001
2015-10-08,10332.235,10477.209,10265.0,10394.734,23068794880,akshare,深证成指,sz399001
2015-10-09,10386.806,10589.519,10363.984,10540.194,24188557312,akshare,深证成指,sz399001
2015-10-12,10599.884,11069.681,10593.538,10961.363,34134267904,akshare,深证成指,sz399001
2015-10-13,10885.105,11072.996,10850.723,11042.13,29515622400,akshare,深证成指,sz399001
2015-10-14,10997.082,11095.338,10880.108,10901.479,29610278912,akshare,深证成指,sz399001
2015-10-15,10862.112,11229.38,10862.112,11229.38,30849026048,akshare,深证成指,sz399001
2015-10-16,11301.935,11384.24,11172.042,11374.834,35729727488,akshare,深证成指,sz399001
2015-10-19,11426.518,11498.24,11245.014,11391.013,35436314624,akshare,深证成指,sz399001
2015-10-20,11372.178,11597.156,11335.783,11597.08,32894941184,akshare,深证成指,sz399001
2015-10-21,11592.199,11641.893,10872.567,10915.986,42174595072,akshare,深证成指,sz399001
2015-10-22,10921.178,11320.011,10910.879,11305.103,32683130880,akshare,深证成指,sz399001
2015-10-23,11397.199,11653.087,11345.527,11603.456,37897883648,akshare,深证成指,sz399001
2015-10-26,11765.652,11789.02,11534.826,11687.772,39154749440,akshare,深证成指,sz399001
2015-10-27,11588.942,11820.723,11229.102,11758.413,36633202688,akshare,深证成指,sz399001
2015-10-28,11689.287,11834.073,11446.43,11494.347,34152933376,akshare,深证成指,sz399001
2015-10-29,11565.713,11694.781,11406.102,11566.662,28180961280,akshare,深证成指,sz399001
2015-10-30,11542.014,11711.037,11369.395,11546.051,29633595392,akshare,深证成指,sz399001
2015-11-02,11306.204,11637.988,11266.038,11304.882,27469090816,akshare,深证成指,sz399001
2015-11-03,11341.303,11416.838,11200.597,11288.144,22405132288,akshare,深证成指,sz399001
2015-11-04,11351.249,11884.9,11351.249,11884.9,33943820288,akshare,深证成指,sz399001
2015-11-05,11908.688,12091.53,11853.464,11939.81,42913718272,akshare,深证成指,sz399001
2015-11-06,11952.512,12292.424,11952.512,12273.351,37737058304,akshare,深证成指,sz399001
2015-11-09,12227.405,12538.352,12145.064,12453.241,42223243264,akshare,深证成指,sz399001
2015-11-10,12390.527,12597.163,12349.033,12500.528,40091332608,akshare,深证成指,sz399001
2015-11-11,12509.525,12687.196,12445.288,12677.537,38212485120,akshare,深证成指,sz399001
2015-11-12,12735.502,12758.673,12483.34,12635.393,40354512896,akshare,深证成指,sz399001
2015-11-13,12492.942,12574.962,12272.381,12402.036,36299345920,akshare,深证成指,sz399001
2015-11-16,12180.986,12620.38,12171.662,12620.38,29240823808,akshare,深证成指,sz399001
2015-11-17,12744.793,12827.201,12478.973,12511.545,40349696000,akshare,深证成指,sz399001
2015-11-18,12516.14,12580.913,12257.042,12283.758,30614951936,akshare,深证成指,sz399001
2015-11-19,12326.161,12609.844,12309.785,12609.844,29446742016,akshare,深证成指,sz399001
2015-11-20,12650.248,12766.261,12565.801,12702.034,36472672256,akshare,深证成指,sz399001
2015-11-23,12699.146,12806.316,12539.98,12586.691,36238548992,akshare,深证成指,sz399001
2015-11-24,12580.717,12694.856,12438.921,12694.856,28393068544,akshare,深证成指,sz399001
2015-11-25,12696.132,12904.787,12666.188,12893.228,32541589504,akshare,深证成指,sz399001
2015-11-26,12951.998,12970.47,12747.892,12767.502,34966163456,akshare,深证成指,sz399001
2015-11-27,12697.507,12733.452,11880.321,11961.703,37147516928,akshare,深证成指,sz399001
2015-11-30,11991.701,12121.219,11455.495,12037.857,32521529344,akshare,深证成指,sz399001
2015-12-01,12022.835,12206.165,11938.627,12081.17,27022223360,akshare,深证成指,sz399001
2015-12-02,12068.977,12188.011,11830.989,12186.271,26399991808,akshare,深证成指,sz399001
2015-12-03,12205.439,12447.381,12205.439,12447.381,24953294848,akshare,深证成指,sz399001
2015-12-04,12384.496,12474.457,12268.494,12329.176,26807033856,akshare,深证成指,sz399001
2015-12-07,12351.405,12467.852,12262.13,12443.047,24767039488,akshare,深证成指,sz399001
2015-12-08,12371.109,12371.109,12151.153,12164.966,26104307712,akshare,深证成指,sz399001
2015-12-09,12112.197,12257.581,12091.764,12179.831,23296440320,akshare,深证成指,sz399001
2015-12-10,12180.774,12318.044,12158.653,12181.03,22863894528,akshare,深证成指,sz399001
2015-12-11,12120.595,12228.29,12051.444,12134.02,20466589696,akshare,深证成指,sz399001
2015-12-14,12023.814,12400.594,12004.486,12400.594,21494220800,akshare,深证成指,sz399001
2015-12-15,12412.465,12553.788,12412.465,12495.249,22829381632,akshare,深证成指,sz399001
2015-12-16,12533.112,12595.124,12471.094,12511.028,23545131008,akshare,深证成指,sz399001
2015-12-17,12602.667,12825.48,12602.667,12825.48,32853768192,akshare,深证成指,sz399001
2015-12-18,12825.023,12904.078,12763.431,12830.247,30575269888,akshare,深证成指,sz399001
2015-12-21,12824.433,13047.125,12816.715,13028.31,29849067520,akshare,深证成指,sz399001
2015-12-22,13064.686,13139.125,12980.377,13139.125,28839655424,akshare,深证成指,sz399001
2015-12-23,13142.526,13187.052,12974.628,13007.868,31225325568,akshare,深证成指,sz399001
2015-12-24,12977.248,13003.784,12770.359,12932.372,23255007232,akshare,深证成指,sz399001
2015-12-25,12960.255,13012.743,12898.472,12980.566,21433126912,akshare,深证成指,sz399001
2015-12-28,13025.657,13064.5,12686.34,12686.34,27978235904,akshare,深证成指,sz399001
2015-12-29,12676.614,12806.156,12598.105,12806.156,21500993536,akshare,深证成指,sz399001
2015-12-30,12826.477,12899.944,12768.168,12889.834,23173189632,akshare,深证成指,sz399001
2015-12-31,12893.12,12921.711,12664.533,12664.89,22226173952,akshare,深证成指,sz399001
2016-01-04,12650.719,12659.408,11625.409,11626.038,20485527552,akshare,深证成指,sz399001
2016-01-05,11116.9,11687.48,11063.642,11468.06,29429084160,akshare,深证成指,sz399001
2016-01-06,11520.772,11730.48,11413.984,11724.88,25349724160,akshare,深证成指,sz399001
2016-01-07,11504.9,11504.9,10745.47,10760.273,7166195200,akshare,深证成指,sz399001
2016-01-08,11008.894,11121.777,10376.29,10888.908,28514936832,akshare,深证成指,sz399001
2016-01-11,10656.87,10809.568,10212.459,10212.459,26129924096,akshare,深证成指,sz399001
2016-01-12,10243.569,10414.936,10065.09,10293.704,21763733504,akshare,深证成指,sz399001
2016-01-13,10347.084,10435.239,9978.821,9978.821,20894052352,akshare,深证成指,sz399001
2016-01-14,9678.216,10357.952,9668.896,10344.942,22851268608,akshare,深证成指,sz399001
2016-01-15,10268.947,10363.822,9940.889,9997.925,22116016128,akshare,深证成指,sz399001
2016-01-18,9807.248,10273.586,9807.248,10155.962,19337160704,akshare,深证成指,sz399001
2016-01-19,10137.38,10519.667,10105.546,10501.786,23143458816,akshare,深证成指,sz399001
2016-01-20,10434.355,10554.035,10297.817,10366.849,22966163456,akshare,深证成指,sz399001
2016-01-21,10207.421,10475.512,9975.974,9975.974,21004996608,akshare,深证成指,sz399001
2016-01-22,10095.425,10171.919,9837.744,10111.567,17811779584,akshare,深证成指,sz399001
2016-01-25,10194.752,10291.495,10103.65,10192.531,16514122752,akshare,深证成指,sz399001
2016-01-26,10079.222,10104.468,9463.307,9483.547,21398837248,akshare,深证成指,sz399001
2016-01-27,9525.611,9556.834,8986.518,9422.43,22135271424,akshare,深证成指,sz399001
2016-01-28,9309.871,9430.556,9045.495,9082.588,16885275648,akshare,深证成指,sz399001
2016-01-29,9077.106,9491.058,9056.043,9418.204,18089527296,akshare,深证成指,sz399001
2016-02-01,9389.624,9457.433,9196.152,9322.006,15365348352,akshare,深证成指,sz399001
2016-02-02,9332.694,9646.952,9332.694,9610.93,16759823360,akshare,深证成指,sz399001
2016-02-03,9509.501,9679.543,9453.158,9638.874,15872987136,akshare,深证成指,sz399001
2016-02-04,9667.907,9844.02,9667.907,9793.142,17970829312,akshare,深证成指,sz399001
2016-02-05,9802.249,9830.075,9670.022,9673.478,14732867584,akshare,深证成指,sz399001
2016-02-15,9385.524,9725.181,9385.524,9668.845,13736153088,akshare,深证成指,sz399001
2016-02-16,9727.764,10071.021,9727.764,10045.367,20040124416,akshare,深证成指,sz399001
2016-02-17,10043.689,10178.55,9982.167,10161.769,23076491264,akshare,深证成指,sz399001
2016-02-18,10231.263,10273.633,10099.102,10116.396,23723577344,akshare,深证成指,sz399001
2016-02-19,10091.675,10225.992,10066.043,10162.315,19041093632,akshare,深证成指,sz399001
2016-02-22,10290.05,10371.144,10239.581,10370.985,23595081728,akshare,深证成指,sz399001
2016-02-23,10374.357,10397.523,10171.675,10299.674,22797381632,akshare,深证成指,sz399001
2016-02-24,10256.392,10355.323,10100.504,10307.626,22230816768,akshare,深证成指,sz399001
2016-02-25,10290.956,10290.956,9510.099,9551.076,27040667648,akshare,深证成指,sz399001
2016-02-26,9625.367,9676.24,9392.669,9573.704,20850040832,akshare,深证成指,sz399001
2016-02-29,9528.724,9528.724,9000.888,9097.795,20726773760,akshare,深证成指,sz399001
2016-03-01,9116.557,9384.311,9011.509,9322.0,21010900992,akshare,深证成指,sz399001
2016-03-02,9308.49,9781.914,9308.49,9766.366,26977349632,akshare,深证成指,sz399001
2016-03-03,9770.739,9946.935,9748.997,9762.014,28866693120,akshare,深证成指,sz399001
2016-03-04,9721.225,9797.56,9447.108,9536.707,26049656832,akshare,深证成指,sz399001
2016-03-07,9642.25,9805.369,9614.691,9703.83,19868598272,akshare,深证成指,sz399001
2016-03-08,9690.569,9732.727,9348.76,9732.727,23099406336,akshare,深证成指,sz399001
2016-03-09,9525.255,9672.487,9466.487,9523.144,18032084992,akshare,深证成指,sz399001
2016-03-10,9526.187,9600.231,9382.158,9390.347,15102490624,akshare,深证成指,sz399001
2016-03-11,9286.525,9430.953,9254.236,9363.405,12701335552,akshare,深证成指,sz399001
2016-03-14,9466.419,9763.365,9466.419,9665.13,20657698816,akshare,深证成指,sz399001
2016-03-15,9636.632,9677.482,9536.27,9574.187,17154845696,akshare,深证成指,sz399001
2016-03-16,9629.817,9661.929,9418.549,9469.028,15856956416,akshare,深证成指,sz399001
2016-03-17,9515.626,9820.99,9511.714,9791.85,23292391424,akshare,深证成指,sz399001
2016-03-18,9841.04,10170.688,9833.109,10126.589,31803848704,akshare,深证成指,sz399001
2016-03-21,10255.903,10394.142,10234.648,10394.142,33811466240,akshare,深证成指,sz399001
2016-03-22,10308.911,10435.132,10254.688,10344.082,27915646976,akshare,深证成指,sz399001
2016-03-23,10317.934,10442.382,10277.247,10442.382,24786673664,akshare,深证成指,sz399001
2016-03-24,10346.556,10473.216,10263.562,10283.679,27035588608,akshare,深证成指,sz399001
2016-03-25,10256.41,10371.523,10223.16,10339.684,20970113024,akshare,深证成指,sz399001
2016-03-28,10399.165,10494.203,10248.266,10276.84,23985137664,akshare,深证成指,sz399001
2016-03-29,10259.713,10278.998,10024.059,10094.712,20705007616,akshare,深证成指,sz399001
2016-03-30,10187.64,10445.691,10187.64,10445.691,23062550528,akshare,深证成指,sz399001
2016-03-31,10494.523,10552.578,10426.448,10455.369,25073924096,akshare,深证成指,sz399001
2016-04-01,10410.679,10442.299,10224.372,10379.647,21570842624,akshare,深证成指,sz399001
2016-04-05,10393.65,10656.152,10373.539,10640.268,26293583872,akshare,深证成指,sz399001
2016-04-06,10604.231,10696.034,10570.143,10683.857,26105440256,akshare,深证成指,sz399001
2016-04-07,10719.268,10743.23,10504.882,10504.882,26608648192,akshare,深证成指,sz399001
2016-04-08,10425.014,10457.009,10288.796,10413.54,22215569408,akshare,深证成指,sz399001
2016-04-11,10513.868,10667.036,10513.868,10609.595,24567623680,akshare,深证成指,sz399001
2016-04-12,10600.795,10624.591,10430.311,10533.405,21714298880,akshare,深证成指,sz399001
2016-04-13,10599.215,10810.408,10599.215,10684.921,31065098240,akshare,深证成指,sz399001
2016-04-14,10741.647,10771.959,10651.92,10771.614,24066385920,akshare,深证成指,sz399001
2016-04-15,10774.488,10784.597,10680.743,10733.635,21846876160,akshare,深证成指,sz399001
2016-04-18,10665.44,10665.44,10508.979,10568.93,20878340096,akshare,深证成指,sz399001
2016-04-19,10618.835,10649.246,10531.542,10602.464,18869719040,akshare,深证成指,sz399001
2016-04-20,10632.07,10647.094,10011.567,10164.744,30452791296,akshare,深证成指,sz399001
2016-04-21,10120.114,10242.362,10049.349,10058.801,21375285248,akshare,深证成指,sz399001
2016-04-22,9995.124,10151.764,9976.045,10151.764,17067252736,akshare,深证成指,sz399001
2016-04-25,10122.126,10137.745,9986.393,10106.787,15408529408,akshare,深证成指,sz399001
2016-04-26,10095.959,10209.901,10076.744,10209.901,15135098880,akshare,深证成指,sz399001
2016-04-27,10221.826,10279.087,10159.497,10174.159,16944296960,akshare,深证成指,sz399001
2016-04-28,10178.237,10198.953,9990.671,10149.909,16980742144,akshare,深证成指,sz399001
2016-04-29,10111.614,10196.923,10100.183,10141.541,14035894272,akshare,深证成指,sz399001
2016-05-03,10144.153,10441.92,10105.799,10441.92,20363872256,akshare,深证成指,sz399001
2016-05-04,10401.675,10498.315,10389.771,10422.802,20562688000,akshare,深证成指,sz399001
2016-05-05,10403.55,10480.221,10372.216,10474.013,18087114752,akshare,深证成指,sz399001
2016-05-06,10473.303,10501.435,10100.535,10100.535,25924972544,akshare,深证成指,sz399001
2016-05-09,10018.507,10018.507,9747.872,9790.478,20194742322,akshare,深证成指,sz399001
2016-05-10,9770.303,9836.977,9738.519,9793.214,13689120410,akshare,深证成指,sz399001
2016-05-11,9848.324,9904.531,9743.076,9781.15,15409561547,akshare,深证成指,sz399001
2016-05-12,9664.281,9801.201,9544.123,9796.582,15600950239,akshare,深证成指,sz399001
2016-05-13,9769.129,9880.694,9710.168,9759.268,14245592986,akshare,深证成指,sz399001
2016-05-16,9729.793,9910.082,9690.33,9910.082,14906378379,akshare,深证成指,sz399001
2016-05-17,9918.436,10007.382,9839.858,9908.791,17757207796,akshare,深证成指,sz399001
2016-05-18,9835.581,9835.581,9591.177,9694.776,17767144246,akshare,深证成指,sz399001
2016-05-19,9684.117,9847.215,9684.117,9733.736,15651912721,akshare,深证成指,sz399001
2016-05-20,9657.745,9816.752,9628.984,9816.752,14998232160,akshare,深证成指,sz399001
2016-05-23,9839.783,9937.829,9839.764,9918.164,16899598874,akshare,深证成指,sz399001
2016-05-24,9903.17,9903.17,9765.654,9821.698,15574307585,akshare,深证成指,sz399001
2016-05-25,9883.939,9930.808,9756.524,9784.598,15180699112,akshare,深证成指,sz399001
2016-05-26,9766.082,9826.145,9605.447,9826.145,16607029595,akshare,深证成指,sz399001
2016-05-27,9798.344,9878.741,9775.22,9813.631,15971998267,akshare,深证成指,sz399001
2016-05-30,9756.875,9847.699,9681.241,9768.841,13861555159,akshare,深证成指,sz399001
2016-05-31,9786.003,10159.934,9786.003,10159.934,25583704157,akshare,深证成指,sz399001
2016-06-01,10184.227,10284.361,10177.215,10209.143,26537846798,akshare,深证成指,sz399001
2016-06-02,10192.513,10274.025,10181.18,10274.025,23172561122,akshare,深证成指,sz399001
2016-06-03,10275.941,10412.949,10258.023,10344.908,25144467562,akshare,深证成指,sz399001
2016-06-06,10383.453,10403.805,10296.179,10363.086,20836386623,akshare,深证成指,sz399001
2016-06-07,10365.814,10371.872,10297.415,10347.842,19952084461,akshare,深证成指,sz399001
2016-06-08,10330.182,10372.979,10232.131,10316.823,20813352269,akshare,深证成指,sz399001
2016-06-13,10190.781,10256.622,9862.585,9862.585,23324978638,akshare,深证成指,sz399001
2016-06-14,9830.551,9927.596,9795.937,9895.15,16916028644,akshare,深证成指,sz399001
2016-06-15,9790.877,10215.61,9779.108,10173.847,22961752220,akshare,深证成指,sz399001
2016-06-16,10154.183,10199.522,10090.234,10115.122,23466182615,akshare,深证成指,sz399001
2016-06-17,10135.378,10261.966,10113.954,10182.526,22652028547,akshare,深证成指,sz399001
2016-06-20,10183.771,10241.907,10101.632,10221.853,19957849585,akshare,深证成指,sz399001
2016-06-21,10285.042,10357.184,10093.152,10131.856,23489849040,akshare,深证成指,sz399001
2016-06-22,10108.958,10297.978,10104.883,10297.978,19712676536,akshare,深证成指,sz399001
2016-06-23,10288.467,10312.614,10183.011,10255.269,21722797479,akshare,深证成指,sz399001
2016-06-24,10235.045,10315.35,9901.9,10147.705,27094643996,akshare,深证成指,sz399001
2016-06-27,10090.054,10377.573,10090.054,10377.573,23495879253,akshare,深证成指,sz399001
2016-06-28,10330.122,10475.763,10309.23,10463.449,26830877231,akshare,深证成指,sz399001
2016-06-29,10499.907,10527.688,10434.235,10460.968,24955990132,akshare,深证成指,sz399001
2016-06-30,10474.936,10509.986,10435.529,10489.993,22314700296,akshare,深证成指,sz399001
2016-07-01,10506.225,10555.953,10436.597,10458.433,20480060304,akshare,深证成指,sz399001
2016-07-04,10369.69,10631.571,10362.854,10609.859,25410783777,akshare,深证成指,sz399001
2016-07-05,10598.419,10626.02,10546.703,10602.772,26376421355,akshare,深证成指,sz399001
2016-07-06,10567.668,10641.647,10538.096,10641.647,24983074241,akshare,深证成指,sz399001
2016-07-07,10612.231,10662.705,10526.813,10620.582,28098198994,akshare,深证成指,sz399001
2016-07-08,10613.714,10672.921,10560.308,10611.803,22683646822,akshare,深证成指,sz399001
2016-07-11,10633.625,10734.339,10587.959,10594.819,26265813467,akshare,深证成指,sz399001
2016-07-12,10583.169,10757.846,10487.55,10757.846,28369240492,akshare,深证成指,sz399001
2016-07-13,10794.501,10890.023,10772.83,10853.556,28532079578,akshare,深证成指,sz399001
2016-07-14,10834.902,10866.439,10786.495,10854.136,23509821097,akshare,深证成指,sz399001
2016-07-15,10854.5,10869.067,10774.544,10823.215,22506726379,akshare,深证成指,sz399001
2016-07-18,10793.176,10835.304,10708.739,10761.999,21887929296,akshare,深证成指,sz399001
2016-07-19,10753.873,10783.219,10661.387,10778.249,20036364408,akshare,深证成指,sz399001
2016-07-20,10775.561,10818.945,10740.595,10759.86,20105649447,akshare,深证成指,sz399001
2016-07-21,10758.336,10872.344,10746.878,10787.213,21591793951,akshare,深证成指,sz399001
2016-07-22,10782.242,10801.47,10700.112,10709.068,20997887778,akshare,深证成指,sz399001
2016-07-25,10684.55,10778.727,10668.642,10718.355,19346639288,akshare,深证成指,sz399001
2016-07-26,10714.752,10852.206,10713.695,10852.206,18943100440,akshare,深证成指,sz399001
2016-07-27,10858.702,10873.263,10289.957,10405.85,31906188006,akshare,深证成指,sz399001
2016-07-28,10386.835,10481.688,10262.301,10396.305,21853728703,akshare,深证成指,sz399001
2016-07-29,10384.401,10411.127,10294.495,10329.436,16814701063,akshare,深证成指,sz399001
2016-08-01,10289.886,10290.051,10086.646,10185.478,17171175588,akshare,深证成指,sz399001
2016-08-02,10173.341,10250.546,10157.854,10250.546,12823628105,akshare,深证成指,sz399001
2016-08-03,10229.473,10295.757,10205.984,10281.248,15002187975,akshare,深证成指,sz399001
2016-08-04,10272.716,10376.214,10235.697,10366.499,16628811011,akshare,深证成指,sz399001
2016-08-05,10368.797,10420.425,10333.316,10342.279,15904249752,akshare,深证成指,sz399001
2016-08-08,10314.996,10468.885,10259.304,10468.885,16801442163,akshare,深证成指,sz399001
2016-08-09,10466.038,10564.775,10457.823,10564.775,18495521189,akshare,深证成指,sz399001
2016-08-10,10558.486,10594.771,10510.912,10511.159,18772019441,akshare,深证成指,sz399001
2016-08-11,10496.436,10526.349,10390.956,10390.956,18017848098,akshare,深证成指,sz399001
2016-08-12,10373.05,10528.104,10364.467,10528.104,16995675692,akshare,深证成指,sz399001
2016-08-15,10556.4,10862.956,10552.951,10822.105,28530687261,akshare,深证成指,sz399001
2016-08-16,10845.618,10913.22,10845.07,10882.951,26123993309,akshare,深证成指,sz399001
2016-08-17,10879.988,10936.578,10832.776,10890.688,23962465005,akshare,深证成指,sz399001
2016-08-18,10873.65,10946.739,10834.012,10879.196,25425844446,akshare,深证成指,sz399001
2016-08-19,10865.382,10911.773,10819.798,10872.707,21516509858,akshare,深证成指,sz399001
2016-08-22,10869.063,10894.84,10731.201,10731.4,21401305077,akshare,深证成指,sz399001
2016-08-23,10720.503,10793.365,10680.101,10750.294,18905080692,akshare,深证成指,sz399001
2016-08-24,10751.353,10815.256,10732.921,10760.439,18300500562,akshare,深证成指,sz399001
2016-08-25,10694.337,10699.246,10564.364,10679.147,20066309582,akshare,深证成指,sz399001
2016-08-26,10703.315,10785.005,10675.598,10693.751,18755225510,akshare,深证成指,sz399001
2016-08-29,10690.95,10757.262,10682.262,10724.399,16785018390,akshare,深证成指,sz399001
2016-08-30,10732.773,10787.317,10713.751,10729.115,16537253313,akshare,深证成指,sz399001
2016-08-31,10730.547,10776.317,10679.649,10757.876,17313478581,akshare,深证成指,sz399001
2016-09-01,10759.756,10765.508,10669.509,10669.509,17954323815,akshare,深证成指,sz399001
2016-09-02,10666.099,10727.88,10592.083,10640.423,16461826831,akshare,深证成指,sz399001
2016-09-05,10682.715,10756.432,10674.958,10695.453,16325249688,akshare,深证成指,sz399001
2016-09-06,10714.544,10861.499,10623.991,10861.499,21682393306,akshare,深证成指,sz399001
2016-09-07,10860.119,10903.638,10827.253,10838.715,23275617651,akshare,深证成指,sz399001
2016-09-08,10830.047,10863.96,10795.868,10851.194,18317709758,akshare,深证成指,sz399001
2016-09-09,10855.29,10877.089,10762.793,10762.793,19554011146,akshare,深证成指,sz399001
2016-09-12,10578.782,10619.888,10460.515,10461.576,21904324295,akshare,深证成指,sz399001
2016-09-13,10519.021,10545.204,10460.131,10514.584,16327843464,akshare,深证成指,sz399001
2016-09-14,10466.827,10519.958,10425.688,10454.244,15268291983,akshare,深证成指,sz399001
2016-09-19,10476.631,10570.58,10476.631,10557.249,14237508784,akshare,深证成指,sz399001
2016-09-20,10563.045,10563.73,10520.08,10544.525,14637459516,akshare,深证成指,sz399001
2016-09-21,10543.386,10600.685,10538.939,10583.402,14412435280,akshare,深证成指,sz399001
2016-09-22,10644.712,10697.394,10634.462,10662.214,17145711378,akshare,深证成指,sz399001
2016-09-23,10670.59,10679.815,10607.863,10609.695,16568159733,akshare,深证成指,sz399001
2016-09-26,10588.354,10588.51,10392.695,10392.695,17991773412,akshare,深证成指,sz399001
2016-09-27,10375.351,10476.969,10352.021,10476.969,14838285106,akshare,深证成指,sz399001
2016-09-28,10490.046,10492.928,10436.116,10467.16,12883832411,akshare,深证成指,sz399001
2016-09-29,10477.044,10553.016,10477.044,10512.249,13760178483,akshare,深证成指,sz399001
2016-09-30,10504.294,10590.372,10499.471,10567.577,12813919853,akshare,深证成指,sz399001
2016-10-10,10612.208,10741.689,10584.696,10741.689,18528139863,akshare,深证成指,sz399001
2016-10-11,10743.407,10782.309,10727.452,10782.309,19424787890,akshare,深证成指,sz399001
2016-10-12,10751.433,10792.115,10733.309,10788.592,18230670452,akshare,深证成指,sz399001
2016-10-13,10784.74,10818.041,10757.491,10787.489,18818577450,akshare,深证成指,sz399001
2016-10-14,10774.37,10774.37,10692.065,10759.682,17895542123,akshare,深证成指,sz399001
2016-10-17,10770.337,10783.668,10624.816,10651.498,19194473287,akshare,深证成指,sz399001
2016-10-18,10637.688,10797.022,10637.688,10797.022,19106515645,akshare,深证成指,sz399001
2016-10-19,10811.272,10824.406,10733.691,10757.919,20123704758,akshare,深证成指,sz399001
2016-10-20,10763.463,10802.663,10752.915,10784.328,19550061017,akshare,深证成指,sz399001
2016-10-21,10783.561,10802.536,10678.115,10748.897,20091734578,akshare,深证成指,sz399001
2016-10-24,10755.486,10871.164,10740.179,10842.643,21037271255,akshare,深证成指,sz399001
2016-10-25,10846.763,10871.657,10841.198,10871.505,20616261270,akshare,深证成指,sz399001
2016-10-26,10871.239,10871.239,10793.626,10817.511,21818611792,akshare,深证成指,sz399001
2016-10-27,10805.805,10808.144,10745.277,10788.97,17815581247,akshare,深证成指,sz399001
2016-10-28,10783.276,10836.773,10710.928,10711.037,19246306969,akshare,深证成指,sz399001
2016-10-31,10685.357,10719.036,10630.304,10704.304,16456220200,akshare,深证成指,sz399001
2016-11-01,10714.82,10797.061,10706.87,10796.137,17762727153,akshare,深证成指,sz399001
2016-11-02,10771.348,10785.114,10686.938,10692.653,20802661496,akshare,深证成指,sz399001
2016-11-03,10662.164,10804.257,10655.136,10743.963,23363251097,akshare,深证成指,sz399001
2016-11-04,10737.909,10784.836,10684.467,10702.57,20427692685,akshare,深证成指,sz399001
2016-11-07,10704.257,10729.985,10663.557,10695.178,20582495197,akshare,深证成指,sz399001
2016-11-08,10734.067,10785.876,10722.355,10763.126,20016803857,akshare,深证成指,sz399001
2016-11-09,10768.86,10785.089,10575.163,10697.114,24692473044,akshare,深证成指,sz399001
2016-11-10,10777.097,10848.976,10777.097,10821.663,24229517347,akshare,深证成指,sz399001
2016-11-11,10823.933,10878.139,10792.83,10878.139,28199965335,akshare,深证成指,sz399001
2016-11-14,10855.983,10952.607,10847.817,10907.525,28535157668,akshare,深证成指,sz399001
2016-11-15,10910.146,10958.104,10877.396,10958.104,24076664318,akshare,深证成指,sz399001
2016-11-16,10970.704,10998.921,10956.87,10968.084,25047599802,akshare,深证成指,sz399001
2016-11-17,10942.102,10961.8,10887.515,10945.416,21232231046,akshare,深证成指,sz399001
2016-11-18,10946.877,10963.663,10876.914,10889.106,19897120519,akshare,深证成指,sz399001
2016-11-21,10877.075,10955.443,10861.811,10899.917,20174881233,akshare,深证成指,sz399001
2016-11-22,10910.416,10985.603,10910.416,10985.603,22418841293,akshare,深证成指,sz399001
2016-11-23,11010.999,11041.522,10952.001,10973.8,24481475591,akshare,深证成指,sz399001
2016-11-24,10960.645,11030.123,10947.272,10967.466,22785006503,akshare,深证成指,sz399001
2016-11-25,10966.362,11036.529,10830.397,11036.529,22060930522,akshare,深证成指,sz399001
2016-11-28,11078.772,11108.865,11045.685,11068.867,21969130789,akshare,深证成指,sz399001
2016-11-29,11039.622,11124.811,11026.298,11034.701,22789191021,akshare,深证成指,sz399001
2016-11-30,11023.657,11072.056,10983.181,11012.192,19422694271,akshare,深证成指,sz399001
2016-12-01,11037.114,11090.932,11036.611,11088.156,18849190093,akshare,深证成指,sz399001
2016-12-02,11074.536,11078.291,10905.393,10912.627,20662826000,akshare,深证成指,sz399001
2016-12-05,10776.122,10894.077,10762.847,10784.332,18266935555,akshare,深证成指,sz399001
2016-12-06,10798.802,10833.809,10774.36,10779.766,15338645373,akshare,深证成指,sz399001
2016-12-07,10780.212,10855.718,10751.202,10855.718,16538902942,akshare,深证成指,sz399001
2016-12-08,10865.221,10865.221,10804.741,10812.297,16893122376,akshare,深证成指,sz399001
2016-12-09,10802.176,10835.911,10766.556,10789.624,16529925277,akshare,深证成指,sz399001
2016-12-12,10774.593,10775.569,10292.54,10302.853,24313985904,akshare,深证成指,sz399001
2016-12-13,10280.438,10364.064,10192.131,10332.275,17699095428,akshare,深证成指,sz399001
2016-12-14,10318.07,10333.659,10213.946,10232.819,17272807166,akshare,深证成指,sz399001
2016-12-15,10202.244,10331.977,10194.999,10256.108,16862382803,akshare,深证成指,sz399001
2016-12-16,10258.645,10346.532,10239.215,10334.757,16659929362,akshare,深证成指,sz399001
2016-12-19,10330.61,10330.61,10262.688,10283.164,15843201398,akshare,深证成指,sz399001
2016-12-20,10275.439,10276.628,10204.019,10245.332,15126661705,akshare,深证成指,sz399001
2016-12-21,10266.188,10320.336,10266.188,10313.569,15418358198,akshare,深证成指,sz399001
2016-12-22,10310.724,10323.069,10257.316,10306.924,14583103370,akshare,深证成指,sz399001
2016-12-23,10304.635,10311.389,10196.721,10199.86,14789104878,akshare,深证成指,sz399001
2016-12-26,10163.507,10233.419,10062.373,10233.419,14265919529,akshare,深证成指,sz399001
2016-12-27,10229.906,10270.976,10221.665,10230.57,13586051243,akshare,深证成指,sz399001
2016-12-28,10229.012,10246.773,10169.798,10187.159,13842144626,akshare,深证成指,sz399001
2016-12-29,10177.025,10222.522,10151.277,10159.447,12992263282,akshare,深证成指,sz399001
2016-12-30,10175.497,10204.09,10145.111,10177.138,13102330955,akshare,深证成指,sz399001
2017-01-03,10205.141,10275.133,10205.141,10262.847,14279956346,akshare,深证成指,sz399001
2017-01-04,10264.43,10384.867,10255.752,10384.867,17626163154,akshare,深证成指,sz399001
2017-01-05,10382.596,10396.904,10365.442,10371.471,17215477811,akshare,深证成指,sz399001
2017-01-06,10362.853,10363.122,10286.521,10289.361,16793520022,akshare,深证成指,sz399001
2017-01-09,10281.308,10337.704,10258.366,10331.792,15404848688,akshare,深证成指,sz399001
2017-01-10,10327.007,10357.144,10301.686,10306.337,15856976958,akshare,深证成指,sz399001
2017-01-11,10294.3,10331.373,10213.863,10215.477,15135279027,akshare,深证成指,sz399001
2017-01-12,10207.428,10236.093,10127.415,10131.23,14691349323,akshare,深证成指,sz399001
2017-01-13,10135.677,10155.22,9997.403,10008.301,14584425545,akshare,深证成指,sz399001
2017-01-16,9993.564,9993.564,9482.838,9712.796,19327831367,akshare,深证成指,sz399001
2017-01-17,9684.526,9827.914,9611.189,9826.788,14120461722,akshare,深证成指,sz399001
2017-01-18,9801.082,9858.788,9774.755,9804.758,11920532501,akshare,深证成指,sz399001
2017-01-19,9781.644,9821.222,9746.3,9768.574,11457201672,akshare,深证成指,sz399001
2017-01-20,9763.037,9925.169,9762.782,9906.14,12638853423,akshare,深证成指,sz399001
2017-01-23,9919.408,10010.081,9919.408,9976.191,13330395500,akshare,深证成指,sz399001
2017-01-24,9972.611,9978.269,9928.078,9941.548,12481034793,akshare,深证成指,sz399001
2017-01-25,9931.623,9991.503,9922.487,9977.963,11084386301,akshare,深证成指,sz399001
2017-01-26,9989.852,10053.357,9989.354,10052.05,10373500827,akshare,深证成指,sz399001
2017-02-03,10061.292,10066.702,9985.303,10004.845,9878505110,akshare,深证成指,sz399001
2017-02-06,10004.221,10080.584,9984.645,10078.733,12574917637,akshare,深证成指,sz399001
2017-02-07,10072.508,10093.672,10011.773,10055.565,14032234451,akshare,深证成指,sz399001
2017-02-08,10043.607,10130.121,10003.915,10130.121,15135013608,akshare,深证成指,sz399001
2017-02-09,10124.446,10194.418,10116.453,10182.729,17440207380,akshare,深证成指,sz399001
2017-02-10,10184.567,10212.483,10155.362,10186.376,18895697415,akshare,深证成指,sz399001
2017-02-13,10188.709,10279.12,10187.094,10270.825,18190347763,akshare,深证成指,sz399001
2017-02-14,10273.09,10286.368,10234.374,10264.918,16196754225,akshare,深证成指,sz399001
2017-02-15,10259.95,10294.768,10160.109,10177.252,18465883317,akshare,深证成指,sz399001
2017-02-16,10175.122,10253.957,10163.237,10253.957,16469173542,akshare,深证成指,sz399001
2017-02-17,10261.095,10296.144,10183.375,10197.918,18083032944,akshare,深证成指,sz399001
2017-02-20,10203.021,10334.591,10203.021,10328.997,17911537234,akshare,深证成指,sz399001
2017-02-21,10338.866,10407.137,10330.285,10405.746,18926354291,akshare,深证成指,sz399001
2017-02-22,10403.917,10444.377,10385.098,10444.377,19384171022,akshare,深证成指,sz399001
2017-02-23,10439.834,10454.155,10379.054,10432.64,19963323006,akshare,深证成指,sz399001
2017-02-24,10423.643,10446.503,10396.745,10443.729,17569670361,akshare,深证成指,sz399001
2017-02-27,10443.297,10447.678,10345.47,10353.555,17289896781,akshare,深证成指,sz399001
2017-02-28,10354.87,10402.275,10340.088,10391.344,15530988592,akshare,深证成指,sz399001
2017-03-01,10387.631,10446.382,10378.122,10418.622,18017321364,akshare,深证成指,sz399001
2017-03-02,10429.982,10443.867,10361.998,10367.307,17661628475,akshare,深证成指,sz399001
2017-03-03,10339.892,10404.87,10308.217,10397.048,16474982718,akshare,深证成指,sz399001
2017-03-06,10406.232,10522.276,10406.232,10522.276,17721643761,akshare,深证成指,sz399001
2017-03-07,10527.828,10552.145,10495.505,10552.145,17739488241,akshare,深证成指,sz399001
2017-03-08,10549.993,10549.993,10473.882,10498.313,16087518766,akshare,深证成指,sz399001
2017-03-09,10484.278,10484.68,10402.364,10421.058,16081769862,akshare,深证成指,sz399001
2017-03-10,10415.379,10476.589,10415.379,10451.008,14727486798,akshare,深证成指,sz399001
2017-03-13,10450.648,10559.884,10402.722,10559.884,16549324375,akshare,深证成指,sz399001
2017-03-14,10561.501,10577.484,10515.517,10531.729,16139825127,akshare,深证成指,sz399001
2017-03-15,10515.593,10551.711,10499.851,10543.01,15659144414,akshare,深证成指,sz399001
2017-03-16,10573.772,10628.185,10573.772,10624.421,18611848524,akshare,深证成指,sz399001
2017-03-17,10632.045,10650.455,10514.674,10515.414,20374886009,akshare,深证成指,sz399001
2017-03-20,10512.888,10534.114,10459.736,10532.331,16929474961,akshare,深证成指,sz399001
2017-03-21,10527.408,10586.621,10513.634,10586.621,15954444997,akshare,深证成指,sz399001
2017-03-22,10535.665,10586.484,10488.634,10553.526,18205890699,akshare,深证成指,sz399001
2017-03-23,10558.344,10607.733,10477.566,10583.043,18716045094,akshare,深证成指,sz399001
2017-03-24,10584.086,10666.119,10580.109,10646.724,18485871709,akshare,深证成指,sz399001
2017-03-27,10643.451,10660.227,10578.745,10581.919,17907553437,akshare,深证成指,sz399001
2017-03-28,10580.163,10606.087,10538.023,10563.285,15839898239,akshare,深证成指,sz399001
2017-03-29,10573.119,10585.882,10497.013,10520.816,18499619142,akshare,深证成指,sz399001
2017-03-30,10505.392,10513.885,10328.95,10348.271,20954496837,akshare,深证成指,sz399001
2017-03-31,10351.331,10428.723,10351.331,10428.723,15948366934,akshare,深证成指,sz399001
2017-04-05,10496.78,10628.604,10496.78,10627.134,20158147558,akshare,深证成指,sz399001
2017-04-06,10649.836,10661.768,10608.131,10656.175,19108034144,akshare,深证成指,sz399001
2017-04-07,10652.403,10702.883,10635.08,10669.48,20503381839,akshare,深证成指,sz399001
2017-04-10,10663.855,10664.096,10593.765,10603.275,23951479848,akshare,深证成指,sz399001
2017-04-11,10601.0,10662.501,10476.656,10655.791,26735721868,akshare,深证成指,sz399001
2017-04-12,10643.484,10667.6,10584.694,10587.313,25638143237,akshare,深证成指,sz399001
2017-04-13,10578.576,10678.784,10571.7,10654.085,20494349281,akshare,深证成指,sz399001
2017-04-14,10662.255,10662.532,10515.374,10519.856,21850335935,akshare,深证成指,sz399001
2017-04-17,10483.957,10505.633,10406.516,10450.862,19416731096,akshare,深证成指,sz399001
2017-04-18,10449.008,10522.852,10405.35,10411.438,18427371432,akshare,深证成指,sz399001
2017-04-19,10377.277,10393.734,10234.998,10348.407,19870992499,akshare,深证成指,sz399001
2017-04-20,10346.99,10411.747,10306.386,10359.09,17346731498,akshare,深证成指,sz399001
2017-04-21,10357.858,10407.774,10300.398,10314.354,14453633063,akshare,深证成指,sz399001
2017-04-24,10285.043,10285.043,10060.108,10091.888,16010727521,akshare,深证成指,sz399001
2017-04-25,10106.902,10213.487,10104.546,10165.215,15406436426,akshare,深证成指,sz399001
2017-04-26,10162.716,10251.702,10161.418,10204.843,16535835888,akshare,深证成指,sz399001
2017-04-27,10174.249,10244.084,10015.89,10229.194,20458798290,akshare,深证成指,sz399001
2017-04-28,10208.133,10235.228,10176.082,10234.652,16449884003,akshare,深证成指,sz399001
2017-05-02,10205.655,10228.703,10166.391,10223.97,15789604590,akshare,深证成指,sz399001
2017-05-03,10208.599,10244.353,10146.26,10184.136,16806505463,akshare,深证成指,sz399001
2017-05-04,10164.808,10241.545,10116.011,10147.44,17613825005,akshare,深证成指,sz399001
2017-05-05,10119.538,10132.916,10024.436,10024.436,16620986898,akshare,深证成指,sz399001
2017-05-08,10000.953,10018.57,9833.167,9833.167,16443730316,akshare,深证成指,sz399001
2017-05-09,9794.814,9887.153,9736.138,9885.345,13895318936,akshare,深证成指,sz399001
2017-05-10,9875.737,9945.612,9756.809,9756.809,15619341787,akshare,深证成指,sz399001
2017-05-11,9704.88,9776.514,9566.419,9776.45,17336079413,akshare,深证成指,sz399001
2017-05-12,9755.873,9794.987,9703.1,9787.986,14096277620,akshare,深证成指,sz399001
2017-05-15,9812.376,9866.065,9812.376,9845.604,13303624632,akshare,深证成指,sz399001
2017-05-16,9819.71,10046.662,9761.349,10046.662,18782114933,akshare,深证成指,sz399001
2017-05-17,10030.363,10091.468,10019.355,10030.111,19208334904,akshare,深证成指,sz399001
2017-05-18,9955.859,10045.68,9936.308,9974.348,16023601644,akshare,深证成指,sz399001
2017-05-19,9978.495,10005.714,9922.763,9970.962,14348659490,akshare,深证成指,sz399001
2017-05-22,9958.294,10014.938,9864.951,9899.646,15760049889,akshare,深证成指,sz399001
2017-05-23,9878.38,9914.495,9761.312,9763.783,16970921610,akshare,深证成指,sz399001
2017-05-24,9722.036,9812.458,9609.407,9812.458,14475748157,akshare,深证成指,sz399001
2017-05-25,9792.095,9917.812,9727.513,9893.778,17412595672,akshare,深证成指,sz399001
2017-05-26,9871.684,9913.482,9838.698,9859.234,15569718142,akshare,深证成指,sz399001
2017-05-31,9944.123,9976.646,9855.297,9864.845,15691139489,akshare,深证成指,sz399001
2017-06-01,9833.825,9854.549,9730.062,9730.326,15520454803,akshare,深证成指,sz399001
2017-06-02,9708.72,9811.581,9637.538,9794.889,14835206937,akshare,深证成指,sz399001
2017-06-05,9799.81,9866.345,9799.65,9842.603,13463424368,akshare,深证成指,sz399001
2017-06-06,9834.541,9915.923,9821.132,9915.923,12815312225,akshare,深证成指,sz399001
2017-06-07,9915.178,10117.061,9910.534,10109.876,19508197505,akshare,深证成指,sz399001
2017-06-08,10104.594,10162.483,10097.657,10148.722,18159647601,akshare,深证成指,sz399001
2017-06-09,10147.021,10182.61,10124.941,10177.447,16366995363,akshare,深证成指,sz399001
2017-06-12,10144.117,10197.098,10108.977,10119.986,15741297957,akshare,深证成指,sz399001
2017-06-13,10104.71,10237.404,10102.5,10224.817,15465498672,akshare,深证成指,sz399001
2017-06-14,10208.84,10226.151,10138.823,10151.534,16157250730,akshare,深证成指,sz399001
2017-06-15,10140.082,10225.052,10134.408,10221.691,17851921320,akshare,深证成指,sz399001
2017-06-16,10212.98,10233.799,10176.856,10191.24,15756016736,akshare,深证成指,sz399001
2017-06-19,10191.98,10262.8,10191.866,10262.8,14790948060,akshare,深证成指,sz399001
2017-06-20,10281.57,10323.005,10273.061,10288.526,17367293691,akshare,深证成指,sz399001
2017-06-21,10327.131,10367.173,10269.323,10367.173,16517634199,akshare,深证成指,sz399001
2017-06-22,10361.337,10418.609,10265.199,10265.199,18965224150,akshare,深证成指,sz399001
2017-06-23,10249.793,10366.776,10196.391,10366.776,17098062212,akshare,深证成指,sz399001
2017-06-26,10377.224,10537.591,10377.224,10537.591,17725932185,akshare,深证成指,sz399001
2017-06-27,10532.566,10548.797,10479.354,10535.364,16049702677,akshare,深证成指,sz399001
2017-06-28,10507.049,10517.937,10436.079,10451.565,15378620391,akshare,深证成指,sz399001
2017-06-29,10460.382,10523.522,10459.937,10511.86,14947064246,akshare,深证成指,sz399001
2017-06-30,10475.225,10537.501,10454.884,10529.609,14407184139,akshare,深证成指,sz399001
2017-07-03,10531.733,10541.864,10464.681,10535.046,15642348026,akshare,深证成指,sz399001
2017-07-04,10527.774,10527.774,10437.403,10474.828,16074263552,akshare,深证成指,sz399001
2017-07-05,10443.03,10561.089,10434.678,10561.089,16933208412,akshare,深证成指,sz399001
2017-07-06,10547.512,10574.109,10467.91,10562.056,20101291255,akshare,深证成指,sz399001
2017-07-07,10526.782,10564.308,10504.097,10563.717,19472354779,akshare,深证成指,sz399001
2017-07-10,10542.552,10574.214,10497.389,10505.602,21270024959,akshare,深证成指,sz399001
2017-07-11,10488.894,10568.373,10467.125,10467.711,18794244805,akshare,深证成指,sz399001
2017-07-12,10465.866,10494.249,10360.1,10453.193,18873100586,akshare,深证成指,sz399001
2017-07-13,10444.778,10491.394,10431.499,10466.103,17224364734,akshare,深证成指,sz399001
2017-07-14,10445.567,10452.942,10382.373,10427.787,16092096719,akshare,深证成指,sz399001
2017-07-17,10383.222,10384.047,10006.385,10055.796,24458036988,akshare,深证成指,sz399001
2017-07-18,10012.911,10103.763,9960.558,10103.763,17603234970,akshare,深证成指,sz399001
2017-07-19,10079.679,10296.292,10064.312,10295.575,21422204610,akshare,深证成指,sz399001
2017-07-20,10288.886,10392.061,10282.278,10366.982,20442159861,akshare,深证成指,sz399001
2017-07-21,10354.543,10406.251,10342.722,10364.82,17858616120,akshare,深证成指,sz399001
2017-07-24,10352.853,10414.072,10341.242,10404.223,19717377957,akshare,深证成指,sz399001
2017-07-25,10398.253,10421.208,10317.916,10353.212,17970647075,akshare,深证成指,sz399001
2017-07-26,10365.605,10380.696,10247.541,10297.343,19338094023,akshare,深证成指,sz399001
2017-07-27,10284.917,10416.548,10216.021,10395.193,25061339491,akshare,深证成指,sz399001
2017-07-28,10381.309,10456.408,10371.391,10437.938,20651122436,akshare,深证成指,sz399001
2017-07-31,10438.23,10517.33,10418.828,10505.044,23653180634,akshare,深证成指,sz399001
2017-08-01,10496.713,10529.9,10472.71,10525.347,23297056566,akshare,深证成指,sz399001
2017-08-02,10525.996,10557.475,10461.953,10469.338,24843684454,akshare,深证成指,sz399001
2017-08-03,10454.01,10507.229,10403.593,10436.172,22518741409,akshare,深证成指,sz399001
2017-08-04,10426.526,10450.687,10360.826,10361.231,23751821020,akshare,深证成指,sz399001
2017-08-07,10353.154,10451.083,10347.501,10451.083,19336732768,akshare,深证成指,sz399001
2017-08-08,10448.871,10516.608,10437.851,10496.245,22901334241,akshare,深证成指,sz399001
2017-08-09,10487.768,10548.062,10455.274,10544.59,21335459829,akshare,深证成指,sz399001
2017-08-10,10525.147,10582.163,10417.085,10480.642,21897991018,akshare,深证成指,sz399001
2017-08-11,10407.335,10459.91,10281.632,10291.347,22352598724,akshare,深证成指,sz399001
2017-08-14,10308.966,10519.804,10308.966,10519.804,20263280042,akshare,深证成指,sz399001
2017-08-15,10527.535,10559.778,10502.521,10559.778,19019491757,akshare,深证成指,sz399001
2017-08-16,10550.425,10625.336,10504.073,10600.779,21712611277,akshare,深证成指,sz399001
2017-08-17,10601.648,10658.158,10583.398,10653.73,22371445082,akshare,深证成指,sz399001
2017-08-18,10586.35,10636.151,10563.265,10614.082,19801686615,akshare,深证成指,sz399001
2017-08-21,10624.81,10689.772,10624.81,10689.772,18678456464,akshare,深证成指,sz399001
2017-08-22,10689.653,10699.055,10631.245,10653.982,19155987830,akshare,深证成指,sz399001
2017-08-23,10642.218,10662.827,10583.176,10619.337,17098040896,akshare,深证成指,sz399001
2017-08-24,10617.736,10627.339,10537.78,10552.962,16218445757,akshare,深证成指,sz399001
2017-08-25,10556.545,10671.715,10556.545,10659.009,17453030746,akshare,深证成指,sz399001
2017-08-28,10678.35,10866.362,10678.35,10809.736,23300568393,akshare,深证成指,sz399001
2017-08-29,10796.539,10818.224,10742.132,10762.366,20901471118,akshare,深证成指,sz399001
2017-08-30,10762.238,10825.886,10762.238,10813.927,20563184331,akshare,深证成指,sz399001
2017-08-31,10823.31,10837.39,10759.789,10816.645,19375915207,akshare,深证成指,sz399001
2017-09-01,10822.494,10880.557,10807.774,10880.557,23675357605,akshare,深证成指,sz399001
2017-09-04,10882.128,10969.573,10859.355,10962.854,25394557473,akshare,深证成指,sz399001
2017-09-05,10958.202,10995.527,10928.858,10986.947,22619344667,akshare,深证成指,sz399001
2017-09-06,10959.308,11036.895,10939.258,11024.586,23687013786,akshare,深证成指,sz399001
2017-09-07,11030.599,11059.471,10966.543,10969.127,25150493375,akshare,深证成指,sz399001
2017-09-08,10961.699,11011.106,10911.817,10970.772,21933380162,akshare,深证成指,sz399001
2017-09-11,10979.721,11053.729,10963.622,11053.729,22823691799,akshare,深证成指,sz399001
2017-09-12,11063.847,11131.947,11019.873,11043.605,29751975761,akshare,深证成指,sz399001
2017-09-13,11040.104,11091.492,11015.735,11091.492,21749236010,akshare,深证成指,sz399001
2017-09-14,11091.975,11124.538,11033.823,11070.492,23759467783,akshare,深证成指,sz399001
2017-09-15,11058.096,11105.024,11022.254,11063.104,22773786605,akshare,深证成指,sz399001
2017-09-18,11062.435,11154.754,11062.435,11153.532,20612210852,akshare,深证成指,sz399001
2017-09-19,11160.423,11181.177,11055.237,11083.899,21306387846,akshare,深证成指,sz399001
2017-09-20,11083.849,11191.13,11083.214,11191.13,22059384008,akshare,深证成指,sz399001
2017-09-21,11187.884,11199.188,11098.339,11098.339,22158862509,akshare,深证成指,sz399001
2017-09-22,11067.107,11085.43,11025.886,11069.822,19421195755,akshare,深证成指,sz399001
2017-09-25,11054.26,11056.655,10911.034,10930.67,18369967780,akshare,深证成指,sz399001
2017-09-26,10915.655,10951.142,10890.918,10950.769,16778238200,akshare,深证成指,sz399001
2017-09-27,10951.959,11063.133,10951.885,11036.78,17043197499,akshare,深证成指,sz399001
2017-09-28,11029.475,11072.562,11015.481,11031.422,18285129576,akshare,深证成指,sz399001
2017-09-29,11042.718,11121.439,11042.718,11087.187,18106837669,akshare,深证成指,sz399001
2017-10-09,11248.352,11305.461,11214.9,11264.273,21667833562,akshare,深证成指,sz399001
2017-10-10,11260.771,11329.514,11229.021,11329.514,21443177031,akshare,深证成指,sz399001
2017-10-11,11319.461,11344.589,11285.916,11312.496,22988629637,akshare,深证成指,sz399001
2017-10-12,11309.36,11337.124,11240.656,11307.325,19875246070,akshare,深证成指,sz399001
2017-10-13,11312.269,11400.054,11308.037,11399.094,19503949879,akshare,深证成指,sz399001
2017-10-16,11401.867,11422.935,11267.27,11271.199,23628953996,akshare,深证成指,sz399001
2017-10-17,11254.41,11318.004,11214.822,11275.341,15744190904,akshare,深证成指,sz399001
2017-10-18,11277.54,11323.257,11240.632,11282.747,17879722908,akshare,深证成指,sz399001
2017-10-19,11275.313,11290.724,11179.186,11189.553,18260370645,akshare,深证成指,sz399001
2017-10-20,11154.932,11238.877,11140.336,11238.877,14439978449,akshare,深证成指,sz399001
2017-10-23,11239.694,11306.308,11228.68,11306.308,15450082233,akshare,深证成指,sz399001
2017-10-24,11289.016,11339.127,11260.679,11339.127,15628193726,akshare,深证成指,sz399001
2017-10-25,11330.752,11437.209,11324.169,11437.209,16002201876,akshare,深证成指,sz399001
2017-10-26,11430.001,11509.024,11413.932,11461.285,18388611032,akshare,深证成指,sz399001
2017-10-27,11456.566,11484.907,11415.366,11444.524,17697928307,akshare,深证成指,sz399001
2017-10-30,11446.795,11472.279,11192.176,11312.607,22335210940,akshare,深证成指,sz399001
2017-10-31,11293.341,11368.187,11274.166,11367.619,15598709238,akshare,深证成指,sz399001
2017-11-01,11370.521,11424.483,11341.073,11350.32,16298510096,akshare,深证成指,sz399001
2017-11-02,11336.477,11337.011,11251.814,11292.422,18119025315,akshare,深证成指,sz399001
2017-11-03,11287.549,11334.682,11165.062,11215.194,17976026680,akshare,深证成指,sz399001
2017-11-06,11218.04,11373.736,11181.288,11373.736,17868356956,akshare,深证成指,sz399001
2017-11-07,11374.092,11467.969,11370.992,11467.969,19361657328,akshare,深证成指,sz399001
2017-11-08,11460.148,11563.815,11441.799,11447.4,21003886898,akshare,深证成指,sz399001
2017-11-09,11443.539,11553.239,11414.2,11553.239,18604236876,akshare,深证成指,sz399001
2017-11-10,11540.548,11659.654,11531.589,11645.047,20429521935,akshare,深证成指,sz399001
2017-11-13,11657.633,11714.979,11631.189,11694.996,21292250153,akshare,深证成指,sz399001
2017-11-14,11689.936,11700.728,11538.339,11582.925,21804104422,akshare,深证成指,sz399001
2017-11-15,11547.999,11583.973,11390.297,11462.11,17937022109,akshare,深证成指,sz399001
2017-11-16,11442.853,11549.078,11415.755,11537.956,18003527709,akshare,深证成指,sz399001
2017-11-17,11519.921,11555.872,11292.934,11292.934,23667039989,akshare,深证成指,sz399001
2017-11-20,11229.585,11437.546,11087.526,11437.546,18378498009,akshare,深证成指,sz399001
2017-11-21,11419.089,11602.1,11407.396,11602.1,20120393632,akshare,深证成指,sz399001
2017-11-22,11598.039,11666.131,11454.263,11560.797,19678636135,akshare,深证成指,sz399001
2017-11-23,11520.041,11520.041,11162.534,11175.47,19637101986,akshare,深证成指,sz399001
2017-11-24,11135.069,11225.2,11058.991,11168.393,15969712989,akshare,深证成指,sz399001
2017-11-27,11126.784,11126.784,10936.144,10954.181,16455902431,akshare,深证成指,sz399001
2017-11-28,10938.397,11091.137,10936.399,11091.137,14602930931,akshare,深证成指,sz399001
2017-11-29,11095.907,11108.449,10936.989,11082.132,17322270638,akshare,深证成指,sz399001
2017-11-30,11036.752,11079.931,10908.702,10944.099,15077831580,akshare,深证成指,sz399001
2017-12-01,10941.869,11077.435,10926.772,11013.153,14844912410,akshare,深证成指,sz399001
2017-12-04,11007.192,11099.834,10993.514,11014.549,15733382183,akshare,深证成指,sz399001
2017-12-05,10988.069,11044.177,10801.403,10854.755,17758775832,akshare,深证成指,sz399001
2017-12-06,10838.043,10911.329,10716.289,10911.329,15882471480,akshare,深证成指,sz399001
2017-12-07,10886.259,10925.202,10795.841,10801.253,13543080986,akshare,深证成指,sz399001
2017-12-08,10789.175,10964.79,10789.175,10935.058,14622843523,akshare,深证成指,sz399001
2017-12-11,10962.177,11143.261,10962.177,11143.261,15854655906,akshare,深证成指,sz399001
2017-12-12,11145.753,11176.577,11043.212,11043.212,15099640385,akshare,深证成指,sz399001
2017-12-13,11030.016,11143.889,11019.594,11143.889,13378934382,akshare,深证成指,sz399001
2017-12-14,11138.462,11165.609,11070.98,11110.178,14597559796,akshare,深证成指,sz399001
2017-12-15,11092.154,11104.816,10970.729,10998.117,15721222460,akshare,深证成指,sz399001
2017-12-18,10991.113,11046.098,10916.188,10960.115,13386038557,akshare,深证成指,sz399001
2017-12-19,10964.144,11077.185,10963.795,11074.994,13029159732,akshare,深证成指,sz399001
2017-12-20,11072.405,11079.127,10988.895,11003.333,14007589589,akshare,深证成指,sz399001
2017-12-21,10988.766,11149.037,10935.224,11118.247,15089180088,akshare,深证成指,sz399001
2017-12-22,11112.732,11154.746,11078.261,11094.155,12911965975,akshare,深证成指,sz399001
2017-12-25,11102.161,11132.592,10967.37,11005.503,14797106870,akshare,深证成指,sz399001
2017-12-26,11002.336,11025.104,10900.636,11021.831,13995679666,akshare,深证成指,sz399001
2017-12-27,11007.442,11026.729,10911.212,10911.212,15471870004,akshare,深证成指,sz399001
2017-12-28,10907.833,11029.085,10891.755,10974.007,15981871794,akshare,深证成指,sz399001
2017-12-29,10984.86,11040.621,10971.638,11040.45,13977231914,akshare,深证成指,sz399001
2018-01-02,11079.642,11178.052,11072.868,11178.052,16373777410,akshare,深证成指,sz399001
2018-01-03,11181.184,11316.46,11171.118,11280.296,19840475080,akshare,深证成指,sz399001
2018-01-04,11270.914,11341.346,11259.458,11341.346,18037649158,akshare,深证成指,sz399001
2018-01-05,11339.569,11372.286,11310.288,11342.848,18795013314,akshare,深证成指,sz399001
2018-01-08,11343.821,11386.038,11287.604,11382.717,20360407183,akshare,深证成指,sz399001
2018-01-09,11371.928,11449.598,11358.128,11447.091,18408183671,akshare,深证成指,sz399001
2018-01-10,11439.22,11446.414,11345.096,11437.084,19634270926,akshare,深证成指,sz399001
2018-01-11,11411.584,11482.813,11372.36,11464.196,18989790243,akshare,深证成指,sz399001
2018-01-12,11459.458,11496.531,11420.264,11461.991,18602147019,akshare,深证成指,sz399001
2018-01-15,11453.332,11476.577,11277.308,11307.46,22443373414,akshare,深证成指,sz399001
2018-01-16,11283.604,11402.456,11283.286,11386.91,19286341170,akshare,深证成指,sz399001
2018-01-17,11366.6,11367.157,11185.921,11303.967,21351592103,akshare,深证成指,sz399001
2018-01-18,11287.64,11375.111,11279.423,11319.905,15561011597,akshare,深证成指,sz399001
2018-01-19,11314.457,11393.044,11276.566,11296.273,18342928830,akshare,深证成指,sz399001
2018-01-22,11289.857,11513.081,11273.689,11513.081,18107481801,akshare,深证成指,sz399001
2018-01-23,11514.562,11564.952,11493.739,11555.255,17418876916,akshare,深证成指,sz399001
2018-01-24,11548.207,11613.955,11456.261,11607.569,21073522371,akshare,深证成指,sz399001
2018-01-25,11588.377,11633.458,11548.679,11552.562,21376223980,akshare,深证成指,sz399001
2018-01-26,11524.702,11605.128,11512.939,11557.815,17561173864,akshare,深证成指,sz399001
2018-01-29,11547.685,11556.648,11323.687,11352.716,19966607801,akshare,深证成指,sz399001
2018-01-30,11319.975,11370.003,11260.313,11278.781,15797324346,akshare,深证成指,sz399001
2018-01-31,11210.064,11244.181,11119.316,11159.676,19479497333,akshare,深证成指,sz399001
2018-02-01,11145.41,11171.357,10836.352,10864.342,22481867702,akshare,深证成指,sz399001
2018-02-02,10794.127,10933.155,10663.542,10925.161,18462656955,akshare,深证成指,sz399001
2018-02-05,10761.083,10873.241,10741.847,10836.252,14870522310,akshare,深证成指,sz399001
2018-02-06,10603.535,10685.158,10377.609,10377.609,19687741009,akshare,深证成指,sz399001
2018-02-07,10563.313,10599.536,10173.663,10246.974,18536490865,akshare,深证成指,sz399001
2018-02-08,10219.39,10411.203,10219.215,10372.588,15442980220,akshare,深证成指,sz399001
2018-02-09,10096.465,10172.775,9868.834,10001.228,19357135437,akshare,深证成指,sz399001
2018-02-12,10059.857,10325.684,10059.857,10291.882,14499615498,akshare,深证成指,sz399001
2018-02-13,10367.682,10486.811,10350.174,10362.432,14216733354,akshare,深证成指,sz399001
2018-02-14,10381.158,10433.092,10319.146,10431.914,10008243895,akshare,深证成指,sz399001
2018-02-22,10547.807,10667.8,10526.983,10658.937,13617047865,akshare,深证成指,sz399001
2018-02-23,10667.812,10700.109,10578.787,10662.791,14053085513,akshare,深证成指,sz399001
2018-02-26,10731.313,10920.21,10670.167,10895.562,20018349093,akshare,深证成指,sz399001
2018-02-27,10898.289,10915.364,10791.954,10807.534,19593277952,akshare,深证成指,sz399001
2018-02-28,10705.813,10875.707,10656.357,10828.73,18663895392,akshare,深证成指,sz399001
2018-03-01,10754.619,10943.131,10732.926,10943.131,19007030412,akshare,深证成指,sz399001
2018-03-02,10857.87,10947.386,10840.008,10856.246,18464681693,akshare,深证成指,sz399001
2018-03-05,10882.867,10913.031,10813.465,10875.68,15954953882,akshare,深证成指,sz399001
2018-03-06,10909.275,11007.952,10873.846,11007.952,20652549776,akshare,深证成指,sz399001
2018-03-07,10993.952,11031.479,10897.58,10904.988,17914833720,akshare,深证成指,sz399001
2018-03-08,10902.351,11019.078,10892.183,11019.078,16520317441,akshare,深证成指,sz399001
2018-03-09,11040.366,11203.724,11030.553,11194.914,23455546834,akshare,深证成指,sz399001
2018-03-12,11266.322,11328.769,11260.457,11326.271,26177324623,akshare,深证成指,sz399001
2018-03-13,11311.04,11335.298,11236.38,11241.405,22784842568,akshare,深证成指,sz399001
2018-03-14,11198.772,11242.305,11138.391,11139.627,19606773764,akshare,深证成指,sz399001
2018-03-15,11100.531,11195.944,11051.622,11163.654,18757355483,akshare,深证成指,sz399001
2018-03-16,11166.432,11192.356,11051.122,11051.122,16959835572,akshare,深证成指,sz399001
2018-03-19,11046.029,11120.75,10994.678,11068.493,16581944756,akshare,深证成指,sz399001
2018-03-20,10982.729,11082.027,10951.988,11077.802,17736007765,akshare,深证成指,sz399001
2018-03-21,11100.912,11170.562,10973.585,10980.55,20247247432,akshare,深证成指,sz399001
2018-03-22,10988.826,11035.583,10858.444,10877.252,17577816366,akshare,深证成指,sz399001
2018-03-23,10511.157,10664.928,10256.5,10439.986,28241282277,akshare,深证成指,sz399001
2018-03-26,10303.745,10564.375,10217.219,10564.375,19579888833,akshare,深证成指,sz399001
2018-03-27,10683.158,10799.369,10675.497,10775.711,22288276221,akshare,深证成指,sz399001
2018-03-28,10633.703,10768.477,10613.063,10630.688,20480130667,akshare,深证成指,sz399001
2018-03-29,10676.558,10778.798,10564.285,10755.92,19257464047,akshare,深证成指,sz399001
2018-03-30,10776.706,10883.049,10766.526,10868.655,20910316308,akshare,深证成指,sz399001
2018-04-02,10887.471,10950.218,10835.715,10852.947,23874294054,akshare,深证成指,sz399001
2018-04-03,10718.427,10783.926,10667.332,10754.285,20820404399,akshare,深证成指,sz399001
2018-04-04,10778.86,10829.82,10678.936,10684.562,19316374303,akshare,深证成指,sz399001
2018-04-09,10655.072,10725.105,10571.156,10653.376,18579468564,akshare,深证成指,sz399001
2018-04-10,10671.686,10765.615,10628.236,10765.615,19974159486,akshare,深证成指,sz399001
2018-04-11,10796.5,10856.436,10786.837,10808.37,19100436182,akshare,深证成指,sz399001
2018-04-12,10797.353,10825.664,10720.833,10726.955,17168688961,akshare,深证成指,sz399001
2018-04-13,10789.768,10825.668,10670.649,10687.019,16183731249,akshare,深证成指,sz399001
2018-04-16,10660.69,10704.392,10540.69,10621.788,18815946264,akshare,深证成指,sz399001
2018-04-17,10636.876,10669.149,10390.055,10395.156,20228640081,akshare,深证成指,sz399001
2018-04-18,10477.52,10514.741,10249.873,10491.149,21583494466,akshare,深证成指,sz399001
2018-04-19,10502.363,10646.702,10485.412,10598.353,20398857815,akshare,深证成指,sz399001
2018-04-20,10571.99,10619.174,10392.69,10408.91,19680569238,akshare,深证成指,sz399001
2018-04-23,10416.778,10471.21,10228.094,10330.629,17957980720,akshare,深证成指,sz399001
2018-04-24,10325.51,10556.822,10325.51,10556.822,19097000607,akshare,深证成指,sz399001
2018-04-25,10503.941,10579.178,10488.874,10547.099,18334834694,akshare,深证成指,sz399001
2018-04-26,10495.027,10508.013,10290.365,10292.119,18633243940,akshare,深证成指,sz399001
2018-04-27,10353.023,10382.767,10239.975,10324.468,16477651198,akshare,深证成指,sz399001
2018-05-02,10356.192,10433.28,10283.516,10342.846,16056709576,akshare,深证成指,sz399001
2018-05-03,10329.161,10459.385,10228.257,10458.622,17774332100,akshare,深证成指,sz399001
2018-05-04,10428.846,10490.057,10411.826,10426.188,15058242245,akshare,深证成指,sz399001
2018-05-07,10456.429,10626.509,10450.494,10626.509,17417718037,akshare,深证成指,sz399001
2018-05-08,10632.112,10721.984,10630.58,10707.804,18277093873,akshare,深证成指,sz399001
2018-05-09,10693.215,10705.147,10639.92,10689.071,16949864403,akshare,深证成指,sz399001
2018-05-10,10706.729,10742.641,10651.866,10729.766,18092530083,akshare,深证成指,sz399001
2018-05-11,10748.891,10752.825,10634.228,10634.301,18017141243,akshare,深证成指,sz399001
2018-05-14,10649.111,10723.787,10641.294,10671.457,16957027353,akshare,深证成指,sz399001
2018-05-15,10692.821,10747.993,10632.546,10747.993,15793263456,akshare,深证成指,sz399001
2018-05-16,10713.592,10776.435,10691.141,10701.323,16552188338,akshare,深证成指,sz399001
2018-05-17,10702.065,10713.713,10615.923,10635.498,15068288554,akshare,深证成指,sz399001
2018-05-18,10623.913,10679.51,10557.75,10672.522,15456805283,akshare,深证成指,sz399001
2018-05-21,10741.188,10789.758,10731.607,10765.348,19100573793,akshare,深证成指,sz399001
2018-05-22,10754.702,10765.805,10689.51,10765.805,17954385079,akshare,深证成指,sz399001
2018-05-23,10746.816,10746.816,10631.123,10631.123,18649658134,akshare,深证成指,sz399001
2018-05-24,10632.504,10657.447,10552.347,10564.127,15844931769,akshare,深证成指,sz399001
2018-05-25,10550.626,10576.811,10435.946,10448.225,17276087265,akshare,深证成指,sz399001
2018-05-28,10439.647,10536.572,10382.717,10465.537,16966408860,akshare,深证成指,sz399001
2018-05-29,10446.987,10517.138,10347.939,10349.065,16843614363,akshare,深证成指,sz399001
2018-05-30,10203.659,10252.148,10097.477,10105.795,19760689417,akshare,深证成指,sz399001
2018-05-31,10178.963,10295.729,10115.66,10295.729,17468765566,akshare,深证成指,sz399001
2018-06-01,10247.155,10280.74,10122.988,10169.354,16271888042,akshare,深证成指,sz399001
2018-06-04,10192.043,10237.597,10148.693,10204.316,14577224900,akshare,深证成指,sz399001
2018-06-05,10216.626,10385.605,10216.022,10385.605,15278965861,akshare,深证成指,sz399001
2018-06-06,10375.258,10403.932,10337.714,10365.126,14545673089,akshare,深证成指,sz399001
2018-06-07,10397.647,10411.556,10308.06,10313.846,14757135507,akshare,深证成指,sz399001
2018-06-08,10290.629,10291.896,10136.584,10205.518,15172724424,akshare,深证成指,sz399001
2018-06-11,10191.307,10242.758,10141.271,10175.347,13122534400,akshare,深证成指,sz399001
2018-06-12,10187.312,10322.996,10124.982,10315.284,14256822360,akshare,深证成指,sz399001
2018-06-13,10280.077,10287.996,10161.387,10161.648,14285163218,akshare,深证成指,sz399001
2018-06-14,10124.763,10213.792,10054.369,10084.183,13072091677,akshare,深证成指,sz399001
2018-06-15,10077.427,10108.532,9902.634,9943.127,15996443342,akshare,深证成指,sz399001
2018-06-19,9775.966,9815.013,9336.698,9414.758,21421267114,akshare,深证成指,sz399001
2018-06-20,9367.744,9549.529,9310.186,9501.337,16997456166,akshare,深证成指,sz399001
2018-06-21,9493.505,9573.486,9313.092,9316.676,17333757319,akshare,深证成指,sz399001
2018-06-22,9247.019,9416.09,9172.297,9409.953,15250954150,akshare,深证成指,sz399001
2018-06-25,9472.912,9494.438,9320.662,9324.831,15002142306,akshare,深证成指,sz399001
2018-06-26,9200.997,9364.512,9175.386,9339.37,16333250344,akshare,深证成指,sz399001
2018-06-27,9338.006,9378.078,9139.816,9168.661,15824066283,akshare,深证成指,sz399001
2018-06-28,9130.524,9230.891,9065.204,9071.729,15280020891,akshare,深证成指,sz399001
2018-06-29,9100.596,9381.025,9078.242,9379.475,18043708596,akshare,深证成指,sz399001
2018-07-02,9369.244,9393.098,9107.546,9179.796,18083964661,akshare,深证成指,sz399001
2018-07-03,9184.312,9233.021,8945.419,9221.536,19324968588,akshare,深证成指,sz399001
2018-07-04,9182.958,9200.272,9008.089,9035.486,17089145516,akshare,深证成指,sz399001
2018-07-05,9036.121,9096.539,8844.674,8862.178,16334622673,akshare,深证成指,sz399001
2018-07-06,8873.899,9035.454,8736.355,8911.342,18606299786,akshare,深证成指,sz399001
2018-07-09,8954.314,9160.621,8954.314,9160.621,16168908881,akshare,深证成指,sz399001
2018-07-10,9176.29,9213.865,9123.22,9205.426,16330055716,akshare,深证成指,sz399001
2018-07-11,9024.72,9092.878,8916.979,9023.819,17876651531,akshare,深证成指,sz399001
2018-07-12,9019.963,9312.375,9019.963,9273.613,21125155062,akshare,深证成指,sz399001
2018-07-13,9288.472,9344.652,9270.198,9326.967,18643241523,akshare,深证成指,sz399001
2018-07-16,9322.973,9366.212,9278.074,9317.355,16670696933,akshare,深证成指,sz399001
2018-07-17,9307.66,9307.66,9175.657,9285.163,15923233285,akshare,深证成指,sz399001
2018-07-18,9293.201,9335.095,9195.239,9195.239,17525658164,akshare,深证成指,sz399001
2018-07-19,9214.898,9266.935,9116.447,9148.782,16162034419,akshare,深证成指,sz399001
2018-07-20,9141.512,9277.952,9055.863,9251.48,16993047953,akshare,深证成指,sz399001
2018-07-23,9188.469,9314.304,9160.047,9314.304,19980911999,akshare,深证成指,sz399001
2018-07-24,9316.648,9491.244,9313.169,9465.802,24467263919,akshare,深证成指,sz399001
2018-07-25,9475.721,9514.938,9436.986,9463.76,21314695869,akshare,深证成指,sz399001
2018-07-26,9467.564,9488.391,9331.453,9352.251,22913868601,akshare,深证成指,sz399001
2018-07-27,9344.748,9363.17,9270.354,9295.93,18893476327,akshare,深证成指,sz399001
2018-07-30,9289.356,9309.441,9139.737,9181.94,17835708716,akshare,深证成指,sz399001
2018-07-31,9168.83,9216.729,9132.078,9178.78,14799109838,akshare,深证成指,sz399001
2018-08-01,9205.745,9235.741,9005.373,9005.373,17326452990,akshare,深证成指,sz399001
2018-08-02,8971.71,8971.71,8613.839,8780.557,21111116678,akshare,深证成指,sz399001
2018-08-03,8767.563,8807.947,8602.118,8602.118,15284338472,akshare,深证成指,sz399001
2018-08-06,8582.43,8638.366,8374.397,8422.839,15915233411,akshare,深证成指,sz399001
2018-08-07,8453.547,8674.025,8379.699,8674.025,17192407950,akshare,深证成指,sz399001
2018-08-08,8654.554,8665.395,8498.212,8499.22,17169350043,akshare,深证成指,sz399001
2018-08-09,8475.786,8797.585,8460.43,8752.201,19985718531,akshare,深证成指,sz399001
2018-08-10,8752.936,8839.286,8742.399,8813.486,15964503989,akshare,深证成指,sz399001
2018-08-13,8712.123,8855.616,8676.211,8844.857,16095376324,akshare,深证成指,sz399001
2018-08-14,8832.269,8843.565,8752.761,8784.899,15212969221,akshare,深证成指,sz399001
2018-08-15,8786.35,8786.35,8567.227,8581.178,16343237867,akshare,深证成指,sz399001
2018-08-16,8470.909,8628.914,8408.001,8500.422,15710542137,akshare,深证成指,sz399001
2018-08-17,8573.569,8597.786,8341.104,8357.041,15274692848,akshare,深证成指,sz399001
2018-08-20,8355.0,8414.154,8241.144,8414.154,14983973318,akshare,深证成指,sz399001
2018-08-21,8419.787,8561.793,8396.582,8549.063,14851388029,akshare,深证成指,sz399001
2018-08-22,8533.429,8533.429,8440.584,8454.749,13342621965,akshare,深证成指,sz399001
2018-08-23,8446.983,8543.418,8411.738,8501.393,14012508552,akshare,深证成指,sz399001
2018-08-24,8480.225,8544.251,8438.084,8484.744,14051986137,akshare,深证成指,sz399001
2018-08-27,8511.374,8728.562,8511.374,8728.562,17843615152,akshare,深证成指,sz399001
2018-08-28,8731.64,8758.706,8693.524,8733.747,16257603151,akshare,深证成指,sz399001
2018-08-29,8716.817,8724.812,8649.732,8678.262,15435206584,akshare,深证成指,sz399001
2018-08-30,8666.902,8701.041,8543.787,8552.798,15737647523,akshare,深证成指,sz399001
2018-08-31,8509.272,8536.06,8425.349,8465.47,13890948154,akshare,深证成指,sz399001
2018-09-03,8440.953,8459.949,8344.93,8455.546,14530901903,akshare,深证成指,sz399001
2018-09-04,8454.136,8573.197,8420.884,8554.437,16140719609,akshare,深证成指,sz399001
2018-09-05,8519.569,8536.836,8402.508,8402.508,16631390301,akshare,深证成指,sz399001
2018-09-06,8369.303,8450.889,8295.479,8324.163,14444945233,akshare,深证成指,sz399001
2018-09-07,8344.568,8462.392,8270.401,8322.364,16034705201,akshare,深证成指,sz399001
2018-09-10,8310.457,8311.915,8155.352,8158.487,15541417664,akshare,深证成指,sz399001
2018-09-11,8155.946,8216.617,8112.001,8168.101,13595458337,akshare,深证成指,sz399001
2018-09-12,8162.168,8196.864,8095.006,8111.157,12807609055,akshare,深证成指,sz399001
2018-09-13,8196.21,8227.195,8038.12,8163.76,15602194968,akshare,深证成指,sz399001
2018-09-14,8173.557,8180.702,8090.396,8113.884,16001022448,akshare,深证成指,sz399001
2018-09-17,8068.061,8074.79,7977.437,7999.347,14193734791,akshare,深证成指,sz399001
2018-09-18,7970.452,8133.901,7958.52,8133.217,16054217045,akshare,深证成指,sz399001
2018-09-19,8111.241,8313.618,8097.229,8248.117,20052978485,akshare,深证成指,sz399001
2018-09-20,8241.699,8295.134,8218.375,8233.889,17780699163,akshare,深证成指,sz399001
2018-09-21,8258.016,8419.471,8216.677,8409.179,19759412637,akshare,深证成指,sz399001
2018-09-25,8336.755,8390.646,8311.926,8353.376,14997012916,akshare,深证成指,sz399001
2018-09-26,8369.519,8485.678,8344.725,8420.541,18289717507,akshare,深证成指,sz399001
2018-09-27,8411.185,8434.869,8331.781,8334.751,19135563005,akshare,深证成指,sz399001
2018-09-28,8351.631,8405.984,8317.479,8401.089,15551537260,akshare,深证成指,sz399001
2018-10-08,8225.838,8249.39,8055.977,8060.83,16459031663,akshare,深证成指,sz399001
2018-10-09,8083.231,8132.15,8013.188,8046.387,13462189922,akshare,深证成指,sz399001
2018-10-10,8062.458,8090.217,7952.134,8010.687,13930039406,akshare,深证成指,sz399001
2018-10-11,7753.028,7803.293,7481.895,7524.092,23496764253,akshare,深证成指,sz399001
2018-10-12,7484.863,7595.926,7331.811,7558.277,21008427015,akshare,深证成指,sz399001
2018-10-15,7571.713,7622.03,7430.955,7444.48,15750789063,akshare,深证成指,sz399001
2018-10-16,7444.936,7493.149,7263.293,7298.979,15766505229,akshare,深证成指,sz399001
2018-10-17,7390.686,7419.208,7206.336,7365.208,17130014868,akshare,深证成指,sz399001
2018-10-18,7309.004,7316.191,7182.387,7187.486,16245334269,akshare,深证成指,sz399001
2018-10-19,7097.036,7390.92,7084.443,7387.742,18479432816,akshare,深证成指,sz399001
2018-10-22,7464.915,7816.82,7464.915,7748.824,25788292713,akshare,深证成指,sz399001
2018-10-23,7752.184,7769.524,7523.07,7574.985,22126719534,akshare,深证成指,sz399001
2018-10-24,7531.603,7653.24,7484.625,7545.113,18317008294,akshare,深证成指,sz399001
2018-10-25,7334.518,7543.105,7305.766,7529.408,19170339624,akshare,深证成指,sz399001
2018-10-26,7582.768,7621.379,7476.126,7504.716,18435698738,akshare,深证成指,sz399001
2018-10-29,7449.643,7450.377,7290.823,7322.236,15511407231,akshare,深证成指,sz399001
2018-10-30,7271.956,7451.662,7189.353,7375.229,18885767199,akshare,深证成指,sz399001
2018-10-31,7385.982,7526.599,7373.746,7482.83,19447832923,akshare,深证成指,sz399001
2018-11-01,7568.2,7689.566,7558.395,7567.795,23578544330,akshare,深证成指,sz399001
2018-11-02,7763.487,7867.543,7709.437,7867.543,26829963714,akshare,深证成指,sz399001
2018-11-05,7831.825,7895.543,7733.14,7839.081,25978687590,akshare,深证成指,sz399001
2018-11-06,7807.085,7807.085,7701.512,7791.245,21042286346,akshare,深证成指,sz399001
2018-11-07,7783.135,7871.173,7745.393,7752.044,22664051130,akshare,深证成指,sz399001
2018-11-08,7813.631,7823.6,7692.339,7698.018,20920216943,akshare,深证成指,sz399001
2018-11-09,7650.172,7705.263,7626.172,7648.546,19379553070,akshare,深证成指,sz399001
2018-11-12,7634.815,7832.823,7622.468,7832.286,24965288193,akshare,深证成指,sz399001
2018-11-13,7733.109,8008.113,7718.678,7963.66,35381538489,akshare,深证成指,sz399001
2018-11-14,7942.082,7990.445,7894.206,7908.546,31497160943,akshare,深证成指,sz399001
2018-11-15,7889.917,8002.095,7884.34,8002.095,28194430896,akshare,深证成指,sz399001
2018-11-16,8003.472,8116.727,7959.141,8062.29,31772757548,akshare,深证成指,sz399001
2018-11-19,8050.551,8108.845,8014.571,8108.845,29537496096,akshare,深证成指,sz399001
2018-11-20,8031.357,8054.245,7870.409,7879.524,28522120236,akshare,深证成指,sz399001
2018-11-21,7786.777,7919.073,7776.56,7908.469,24108834115,akshare,深证成指,sz399001
2018-11-22,7929.79,7950.974,7857.81,7893.986,22481082756,akshare,深证成指,sz399001
2018-11-23,7882.85,7889.132,7616.468,7636.705,26333290790,akshare,深证成指,sz399001
2018-11-26,7627.401,7682.2,7586.603,7615.912,17877056075,akshare,深证成指,sz399001
2018-11-27,7657.797,7682.759,7589.002,7635.158,18052848827,akshare,深证成指,sz399001
2018-11-28,7633.367,7757.074,7572.646,7757.074,21748484174,akshare,深证成指,sz399001
2018-11-29,7800.566,7820.447,7597.008,7597.008,21785913760,akshare,深证成指,sz399001
2018-11-30,7583.841,7688.878,7537.919,7681.75,18701604896,akshare,深证成指,sz399001
2018-12-03,7901.826,7968.092,7835.233,7938.468,26580451365,akshare,深证成指,sz399001
2018-12-04,7916.551,7954.312,7890.658,7953.721,22374763581,akshare,深证成指,sz399001
2018-12-05,7825.123,7972.979,7808.745,7928.514,22438304068,akshare,深证成指,sz399001
2018-12-06,7854.591,7872.445,7725.988,7735.048,20841590847,akshare,深证成指,sz399001
2018-12-07,7741.732,7765.141,7712.271,7733.893,16689683050,akshare,深证成指,sz399001
2018-12-10,7663.262,7698.533,7605.995,7624.862,16680587481,akshare,深证成指,sz399001
2018-12-11,7642.158,7685.402,7628.153,7685.402,15956733949,akshare,深证成指,sz399001
2018-12-12,7721.816,7737.24,7675.264,7698.017,16150863304,akshare,深证成指,sz399001
2018-12-13,7717.469,7849.656,7679.016,7808.041,19649994573,akshare,深证成指,sz399001
2018-12-14,7785.291,7792.736,7624.725,7629.649,19837417093,akshare,深证成指,sz399001
2018-12-17,7599.011,7618.68,7515.46,7592.646,15889108152,akshare,深证成指,sz399001
2018-12-18,7540.964,7609.395,7473.453,7530.325,15510098272,akshare,深证成指,sz399001
2018-12-19,7541.502,7548.72,7407.456,7418.692,14533289305,akshare,深证成指,sz399001
2018-12-20,7402.205,7445.048,7363.769,7426.441,15272123778,akshare,深证成指,sz399001
2018-12-21,7399.147,7405.272,7283.761,7337.598,15982013807,akshare,深证成指,sz399001
2018-12-24,7315.265,7393.709,7293.155,7392.561,14303469137,akshare,深证成指,sz399001
2018-12-25,7308.606,7362.073,7180.076,7332.347,19548996454,akshare,深证成指,sz399001
2018-12-26,7323.988,7369.842,7277.56,7289.546,15952491635,akshare,深证成指,sz399001
2018-12-27,7402.6,7415.925,7215.338,7215.338,17591146012,akshare,深证成指,sz399001
2018-12-28,7229.873,7282.501,7174.904,7239.789,15583807381,akshare,深证成指,sz399001
2019-01-02,7259.489,7266.469,7136.95,7149.267,14682647746,akshare,深证成指,sz399001
2019-01-03,7134.146,7217.833,7081.828,7089.44,17315116164,akshare,深证成指,sz399001
2019-01-04,7022.123,7284.84,7011.328,7284.84,23161690452,akshare,深证成指,sz399001
2019-01-07,7333.317,7409.382,7303.464,7400.205,24868884114,akshare,深证成指,sz399001
2019-01-08,7381.61,7412.186,7361.414,7391.648,22939399525,akshare,深证成指,sz399001
2019-01-09,7425.635,7552.197,7404.486,7447.935,26676795268,akshare,深证成指,sz399001
2019-01-10,7442.696,7491.692,7415.285,7428.614,22741362919,akshare,深证成指,sz399001
2019-01-11,7441.175,7490.17,7404.309,7474.009,21710579490,akshare,深证成指,sz399001
2019-01-14,7473.884,7488.364,7394.957,7409.199,21593477368,akshare,深证成指,sz399001
2019-01-15,7403.79,7549.663,7386.155,7547.349,22311039747,akshare,深证成指,sz399001
2019-01-16,7545.35,7586.661,7518.706,7540.45,21607643356,akshare,深证成指,sz399001
2019-01-17,7534.043,7545.813,7463.992,7470.355,21023804233,akshare,深证成指,sz399001
2019-01-18,7486.949,7584.763,7479.656,7581.389,22063081706,akshare,深证成指,sz399001
2019-01-21,7591.191,7661.618,7578.487,7626.235,20489669351,akshare,深证成指,sz399001
2019-01-22,7615.802,7615.802,7493.777,7516.786,18846436524,akshare,深证成指,sz399001
2019-01-23,7493.066,7542.646,7489.317,7523.774,16848837332,akshare,深证成指,sz399001
2019-01-24,7537.498,7604.993,7485.241,7573.524,20196841098,akshare,深证成指,sz399001
2019-01-25,7581.286,7657.034,7554.553,7595.453,21191940485,akshare,深证成指,sz399001
2019-01-28,7641.289,7704.846,7569.773,7589.581,20242333083,akshare,深证成指,sz399001
2019-01-29,7575.435,7578.131,7428.402,7551.3,20890970293,akshare,深证成指,sz399001
2019-01-30,7518.028,7580.224,7470.355,7470.472,16334215297,akshare,深证成指,sz399001
2019-01-31,7485.787,7552.56,7428.863,7479.215,20636525158,akshare,深证成指,sz399001
2019-02-01,7524.665,7684.112,7517.834,7683.997,18099026538,akshare,深证成指,sz399001
2019-02-11,7695.174,7922.536,7695.174,7919.046,21162926255,akshare,深证成指,sz399001
2019-02-12,7915.064,8027.631,7903.9,8010.075,25879923235,akshare,深证成指,sz399001
2019-02-13,8029.972,8191.983,8016.78,8171.207,31813797716,akshare,深证成指,sz399001
2019-02-14,8182.324,8260.329,8141.099,8219.961,31020020911,akshare,深证成指,sz399001
2019-02-15,8198.453,8223.645,8117.511,8125.635,30705861410,akshare,深证成指,sz399001
2019-02-18,8187.89,8446.918,8187.89,8446.918,39670109684,akshare,深证成指,sz399001
2019-02-19,8480.762,8537.347,8350.864,8440.87,43730624283,akshare,深证成指,sz399001
2019-02-20,8443.977,8488.474,8372.964,8473.427,36567624785,akshare,深证成指,sz399001
2019-02-21,8467.151,8619.619,8416.167,8451.71,43136235842,akshare,深证成指,sz399001
2019-02-22,8431.559,8651.196,8393.863,8651.196,41685050350,akshare,深证成指,sz399001
2019-02-25,8804.966,9134.581,8785.419,9134.581,64391666434,akshare,深证成指,sz399001
2019-02-26,9162.916,9276.451,9036.746,9089.04,68952715804,akshare,深证成指,sz399001
2019-02-27,9062.965,9158.196,8901.718,9005.766,55038713685,akshare,深证成指,sz399001
2019-02-28,9001.185,9097.402,8970.648,9031.927,42168942188,akshare,深证成指,sz399001
2019-03-01,9111.959,9167.65,9005.486,9167.65,39995929264,akshare,深证成指,sz399001
2019-03-04,9280.651,9567.151,9260.727,9384.415,60633532558,akshare,深证成指,sz399001
2019-03-05,9366.767,9595.743,9328.003,9595.743,56348747443,akshare,深证成指,sz399001
2019-03-06,9640.947,9707.915,9518.715,9700.493,69238812488,akshare,深证成指,sz399001
2019-03-07,9685.296,9782.218,9546.556,9678.114,68551247826,akshare,深证成指,sz399001
2019-03-08,9447.598,9726.305,9346.728,9363.724,70948978499,akshare,深证成指,sz399001
2019-03-11,9425.798,9704.327,9370.378,9704.327,55851138770,akshare,深证成指,sz399001
2019-03-12,9766.498,9928.2,9683.066,9841.238,66359242987,akshare,深证成指,sz399001
2019-03-13,9828.148,9828.148,9534.333,9592.055,61596453805,akshare,深证成指,sz399001
2019-03-14,9521.625,9620.461,9323.06,9417.927,48217191773,akshare,深证成指,sz399001
2019-03-15,9485.333,9650.544,9452.906,9550.538,42244179242,akshare,深证成指,sz399001
2019-03-18,9583.445,9843.43,9510.66,9843.43,43981528291,akshare,深证成指,sz399001
2019-03-19,9844.463,9908.17,9774.748,9839.744,43173948270,akshare,深证成指,sz399001
2019-03-20,9828.073,9848.769,9642.675,9800.604,45121988983,akshare,深证成指,sz399001
2019-03-21,9808.737,9934.859,9771.861,9869.797,51593610116,akshare,深证成指,sz399001
2019-03-22,9871.985,9891.829,9692.245,9879.221,46787248318,akshare,深证成指,sz399001
2019-03-25,9705.024,9858.075,9680.942,9701.695,46080669855,akshare,深证成指,sz399001
2019-03-26,9753.166,9780.083,9487.098,9513.002,44886052429,akshare,深证成指,sz399001
2019-03-27,9582.033,9609.436,9446.352,9609.436,37691923508,akshare,深证成指,sz399001
2019-03-28,9586.378,9695.52,9537.608,9546.507,36530224969,akshare,深证成指,sz399001
2019-03-29,9556.301,9906.864,9554.065,9906.864,43550493423,akshare,深证成指,sz399001
2019-04-01,9976.979,10277.549,9976.979,10267.702,53963477876,akshare,深证成指,sz399001
2019-04-02,10314.792,10334.955,10220.807,10260.359,55705758729,akshare,深证成指,sz399001
2019-04-03,10199.966,10350.573,10166.669,10340.513,49111659195,akshare,深证成指,sz399001
2019-04-04,10379.199,10453.503,10309.532,10415.799,51412838652,akshare,深证成指,sz399001
2019-04-08,10510.43,10541.185,10226.254,10351.865,54494209904,akshare,深证成指,sz399001
2019-04-09,10368.028,10438.993,10304.73,10436.616,44013341127,akshare,深证成指,sz399001
2019-04-10,10403.242,10529.739,10328.608,10435.08,47463839463,akshare,深证成指,sz399001
2019-04-11,10420.646,10437.453,10149.383,10158.4,44425211443,akshare,深证成指,sz399001
2019-04-12,10138.088,10186.466,10053.813,10132.337,37090620846,akshare,深证成指,sz399001
2019-04-15,10294.824,10365.308,10048.834,10053.76,40354406849,akshare,深证成指,sz399001
2019-04-16,9993.248,10287.641,9928.28,10287.641,41181245954,akshare,深证成指,sz399001
2019-04-17,10288.45,10410.652,10257.561,10344.429,45350076501,akshare,深证成指,sz399001
2019-04-18,10338.504,10363.852,10267.308,10287.665,42288057354,akshare,深证成指,sz399001
2019-04-19,10280.338,10418.241,10208.61,10418.241,40945500008,akshare,深证成指,sz399001
2019-04-22,10418.712,10418.712,10192.521,10224.307,43713558600,akshare,深证成指,sz399001
2019-04-23,10206.024,10247.39,10091.919,10124.66,40374120420,akshare,深证成指,sz399001
2019-04-24,10162.381,10239.37,10023.909,10236.271,37074442210,akshare,深证成指,sz399001
2019-04-25,10186.227,10209.14,9902.017,9907.625,43010768633,akshare,深证成指,sz399001
2019-04-26,9852.94,9927.742,9774.751,9780.822,33976293211,akshare,深证成指,sz399001
2019-04-29,9775.951,9822.815,9597.088,9622.493,35661613279,akshare,深证成指,sz399001
2019-04-30,9573.411,9730.548,9573.393,9674.534,26379292727,akshare,深证成指,sz399001
2019-05-06,9289.743,9333.916,8893.146,8943.521,35521341107,akshare,深证成指,sz399001
2019-05-07,9011.518,9160.519,8928.57,9089.458,29671359885,akshare,深证成指,sz399001
2019-05-08,8899.911,9167.81,8873.438,9002.532,28959725590,akshare,深证成指,sz399001
2019-05-09,8919.501,9012.239,8860.175,8877.308,24492794843,akshare,深证成指,sz399001
2019-05-10,8988.921,9238.547,8820.594,9235.389,34673534734,akshare,深证成指,sz399001
2019-05-13,9112.522,9191.07,9059.321,9103.362,26845426980,akshare,深证成指,sz399001
2019-05-14,8998.969,9142.458,8996.924,9038.364,25863092278,akshare,深证成指,sz399001
2019-05-15,9125.268,9282.965,9123.904,9259.029,28889591726,akshare,深证成指,sz399001
2019-05-16,9247.992,9307.219,9211.752,9293.324,31023247583,akshare,深证成指,sz399001
2019-05-17,9299.463,9303.054,8964.369,9000.188,34917116527,akshare,深证成指,sz399001
2019-05-20,8980.804,8994.177,8792.844,8916.106,27499247360,akshare,深证成指,sz399001
2019-05-21,8920.456,9120.692,8892.146,9087.521,28750269776,akshare,深证成指,sz399001
2019-05-22,9068.995,9132.375,8986.529,9041.224,28196520592,akshare,深证成指,sz399001
2019-05-23,8997.252,8997.252,8789.41,8809.535,27896183169,akshare,深证成指,sz399001
2019-05-24,8788.172,8880.813,8745.596,8776.766,22871409730,akshare,深证成指,sz399001
2019-05-27,8795.143,9003.874,8732.984,8979.826,27087553770,akshare,深证成指,sz399001
2019-05-28,8979.579,9082.698,8946.7,9035.693,27664336362,akshare,深证成指,sz399001
2019-05-29,8971.223,9077.512,8956.718,9010.358,24802646306,akshare,深证成指,sz399001
2019-05-30,8974.404,8974.404,8845.826,8943.349,26423201755,akshare,深证成指,sz399001
2019-05-31,8939.411,9016.16,8892.12,8922.694,24879473876,akshare,深证成指,sz399001
2019-06-03,8953.369,9012.083,8826.75,8856.986,27345116566,akshare,深证成指,sz399001
2019-06-04,8854.496,8868.089,8697.495,8748.271,23885209942,akshare,深证成指,sz399001
2019-06-05,8831.135,8851.119,8729.211,8746.046,22444249647,akshare,深证成指,sz399001
2019-06-06,8741.827,8741.827,8557.582,8584.939,23061456517,akshare,深证成指,sz399001
2019-06-10,8621.732,8748.973,8582.478,8711.786,20531521113,akshare,深证成指,sz399001
2019-06-11,8721.272,9045.117,8718.472,9037.673,31653107047,akshare,深证成指,sz399001
2019-06-12,9008.564,9038.872,8930.91,8954.716,29573867358,akshare,深证成指,sz399001
2019-06-13,8948.577,8974.797,8866.224,8951.606,26863147319,akshare,深证成指,sz399001
2019-06-14,8956.923,8994.162,8801.326,8810.127,27365805375,akshare,深证成指,sz399001
2019-06-17,8807.836,8864.772,8753.419,8780.873,20521291267,akshare,深证成指,sz399001
2019-06-18,8785.77,8839.231,8722.934,8804.315,19369611761,akshare,深证成指,sz399001
2019-06-19,9051.846,9084.181,8923.438,8925.729,27530778432,akshare,深证成指,sz399001
2019-06-20,8923.567,9183.146,8900.749,9134.959,31721077441,akshare,深证成指,sz399001
2019-06-21,9181.642,9252.546,9158.324,9214.268,35167372535,akshare,深证成指,sz399001
2019-06-24,9220.226,9251.484,9171.351,9212.117,28608441679,akshare,深证成指,sz399001
2019-06-25,9206.184,9206.184,9004.76,9118.102,27997000838,akshare,深证成指,sz399001
2019-06-26,9064.126,9164.28,9040.32,9122.426,22382783482,akshare,深证成指,sz399001
2019-06-27,9154.039,9274.424,9152.635,9239.484,25867986492,akshare,深证成指,sz399001
2019-06-28,9236.063,9236.063,9126.888,9178.313,24300250053,akshare,深证成指,sz399001
2019-07-01,9384.788,9530.464,9339.77,9530.464,33774713926,akshare,深证成指,sz399001
2019-07-02,9516.417,9560.518,9483.155,9545.522,30653137151,akshare,深证成指,sz399001
2019-07-03,9519.8,9520.379,9376.307,9419.839,26047259219,akshare,深证成指,sz399001
2019-07-04,9435.042,9466.021,9323.073,9368.305,23280218347,akshare,深证成指,sz399001
2019-07-05,9379.938,9464.391,9345.788,9443.215,19870307764,akshare,深证成指,sz399001
2019-07-08,9419.688,9420.238,9124.159,9186.287,26027995883,akshare,深证成指,sz399001
2019-07-09,9178.907,9221.719,9119.653,9198.785,18809082713,akshare,深证成指,sz399001
2019-07-10,9231.856,9239.284,9130.527,9166.146,18729433430,akshare,深证成指,sz399001
2019-07-11,9216.949,9282.947,9121.455,9152.771,19034567507,akshare,深证成指,sz399001
2019-07-12,9161.271,9236.423,9122.409,9213.383,18618626389,akshare,深证成指,sz399001
2019-07-15,9181.026,9358.08,9066.712,9309.415,24164921676,akshare,深证成指,sz399001
2019-07-16,9294.557,9324.907,9255.429,9283.408,21131214391,akshare,深证成指,sz399001
2019-07-17,9274.691,9354.812,9242.253,9301.998,23506770659,akshare,深证成指,sz399001
2019-07-18,9258.122,9258.122,9153.008,9154.65,22242690671,akshare,深证成指,sz399001
2019-07-19,9198.816,9298.208,9198.816,9228.554,20047433987,akshare,深证成指,sz399001
2019-07-22,9247.281,9254.648,9073.488,9122.637,21854539606,akshare,深证成指,sz399001
2019-07-23,9125.459,9175.832,9104.756,9175.832,16811877701,akshare,深证成指,sz399001
2019-07-24,9203.228,9312.674,9203.228,9266.298,21397804139,akshare,深证成指,sz399001
2019-07-25,9265.31,9344.817,9247.967,9344.817,21285369104,akshare,深证成指,sz399001
2019-07-26,9310.646,9363.27,9294.605,9349.002,18565447395,akshare,深证成指,sz399001
2019-07-29,9350.212,9376.424,9310.634,9354.276,18659681435,akshare,深证成指,sz399001
2019-07-30,9362.23,9469.076,9362.23,9399.102,20690014101,akshare,深证成指,sz399001
2019-07-31,9374.439,9374.439,9318.586,9326.614,18530124053,akshare,深证成指,sz399001
2019-08-01,9278.832,9327.938,9223.306,9268.054,18913252524,akshare,深证成指,sz399001
2019-08-02,9049.353,9150.73,9020.264,9136.46,22855442508,akshare,深证成指,sz399001
2019-08-05,9093.067,9168.104,8984.729,8984.729,20385203315,akshare,深证成指,sz399001
2019-08-06,8805.155,8898.384,8669.896,8859.471,27430559335,akshare,深证成指,sz399001
2019-08-07,8919.891,8933.991,8814.744,8814.744,18908393171,akshare,深证成指,sz399001
2019-08-08,8870.182,8936.485,8859.478,8919.276,17679434392,akshare,深证成指,sz399001
2019-08-09,8963.473,8970.515,8780.717,8795.181,19512148846,akshare,深证成指,sz399001
2019-08-12,8816.887,8978.521,8798.495,8978.521,18386735677,akshare,深证成指,sz399001
2019-08-13,8910.146,8960.021,8869.456,8902.632,17058730719,akshare,深证成指,sz399001
2019-08-14,9034.05,9060.398,8956.077,8966.469,20750172514,akshare,深证成指,sz399001
2019-08-15,8779.534,9011.773,8758.045,9009.679,21280748435,akshare,深证成指,sz399001
2019-08-16,9007.149,9136.215,8995.567,9060.917,22069741539,akshare,深证成指,sz399001
2019-08-19,9165.801,9328.972,9141.892,9328.972,30361783905,akshare,深证成指,sz399001
2019-08-20,9340.664,9389.394,9301.919,9328.729,29373636143,akshare,深证成指,sz399001
2019-08-21,9304.523,9361.741,9287.312,9322.754,24920692116,akshare,深证成指,sz399001
2019-08-22,9350.646,9363.793,9282.761,9350.557,25724616993,akshare,深证成指,sz399001
2019-08-23,9356.999,9397.759,9311.259,9362.549,26206284344,akshare,深证成指,sz399001
2019-08-26,9181.71,9298.103,9173.015,9270.389,25743306847,akshare,深证成指,sz399001
2019-08-27,9333.104,9517.653,9333.104,9443.176,31195762227,akshare,深证成指,sz399001
2019-08-28,9449.399,9453.755,9375.567,9414.002,28582744408,akshare,深证成指,sz399001
2019-08-29,9428.997,9440.665,9363.154,9398.47,27253726588,akshare,深证成指,sz399001
2019-08-30,9458.387,9492.041,9310.112,9365.677,31254262060,akshare,深证成指,sz399001
2019-09-02,9393.026,9586.521,9389.48,9569.47,30136249292,akshare,深证成指,sz399001
2019-09-03,9591.425,9633.686,9547.765,9633.686,31011599457,akshare,深证成指,sz399001
2019-09-04,9612.625,9700.319,9590.978,9700.319,33054324176,akshare,深证成指,sz399001
2019-09-05,9752.344,9900.76,9751.953,9783.504,43074565443,akshare,深证成指,sz399001
2019-09-06,9829.967,9837.229,9742.274,9823.419,33145738578,akshare,深证成指,sz399001
2019-09-09,9907.131,10001.931,9853.688,10001.931,38716517724,akshare,深证成指,sz399001
2019-09-10,10005.807,10005.807,9903.419,9964.927,38188552689,akshare,深证成指,sz399001
2019-09-11,9985.114,10000.252,9835.973,9853.724,34903565042,akshare,深证成指,sz399001
2019-09-12,9886.249,9941.169,9837.273,9919.804,28858312041,akshare,深证成指,sz399001
2019-09-16,9952.325,9962.153,9877.11,9918.092,31711917312,akshare,深证成指,sz399001
2019-09-17,9890.585,9890.585,9684.147,9722.798,32738846557,akshare,深证成指,sz399001
2019-09-18,9747.981,9785.617,9701.638,9753.312,25590322597,akshare,深证成指,sz399001
2019-09-19,9786.398,9852.196,9733.967,9852.196,26511713387,akshare,深证成指,sz399001
2019-09-20,9873.942,9903.688,9832.395,9881.249,28106035420,akshare,深证成指,sz399001
2019-09-23,9853.473,9853.473,9703.662,9781.14,27117100210,akshare,深证成指,sz399001
2019-09-24,9783.39,9896.181,9761.034,9811.377,28406067977,akshare,深证成指,sz399001
2019-09-25,9768.381,9768.381,9656.05,9671.058,28385293847,akshare,深证成指,sz399001
2019-09-26,9698.281,9707.923,9464.836,9464.836,28735364362,akshare,深证成指,sz399001
2019-09-27,9470.535,9574.503,9467.153,9548.96,21487850444,akshare,深证成指,sz399001
2019-09-30,9544.017,9581.642,9446.043,9446.238,18404291919,akshare,深证成指,sz399001
2019-10-08,9474.571,9556.959,9468.744,9474.754,18861055815,akshare,深证成指,sz399001
2019-10-09,9443.453,9507.04,9380.568,9506.562,18862586825,akshare,深证成指,sz399001
2019-10-10,9504.034,9643.521,9480.175,9638.102,22206997351,akshare,深证成指,sz399001
2019-10-11,9656.982,9704.677,9583.519,9666.583,24353343748,akshare,深证成指,sz399001
2019-10-14,9753.582,9840.589,9725.677,9786.638,28536008446,akshare,深证成指,sz399001
2019-10-15,9759.954,9759.954,9658.512,9671.729,26634945288,akshare,深证成指,sz399001
2019-10-16,9678.311,9722.123,9635.447,9642.06,23314815771,akshare,深证成指,sz399001
2019-10-17,9657.091,9670.697,9617.006,9645.389,20659623091,akshare,深证成指,sz399001
2019-10-18,9665.808,9706.378,9516.747,9533.505,23804271041,akshare,深证成指,sz399001
2019-10-21,9533.093,9560.976,9476.455,9553.573,20991394312,akshare,深证成指,sz399001
2019-10-22,9582.114,9642.935,9558.364,9642.089,20755239120,akshare,深证成指,sz399001
2019-10-23,9641.886,9652.073,9547.504,9567.749,21597582148,akshare,深证成指,sz399001
2019-10-24,9570.33,9598.331,9495.005,9555.762,20722232435,akshare,深证成指,sz399001
2019-10-25,9562.299,9665.6,9509.343,9660.44,22496181991,akshare,深证成指,sz399001
2019-10-28,9721.642,9802.146,9704.532,9801.874,29901316760,akshare,深证成指,sz399001
2019-10-29,9812.481,9818.744,9746.031,9746.031,32160866214,akshare,深证成指,sz399001
2019-10-30,9707.176,9726.95,9647.004,9681.538,27156471536,akshare,深证成指,sz399001
2019-10-31,9709.101,9720.968,9626.934,9635.329,24266337676,akshare,深证成指,sz399001
2019-11-01,9621.893,9814.673,9604.309,9802.334,22589737468,akshare,深证成指,sz399001
2019-11-04,9828.599,9908.199,9828.599,9868.133,23904148512,akshare,深证成指,sz399001
2019-11-05,9885.023,9982.34,9847.199,9938.606,23862943245,akshare,深证成指,sz399001
2019-11-06,9947.309,9947.309,9829.746,9860.975,23253071396,akshare,深证成指,sz399001
2019-11-07,9849.96,9939.532,9835.892,9917.487,21664172552,akshare,深证成指,sz399001
2019-11-08,9985.197,10008.515,9890.996,9895.337,23412425421,akshare,深证成指,sz399001
2019-11-11,9821.406,9821.406,9664.063,9680.574,23154711182,akshare,深证成指,sz399001
2019-11-12,9675.561,9699.416,9570.443,9670.145,20597518612,akshare,深证成指,sz399001
2019-11-13,9678.649,9702.513,9622.309,9687.854,18398823504,akshare,深证成指,sz399001
2019-11-14,9689.933,9768.672,9677.763,9746.561,20546147273,akshare,深证成指,sz399001
2019-11-15,9741.934,9777.686,9647.991,9647.991,21350582783,akshare,深证成指,sz399001
2019-11-18,9635.807,9725.781,9624.947,9715.274,19194868106,akshare,深证成指,sz399001
2019-11-19,9721.013,9889.754,9711.289,9889.754,22600132031,akshare,深证成指,sz399001
2019-11-20,9885.904,9908.625,9796.953,9809.048,23111273253,akshare,深证成指,sz399001
2019-11-21,9772.033,9818.487,9733.44,9774.442,20226537512,akshare,深证成指,sz399001
2019-11-22,9794.317,9875.709,9573.474,9626.902,25040762291,akshare,深证成指,sz399001
2019-11-25,9626.405,9643.234,9515.331,9626.355,22597315614,akshare,深证成指,sz399001
2019-11-26,9662.414,9698.599,9609.73,9677.234,21730770259,akshare,深证成指,sz399001
2019-11-27,9643.11,9694.225,9589.209,9648.393,20254427028,akshare,深证成指,sz399001
2019-11-28,9650.266,9679.964,9594.371,9622.144,18276670453,akshare,深证成指,sz399001
2019-11-29,9614.712,9633.139,9490.847,9582.156,18456686136,akshare,深证成指,sz399001
2019-12-02,9603.017,9647.954,9582.324,9605.188,18545145357,akshare,深证成指,sz399001
2019-12-03,9585.754,9657.653,9531.255,9657.653,19311439189,akshare,深证成指,sz399001
2019-12-04,9624.186,9703.396,9614.038,9687.951,20208639232,akshare,深证成指,sz399001
2019-12-05,9719.302,9817.206,9703.91,9799.069,22952501959,akshare,深证成指,sz399001
2019-12-06,9804.041,9878.623,9791.563,9878.623,22838035736,akshare,深证成指,sz399001
2019-12-09,9908.968,9917.605,9853.197,9876.269,25486272290,akshare,深证成指,sz399001
2019-12-10,9850.036,9915.866,9826.835,9915.866,25902285804,akshare,深证成指,sz399001
2019-12-11,9905.912,9921.653,9829.111,9852.714,26947543752,akshare,深证成指,sz399001
2019-12-12,9862.433,9887.563,9824.415,9836.234,25565456129,akshare,深证成指,sz399001
2019-12-13,9923.787,10014.207,9907.758,10004.624,29400938401,akshare,深证成指,sz399001
2019-12-16,10040.262,10158.241,10015.451,10158.241,35227189912,akshare,深证成指,sz399001
2019-12-17,10157.426,10350.65,10148.686,10306.031,42480727078,akshare,深证成指,sz399001
2019-12-18,10299.05,10365.163,10266.639,10294.66,37978310705,akshare,深证成指,sz399001
2019-12-19,10298.505,10316.773,10254.945,10296.291,34758610163,akshare,深证成指,sz399001
2019-12-20,10305.098,10343.07,10229.097,10229.486,34529000113,akshare,深证成指,sz399001
2019-12-23,10202.229,10248.804,10050.408,10056.208,30843913604,akshare,深证成指,sz399001
2019-12-24,10080.368,10190.04,10065.555,10189.286,26415434146,akshare,深证成指,sz399001
2019-12-25,10176.722,10255.204,10170.21,10229.578,29073447318,akshare,深证成指,sz399001
2019-12-26,10239.758,10303.715,10221.337,10303.715,29292905175,akshare,深证成指,sz399001
2019-12-27,10326.521,10377.944,10226.619,10233.772,35167642095,akshare,深证成指,sz399001
2019-12-30,10203.815,10365.957,10133.881,10365.957,32284492558,akshare,深证成指,sz399001
2019-12-31,10360.784,10433.293,10352.889,10430.767,28242771754,akshare,深证成指,sz399001
2020-01-02,10509.124,10663.555,10479.773,10638.824,39279517396,akshare,深证成指,sz399001
2020-01-03,10666.655,10689.591,10594.357,10656.406,37360393826,akshare,深证成指,sz399001
2020-01-06,10599.411,10799.58,10577.782,10698.273,43899825118,akshare,深证成指,sz399001
2020-01-07,10725.178,10829.045,10723.857,10829.045,41449962703,akshare,深证成指,sz399001
2020-01-08,10776.708,10851.281,10681.024,10706.868,46250690962,akshare,深证成指,sz399001
2020-01-09,10807.037,10899.482,10807.037,10898.166,39659111472,akshare,深证成指,sz399001
2020-01-10,10927.981,10933.806,10833.52,10879.843,35568971362,akshare,深证成指,sz399001
2020-01-13,10893.995,11040.201,10851.72,11040.201,34527366282,akshare,深证成指,sz399001
2020-01-14,11074.887,11086.809,10983.415,10988.768,37729812166,akshare,深证成指,sz399001
2020-01-15,10978.281,11001.806,10882.787,10972.316,33123327249,akshare,深证成指,sz399001
2020-01-16,10986.648,11008.208,10934.725,10967.436,31796837343,akshare,深证成指,sz399001
2020-01-17,11001.678,11045.25,10927.841,10954.388,30482010260,akshare,深证成指,sz399001
2020-01-20,10981.505,11115.884,10936.804,11115.884,33062551293,akshare,深证成指,sz399001
2020-01-21,11077.657,11078.039,10948.576,10953.413,33854080424,akshare,深证成指,sz399001
2020-01-22,10896.555,11105.69,10761.677,11072.058,35209008130,akshare,深证成指,sz399001
2020-01-23,10947.857,11025.995,10572.265,10681.904,40289425936,akshare,深证成指,sz399001
2020-02-03,9706.58,9934.35,9706.58,9779.668,19544992148,akshare,深证成指,sz399001
2020-02-04,9578.867,10095.69,9578.867,10089.666,51156008017,akshare,深证成指,sz399001
2020-02-05,10159.552,10445.094,10148.243,10305.498,45467182509,akshare,深证成指,sz399001
2020-02-06,10306.115,10633.165,10214.812,10601.342,48110943403,akshare,深证成指,sz399001
2020-02-07,10569.652,10629.149,10441.903,10611.551,48961955730,akshare,深证成指,sz399001
2020-02-10,10577.558,10730.054,10551.539,10728.46,47089083717,akshare,深证成指,sz399001
2020-02-11,10749.974,10839.186,10678.106,10768.628,41781519097,akshare,深证成指,sz399001
2020-02-12,10735.048,10944.63,10724.085,10940.795,42014176190,akshare,深证成指,sz399001
2020-02-13,10936.501,10988.231,10820.917,10864.322,45529039905,akshare,深证成指,sz399001
2020-02-14,10854.455,11017.646,10822.134,10916.312,41709336930,akshare,深证成指,sz399001
2020-02-17,10974.933,11241.499,10974.933,11241.499,48111496462,akshare,深证成指,sz399001
2020-02-18,11244.765,11306.486,11143.387,11306.486,52809083639,akshare,深证成指,sz399001
2020-02-19,11300.161,11387.992,11229.552,11235.596,53776285211,akshare,深证成指,sz399001
2020-02-20,11278.874,11519.073,11248.902,11509.088,55171061966,akshare,深证成指,sz399001
2020-02-21,11506.674,11727.889,11493.633,11629.698,60039173439,akshare,深证成指,sz399001
2020-02-24,11620.631,11809.75,11548.41,11772.376,62054634683,akshare,深证成指,sz399001
2020-02-25,11537.554,11869.406,11350.275,11856.081,73050583178,akshare,深证成指,sz399001
2020-02-26,11677.629,11770.509,11453.687,11497.553,68651309803,akshare,深证成指,sz399001
2020-02-27,11555.818,11684.497,11401.323,11534.019,55169482361,akshare,深证成指,sz399001
2020-02-28,11150.659,11338.35,10962.242,10980.774,61089043637,akshare,深证成指,sz399001
2020-03-02,11115.459,11457.416,11053.288,11381.762,53240554806,akshare,深证成指,sz399001
2020-03-03,11597.664,11734.178,11378.764,11484.212,60166615274,akshare,深证成指,sz399001
2020-03-04,11411.598,11501.797,11273.264,11493.021,51334824582,akshare,深证成指,sz399001
2020-03-05,11644.407,11739.837,11521.293,11711.373,59305420404,akshare,深证成指,sz399001
2020-03-06,11555.458,11690.201,11541.781,11582.815,53885674076,akshare,深证成指,sz399001
2020-03-09,11363.795,11407.473,11100.913,11108.548,58473479978,akshare,深证成指,sz399001
2020-03-10,11016.924,11406.305,10916.946,11403.467,58135515476,akshare,深证成指,sz399001
2020-03-11,11436.438,11444.781,11197.093,11200.05,52958021967,akshare,深证成指,sz399001
2020-03-12,11022.401,11070.406,10842.381,10941.014,46570794670,akshare,深证成指,sz399001
2020-03-13,10382.222,10956.509,10380.171,10831.125,52900453782,akshare,深证成指,sz399001
2020-03-16,10867.663,10867.663,10217.933,10253.284,52048261524,akshare,深证成指,sz399001
2020-03-17,10337.919,10449.327,9885.861,10202.753,44916428758,akshare,深证成指,sz399001
2020-03-18,10294.955,10479.783,10029.568,10029.568,45258080567,akshare,深证成指,sz399001
2020-03-19,10023.121,10101.804,9719.492,10019.858,43223774821,akshare,深证成指,sz399001
2020-03-20,10150.784,10174.509,9964.286,10150.125,38004697447,akshare,深证成指,sz399001
2020-03-23,9828.898,9929.964,9659.348,9691.534,38811461512,akshare,深证成指,sz399001
2020-03-24,9900.221,9945.92,9634.968,9921.683,39835928443,akshare,深证成指,sz399001
2020-03-25,10171.465,10255.579,10111.362,10241.076,41683938177,akshare,深证成指,sz399001
2020-03-26,10161.942,10281.572,10112.62,10155.359,37299227467,akshare,深证成指,sz399001
2020-03-27,10300.619,10310.532,10105.719,10109.906,34500987545,akshare,深证成指,sz399001
2020-03-30,9953.036,9985.379,9791.022,9904.951,35663136928,akshare,深证成指,sz399001
2020-03-31,10008.025,10047.979,9925.68,9962.305,31534832328,akshare,深证成指,sz399001
2020-04-01,9967.116,10127.097,9927.921,9951.837,33307952567,akshare,深证成指,sz399001
2020-04-02,9910.377,10179.204,9896.646,10179.204,32820076188,akshare,深证成指,sz399001
2020-04-03,10155.563,10212.909,10069.644,10110.113,32003127097,akshare,深证成指,sz399001
2020-04-07,10312.715,10441.741,10296.72,10428.913,40185831806,akshare,深证成指,sz399001
2020-04-08,10372.763,10426.401,10344.442,10386.545,39687723477,akshare,深证成指,sz399001
2020-04-09,10453.855,10485.297,10401.171,10463.046,37741883171,akshare,深证成指,sz399001
2020-04-10,10459.699,10509.004,10265.884,10298.413,39477343661,akshare,深证成指,sz399001
2020-04-13,10225.529,10295.169,10173.123,10223.163,29803433754,akshare,深证成指,sz399001
2020-04-14,10300.962,10475.705,10276.365,10475.705,32983875791,akshare,深证成指,sz399001
2020-04-15,10468.463,10528.735,10404.509,10417.374,37919930676,akshare,深证成指,sz399001
2020-04-16,10361.766,10489.134,10346.109,10470.794,34870380920,akshare,深证成指,sz399001
2020-04-17,10562.897,10624.542,10507.803,10527.99,40149237971,akshare,深证成指,sz399001
2020-04-20,10553.548,10621.497,10523.592,10621.497,34015623714,akshare,深证成指,sz399001
2020-04-21,10577.719,10577.719,10394.439,10506.856,35933329193,akshare,深证成指,sz399001
2020-04-22,10424.45,10617.192,10409.853,10617.192,34484857059,akshare,深证成指,sz399001
2020-04-23,10657.399,10667.012,10557.943,10564.046,38280972869,akshare,深证成指,sz399001
2020-04-24,10565.087,10577.028,10388.661,10423.462,37291139586,akshare,深证成指,sz399001
2020-04-27,10449.127,10531.392,10367.292,10452.171,32036978713,akshare,深证成指,sz399001
2020-04-28,10477.762,10547.745,10194.151,10501.147,38469152976,akshare,深证成指,sz399001
2020-04-29,10460.995,10586.571,10449.373,10514.173,29023198868,akshare,深证成指,sz399001
2020-04-30,10575.524,10751.748,10575.524,10721.779,34810253127,akshare,深证成指,sz399001
2020-05-06,10618.165,10884.34,10613.888,10883.219,35016317908,akshare,深证成指,sz399001
2020-05-07,10899.917,10926.827,10832.093,10863.285,34587889048,akshare,深证成指,sz399001
2020-05-08,10923.612,11054.314,10904.884,11001.579,35434789069,akshare,深证成指,sz399001
2020-05-11,11053.815,11096.284,10902.604,10969.282,34932753998,akshare,深证成指,sz399001
2020-05-12,10972.051,11018.926,10871.614,11015.559,30928583190,akshare,深证成指,sz399001
2020-05-13,10978.312,11096.615,10954.691,11074.593,29883684044,akshare,深证成指,sz399001
2020-05-14,11026.712,11047.376,10955.538,10962.147,32504079061,akshare,深证成指,sz399001
2020-05-15,11013.155,11039.679,10919.54,10964.892,31714461969,akshare,深证成指,sz399001
2020-05-18,10969.081,11017.499,10858.455,10921.146,36207888258,akshare,深证成指,sz399001
2020-05-19,11023.428,11052.848,10978.717,11052.848,31011385021,akshare,深证成指,sz399001
2020-05-20,11056.977,11056.977,10914.754,10948.478,34539737800,akshare,深证成指,sz399001
2020-05-21,10999.07,11007.145,10818.786,10845.396,32124994307,akshare,深证成指,sz399001
2020-05-22,10832.913,10832.913,10559.298,10604.966,29971897348,akshare,深证成指,sz399001
2020-05-25,10602.471,10629.61,10532.861,10592.845,24158753245,akshare,深证成指,sz399001
2020-05-26,10655.983,10816.71,10647.251,10815.431,27086420713,akshare,深证成指,sz399001
2020-05-27,10823.243,10823.243,10657.806,10682.697,29342989795,akshare,深证成指,sz399001
2020-05-28,10680.873,10727.993,10505.787,10653.492,29705786836,akshare,深证成指,sz399001
2020-05-29,10615.136,10764.872,10588.739,10746.076,29492296256,akshare,深证成指,sz399001
2020-06-01,10837.492,11123.195,10837.492,11102.15,39028221549,akshare,深证成指,sz399001
2020-06-02,11133.616,11146.849,11059.185,11112.496,41951030331,akshare,深证成指,sz399001
2020-06-03,11154.642,11204.518,11100.689,11108.359,41899491387,akshare,深证成指,sz399001
2020-06-04,11146.293,11165.139,11080.506,11139.257,35881210901,akshare,深证成指,sz399001
2020-06-05,11153.273,11180.598,11087.249,11180.598,34249496634,akshare,深证成指,sz399001
2020-06-08,11266.935,11340.029,11195.85,11215.76,35720905420,akshare,深证成指,sz399001
2020-06-09,11238.441,11303.538,11195.003,11284.242,32997984013,akshare,深证成指,sz399001
2020-06-10,11296.135,11338.236,11249.435,11335.862,31935033954,akshare,深证成指,sz399001
2020-06-11,11328.098,11405.009,11180.754,11243.617,35685471327,akshare,深证成指,sz399001
2020-06-12,11017.146,11306.14,11003.319,11251.708,35465928370,akshare,深证成指,sz399001
2020-06-15,11241.256,11353.164,11192.273,11192.273,38922693148,akshare,深证成指,sz399001
2020-06-16,11312.807,11398.966,11293.904,11398.966,35896934264,akshare,深证成指,sz399001
2020-06-17,11421.028,11421.028,11330.369,11420.837,38276043231,akshare,深证成指,sz399001
2020-06-18,11416.078,11503.383,11397.573,11494.555,37911198940,akshare,深证成指,sz399001
2020-06-19,11505.686,11694.89,11500.53,11668.133,35928501838,akshare,深证成指,sz399001
2020-06-22,11680.405,11756.855,11658.806,11702.441,37541858460,akshare,深证成指,sz399001
2020-06-23,11711.277,11796.411,11651.826,11794.01,34738120228,akshare,深证成指,sz399001
2020-06-24,11813.363,11854.99,11760.47,11813.528,31873282282,akshare,深证成指,sz399001
2020-06-29,11780.65,11814.641,11695.45,11752.359,32520425385,akshare,深证成指,sz399001
2020-06-30,11828.527,12013.602,11827.764,11992.347,32630919779,akshare,深证成指,sz399001
2020-07-01,12024.84,12130.302,11945.893,12112.965,39396763794,akshare,深证成指,sz399001
2020-07-02,12095.85,12278.829,12055.952,12269.488,47696805257,akshare,深证成指,sz399001
2020-07-03,12295.62,12433.685,12232.704,12433.265,51287202197,akshare,深证成指,sz399001
2020-07-06,12519.496,12945.712,12519.496,12941.721,69166255381,akshare,深证成指,sz399001
2020-07-07,13084.649,13407.192,12997.167,13163.979,75451498924,akshare,深证成指,sz399001
2020-07-08,13170.2,13428.94,13059.237,13406.372,66951860527,akshare,深证成指,sz399001
2020-07-09,13399.468,13792.635,13385.426,13754.744,75903006068,akshare,深证成指,sz399001
2020-07-10,13662.384,13831.611,13599.033,13671.244,69669379772,akshare,深证成指,sz399001
2020-07-13,13699.223,14149.144,13699.223,14149.144,70838566102,akshare,深证成指,sz399001
2020-07-14,14121.33,14150.997,13698.269,13996.464,73550494077,akshare,深证成指,sz399001
2020-07-15,14017.931,14077.56,13646.662,13734.129,67093292258,akshare,深证成指,sz399001
2020-07-16,13731.284,13853.442,12966.325,12996.34,62063814461,akshare,深证成指,sz399001
2020-07-17,13002.836,13315.436,12916.08,13114.938,47508479082,akshare,深证成指,sz399001
2020-07-20,13303.803,13448.85,13032.396,13448.85,49354724980,akshare,深证成指,sz399001
2020-07-21,13480.39,13572.935,13396.582,13536.174,47222727296,akshare,深证成指,sz399001
2020-07-22,13507.354,13816.671,13459.883,13657.029,49966223474,akshare,深证成指,sz399001
2020-07-23,13511.451,13699.528,13281.55,13661.5,52657174358,akshare,深证成指,sz399001
2020-07-24,13547.807,13602.791,12868.95,12935.697,56478634459,akshare,深证成指,sz399001
2020-07-27,13013.766,13093.845,12838.868,12976.867,39712054262,akshare,深证成指,sz399001
2020-07-28,13107.433,13196.615,13022.818,13147.354,38908572627,akshare,深证成指,sz399001
2020-07-29,13117.188,13557.441,13085.951,13557.441,43729604639,akshare,深证成指,sz399001
2020-07-30,13595.771,13619.495,13432.131,13466.854,46967408102,akshare,深证成指,sz399001
2020-07-31,13464.207,13748.034,13399.859,13637.883,48559923962,akshare,深证成指,sz399001
2020-08-03,13771.745,13964.562,13712.982,13964.562,56850339890,akshare,深证成指,sz399001
2020-08-04,13966.732,14012.706,13779.221,13860.459,56731944720,akshare,深证成指,sz399001
2020-08-05,13859.318,13993.669,13726.618,13960.925,50246255102,akshare,深证成指,sz399001
2020-08-06,13972.303,13972.303,13661.845,13863.13,53398715906,akshare,深证成指,sz399001
2020-08-07,13813.762,13847.199,13411.665,13648.5,50997682640,akshare,深证成指,sz399001
2020-08-10,13576.319,13752.293,13453.945,13657.313,45214180570,akshare,深证成指,sz399001
2020-08-11,13668.306,13811.519,13450.229,13466.268,46722253651,akshare,深证成指,sz399001
2020-08-12,13437.566,13471.82,13026.011,13308.521,45004057281,akshare,深证成指,sz399001
2020-08-13,13373.163,13392.347,13254.393,13291.32,40373280808,akshare,深证成指,sz399001
2020-08-14,13272.707,13495.974,13242.779,13489.01,38847090483,akshare,深证成指,sz399001
2020-08-17,13542.014,13756.613,13490.64,13742.226,48876172050,akshare,深证成指,sz399001
2020-08-18,13748.516,13813.021,13692.074,13768.167,47454067364,akshare,深证成指,sz399001
2020-08-19,13741.273,13741.273,13472.965,13480.853,47963973983,akshare,深证成指,sz399001
2020-08-20,13387.818,13476.069,13270.115,13320.923,38886852196,akshare,深证成指,sz399001
2020-08-21,13445.963,13547.793,13373.716,13478.0,38352406489,akshare,深证成指,sz399001
2020-08-24,13565.284,13708.122,13418.961,13666.692,41096357678,akshare,深证成指,sz399001
2020-08-25,13692.466,13788.493,13620.619,13669.406,45693575430,akshare,深证成指,sz399001
2020-08-26,13680.585,13717.898,13376.661,13428.399,46552843077,akshare,深证成指,sz399001
2020-08-27,13465.894,13548.66,13348.447,13535.091,41499507993,akshare,深证成指,sz399001
2020-08-28,13509.372,13868.299,13483.283,13851.324,44122494126,akshare,深证成指,sz399001
2020-08-31,13929.747,13994.144,13755.363,13758.228,45192530906,akshare,深证成指,sz399001
2020-09-01,13729.388,13849.658,13662.686,13849.658,39923774224,akshare,深证成指,sz399001
2020-09-02,13881.073,13944.158,13737.834,13887.425,51729350587,akshare,深证成指,sz399001
2020-09-03,13871.269,13933.424,13722.576,13772.374,48294014044,akshare,深证成指,sz399001
2020-09-04,13501.911,13680.059,13487.692,13656.657,43711487716,akshare,深证成指,sz399001
2020-09-07,13633.506,13714.317,13232.242,13284.033,54163607802,akshare,深证成指,sz399001
2020-09-08,13315.148,13351.566,13118.942,13293.33,53406354089,akshare,深证成指,sz399001
2020-09-09,13107.977,13122.763,12778.43,12861.75,63718221829,akshare,深证成指,sz399001
2020-09-10,13001.383,13068.226,12709.752,12742.846,52989022001,akshare,深证成指,sz399001
2020-09-11,12711.089,12952.466,12702.622,12942.949,38394043207,akshare,深证成指,sz399001
2020-09-14,13024.556,13107.28,12921.759,13021.99,41889762034,akshare,深证成指,sz399001
2020-09-15,13032.285,13148.168,12976.028,13143.457,39016618986,akshare,深证成指,sz399001
2020-09-16,13123.496,13137.72,12947.049,13011.281,35324537128,akshare,深证成指,sz399001
2020-09-17,12970.342,13113.772,12870.992,13015.189,35395341326,akshare,深证成指,sz399001
2020-09-18,13026.105,13253.678,12987.588,13245.09,39237245188,akshare,深证成指,sz399001
2020-09-21,13280.008,13289.604,13135.241,13149.501,36664292350,akshare,深证成指,sz399001
2020-09-22,13052.085,13212.239,12981.967,13023.431,35053822109,akshare,深证成指,sz399001
2020-09-23,13044.812,13148.936,12991.661,13110.072,31823556101,akshare,深证成指,sz399001
2020-09-24,13018.303,13044.382,12816.606,12816.606,34406622390,akshare,深证成指,sz399001
2020-09-25,12876.075,12919.614,12764.265,12814.174,27281705065,akshare,深证成指,sz399001
2020-09-28,12860.091,12890.898,12752.391,12760.933,25146629069,akshare,深证成指,sz399001
2020-09-29,12843.228,12966.851,12798.65,12900.695,25244603522,akshare,深证成指,sz399001
2020-09-30,12948.971,13040.041,12834.769,12907.448,25167081632,akshare,深证成指,sz399001
2020-10-09,13161.355,13323.81,13145.755,13289.262,31769030336,akshare,深证成指,sz399001
2020-10-12,13386.345,13708.066,13382.698,13708.066,43400041288,akshare,深证成指,sz399001
2020-10-13,13678.622,13820.563,13622.951,13798.579,38115933735,akshare,深证成指,sz399001
2020-10-14,13781.56,13781.775,13664.733,13691.043,38322486622,akshare,深证成指,sz399001
2020-10-15,13702.832,13737.075,13617.082,13624.891,35563910908,akshare,深证成指,sz399001
2020-10-16,13611.913,13665.577,13439.883,13532.729,32416593250,akshare,深证成指,sz399001
2020-10-19,13638.78,13660.539,13393.022,13421.194,32947481837,akshare,深证成指,sz399001
2020-10-20,13417.222,13603.881,13371.554,13603.881,31641507511,akshare,深证成指,sz399001
2020-10-21,13613.868,13613.868,13396.541,13467.913,31773395838,akshare,深证成指,sz399001
2020-10-22,13419.392,13435.407,13252.063,13396.182,30160958132,akshare,深证成指,sz399001
2020-10-23,13405.535,13487.107,13110.018,13128.455,30244121696,akshare,深证成指,sz399001
2020-10-26,13056.301,13242.633,12922.588,13191.247,27599697393,akshare,深证成指,sz399001
2020-10-27,13159.368,13291.804,13146.551,13269.654,28786255660,akshare,深证成指,sz399001
2020-10-28,13273.499,13438.469,13188.655,13388.104,32376477727,akshare,深证成指,sz399001
2020-10-29,13219.893,13582.307,13200.778,13519.661,33388623154,akshare,深证成指,sz399001
2020-10-30,13544.285,13550.358,13204.245,13236.601,37553372701,akshare,深证成指,sz399001
2020-11-02,13269.97,13462.423,13258.163,13420.961,33921343679,akshare,深证成指,sz399001
2020-11-03,13476.583,13592.92,13414.003,13580.035,34046304419,akshare,深证成指,sz399001
2020-11-04,13586.329,13691.692,13544.83,13659.499,31304792161,akshare,深证成指,sz399001
2020-11-05,13802.179,13894.257,13728.641,13894.257,36566633754,akshare,深证成指,sz399001
2020-11-06,13932.414,13932.414,13708.749,13838.422,36601152543,akshare,深证成指,sz399001
2020-11-09,13934.37,14197.847,13934.37,14141.153,43693949290,akshare,深证成指,sz399001
2020-11-10,14121.686,14121.686,13908.208,13993.335,39435978674,akshare,深证成指,sz399001
2020-11-11,13925.436,13981.986,13715.438,13720.174,35060653876,akshare,深证成指,sz399001
2020-11-12,13789.295,13846.868,13724.336,13792.074,30252239944,akshare,深证成指,sz399001
2020-11-13,13755.285,13802.712,13620.89,13754.554,29635904483,akshare,深证成指,sz399001
2020-11-16,13811.85,13850.829,13669.255,13850.829,33617076694,akshare,深证成指,sz399001
2020-11-17,13843.012,13843.012,13628.821,13732.52,36114382431,akshare,深证成指,sz399001
2020-11-18,13710.023,13773.582,13602.692,13658.203,34749190489,akshare,深证成指,sz399001
2020-11-19,13633.972,13812.781,13578.325,13777.445,34692466429,akshare,深证成指,sz399001
2020-11-20,13789.984,13865.72,13773.214,13852.418,32938187564,akshare,深证成指,sz399001
2020-11-23,13871.711,14021.505,13795.92,13955.285,40103836200,akshare,深证成指,sz399001
2020-11-24,13958.013,13962.341,13848.909,13902.537,35527272750,akshare,深证成指,sz399001
2020-11-25,13923.659,13933.786,13656.095,13656.095,36857740314,akshare,深证成指,sz399001
2020-11-26,13651.432,13692.734,13452.676,13599.994,31760503074,akshare,深证成指,sz399001
2020-11-27,13627.855,13690.884,13542.677,13690.884,30965615119,akshare,深证成指,sz399001
2020-11-30,13720.681,13815.488,13634.157,13670.11,37001045193,akshare,深证成指,sz399001
2020-12-01,13650.389,13940.899,13646.688,13930.375,36660267826,akshare,深证成指,sz399001
2020-12-02,13950.738,13991.45,13858.445,13961.575,38731212242,akshare,深证成指,sz399001
2020-12-03,13955.979,14009.511,13889.619,13970.684,37366593151,akshare,深证成指,sz399001
2020-12-04,13933.877,14049.212,13903.836,14026.656,31852397643,akshare,深证成指,sz399001
2020-12-07,14021.161,14054.875,13958.74,13973.481,31690413877,akshare,深证成指,sz399001
2020-12-08,14000.865,14040.501,13942.663,13973.892,29238604080,akshare,深证成指,sz399001
2020-12-09,13998.617,14017.351,13710.86,13716.53,33612370731,akshare,深证成指,sz399001
2020-12-10,13672.054,13814.804,13621.127,13731.342,29010730242,akshare,深证成指,sz399001
2020-12-11,13767.479,13771.965,13431.555,13555.145,34576594649,akshare,深证成指,sz399001
2020-12-14,13583.195,13695.322,13511.779,13692.133,28984840256,akshare,深证成指,sz399001
2020-12-15,13682.275,13783.043,13641.723,13763.313,28398371806,akshare,深证成指,sz399001
2020-12-16,13791.415,13807.175,13709.804,13751.091,29690645708,akshare,深证成指,sz399001
2020-12-17,13746.281,13901.83,13688.833,13889.866,33010124461,akshare,深证成指,sz399001
2020-12-18,13911.834,13939.93,13806.619,13854.12,31286729859,akshare,深证成指,sz399001
2020-12-21,13858.659,14134.85,13819.703,14134.85,34392615276,akshare,深证成指,sz399001
2020-12-22,14085.286,14172.768,13872.499,13882.303,38539343149,akshare,深证成指,sz399001
2020-12-23,13912.519,14078.132,13897.11,14015.022,36846949303,akshare,深证成指,sz399001
2020-12-24,13998.358,14048.618,13867.66,13915.574,35696184259,akshare,深证成指,sz399001
2020-12-25,13879.236,14017.057,13835.516,14017.057,33825412481,akshare,深证成指,sz399001
2020-12-28,14020.952,14112.586,13959.143,14044.101,37325254653,akshare,深证成指,sz399001
2020-12-29,14042.795,14082.497,13915.886,13970.211,37160031942,akshare,深证成指,sz399001
2020-12-30,13970.445,14208.682,13968.09,14201.565,35191999131,akshare,深证成指,sz399001
2020-12-31,14226.284,14476.548,14226.284,14470.684,37221726383,akshare,深证成指,sz399001
2021-01-04,14516.121,14859.087,14486.252,14827.469,43549775923,akshare,深证成指,sz399001
2021-01-05,14760.253,15149.097,14716.789,15147.569,45893476339,akshare,深证成指,sz399001
2021-01-06,15221.439,15295.074,14987.365,15187.614,43324071836,akshare,深证成指,sz399001
2021-01-07,15178.348,15356.403,15101.667,15356.403,46928407202,akshare,深证成指,sz399001
2021-01-08,15402.742,15453.179,15162.706,15319.291,42006272822,akshare,深证成指,sz399001
2021-01-11,15353.079,15420.676,15011.585,15115.38,43945664406,akshare,深证成指,sz399001
2021-01-12,15053.872,15460.032,15020.261,15460.032,38686160155,akshare,深证成指,sz399001
2021-01-13,15491.065,15597.97,15240.899,15365.428,43269729763,akshare,深证成指,sz399001
2021-01-14,15283.557,15354.122,15033.473,15070.129,39617247690,akshare,深证成指,sz399001
2021-01-15,15030.537,15120.272,14772.063,15031.703,36449833013,akshare,深证成指,sz399001
2021-01-18,14980.505,15309.79,14898.88,15269.272,36406940425,akshare,深证成指,sz399001
2021-01-19,15278.535,15314.053,14954.347,15003.985,39512572920,akshare,深证成指,sz399001
2021-01-20,15023.737,15246.777,14958.219,15223.357,34028754497,akshare,深证成指,sz399001
2021-01-21,15251.669,15608.384,15251.669,15520.598,41062780215,akshare,深证成指,sz399001
2021-01-22,15508.938,15632.334,15381.604,15628.73,39616143973,akshare,深证成指,sz399001
2021-01-25,15594.811,15895.884,15534.25,15710.193,40351691141,akshare,深证成指,sz399001
2021-01-26,15637.389,15637.389,15328.411,15352.42,35029602005,akshare,深证成指,sz399001
2021-01-27,15328.869,15446.82,15107.043,15413.843,33837216736,akshare,深证成指,sz399001
2021-01-28,15169.104,15228.496,14881.804,14913.205,35413517809,akshare,深证成指,sz399001
2021-01-29,15039.893,15096.252,14609.642,14821.994,36867023869,akshare,深证成指,sz399001
2021-02-01,14841.714,15036.385,14797.413,15024.244,33706664513,akshare,深证成指,sz399001
2021-02-02,15057.438,15341.48,14981.328,15335.662,32995125306,akshare,深证成指,sz399001
2021-02-03,15360.421,15435.531,15218.573,15233.149,34816674829,akshare,深证成指,sz399001
2021-02-04,15135.851,15285.877,14908.756,15105.939,35354602533,akshare,深证成指,sz399001
2021-02-05,15167.64,15250.095,14996.288,15007.295,31986707193,akshare,深证成指,sz399001
2021-02-08,15066.455,15299.653,14945.844,15269.627,28319424705,akshare,深证成指,sz399001
2021-02-09,15330.302,15635.377,15275.386,15630.565,29417149291,akshare,深证成指,sz399001
2021-02-10,15702.199,16010.405,15632.136,15962.25,28269118947,akshare,深证成指,sz399001
2021-02-18,16275.983,16293.088,15697.721,15767.436,36845136917,akshare,深证成指,sz399001
2021-02-19,15660.495,15840.161,15443.242,15823.105,38997684711,akshare,深证成指,sz399001
2021-02-22,15818.766,15818.766,15336.951,15336.951,49945871506,akshare,深证成指,sz399001
2021-02-23,15174.718,15411.027,15146.887,15243.252,40102575727,akshare,深证成指,sz399001
2021-02-24,15281.396,15318.847,14709.127,14870.665,39050601698,akshare,深证成指,sz399001
2021-02-25,15016.628,15036.42,14794.729,14828.801,35968005832,akshare,深证成指,sz399001
2021-02-26,14480.741,14713.117,14396.446,14507.445,34499217457,akshare,深证成指,sz399001
2021-03-01,14670.112,14864.582,14614.014,14857.344,34504727306,akshare,深证成指,sz399001
2021-03-02,14958.221,14987.07,14616.157,14751.117,35685607949,akshare,深证成指,sz399001
2021-03-03,14679.835,14932.385,14612.847,14932.385,35507176884,akshare,深证成指,sz399001
2021-03-04,14780.905,14780.905,14357.191,14416.06,39417703183,akshare,深证成指,sz399001
2021-03-05,14156.013,14531.985,14122.594,14412.312,38047405203,akshare,深证成指,sz399001
2021-03-08,14513.785,14597.749,13859.95,13863.813,40328831913,akshare,深证成指,sz399001
2021-03-09,13803.247,13844.227,13289.378,13475.718,42349392121,akshare,深证成指,sz399001
2021-03-10,13721.235,13750.263,13480.422,13563.339,32386028887,akshare,深证成指,sz399001
2021-03-11,13598.2,13904.466,13535.245,13866.366,34542953652,akshare,深证成指,sz399001
2021-03-12,13934.234,13934.234,13716.014,13897.025,36557444717,akshare,深证成指,sz399001
2021-03-15,13793.522,13793.522,13389.979,13520.066,35077747131,akshare,深证成指,sz399001
2021-03-16,13574.561,13652.548,13439.73,13642.955,35521312351,akshare,深证成指,sz399001
2021-03-17,13605.776,13842.875,13490.424,13809.768,34644222311,akshare,深证成指,sz399001
2021-03-18,13850.601,14003.768,13832.698,13963.924,34512912329,akshare,深证成指,sz399001
2021-03-19,13738.208,13837.229,13522.937,13606.002,35172034314,akshare,深证成指,sz399001
2021-03-22,13605.703,13797.3,13565.168,13760.966,36300341412,akshare,深证成指,sz399001
2021-03-23,13754.875,13794.465,13506.167,13607.268,37800755405,akshare,深证成指,sz399001
2021-03-24,13529.935,13651.898,13378.884,13407.347,35687139135,akshare,深证成指,sz399001
2021-03-25,13318.971,13489.289,13252.243,13421.162,33665105239,akshare,深证成指,sz399001
2021-03-26,13493.357,13810.965,13493.357,13769.683,33944005077,akshare,深证成指,sz399001
2021-03-29,13802.509,13895.606,13684.432,13771.259,34605608925,akshare,深证成指,sz399001
2021-03-30,13751.207,13933.319,13717.586,13888.438,34442790108,akshare,深证成指,sz399001
2021-03-31,13870.709,13870.709,13678.668,13778.67,30759789359,akshare,深证成指,sz399001
2021-04-01,13812.636,13992.748,13808.317,13979.694,30316862744,akshare,深证成指,sz399001
2021-04-02,14042.132,14178.099,14008.852,14122.613,31560344538,akshare,深证成指,sz399001
2021-04-06,14176.206,14194.356,14045.921,14083.34,30643979349,akshare,深证成指,sz399001
2021-04-07,14100.847,14100.847,13856.973,13979.31,35321637366,akshare,深证成指,sz399001
2021-04-08,13906.816,14037.452,13845.123,13989.939,37111079248,akshare,深证成指,sz399001
2021-04-09,13965.209,13977.279,13769.194,13813.31,32989122226,akshare,深证成指,sz399001
2021-04-12,13811.587,13867.156,13454.266,13495.718,35844581813,akshare,深证成指,sz399001
2021-04-13,13490.393,13671.359,13484.002,13528.313,33143501218,akshare,深证成指,sz399001
2021-04-14,13550.869,13756.742,13550.869,13738.001,32941897773,akshare,深证成指,sz399001
2021-04-15,13705.135,13705.135,13539.073,13680.269,33450097653,akshare,深证成指,sz399001
2021-04-16,13718.233,13755.446,13575.621,13720.743,35058090570,akshare,深证成指,sz399001
2021-04-19,13714.386,14121.212,13667.749,14117.798,38640286420,akshare,深证成指,sz399001
2021-04-20,14062.505,14215.278,14035.227,14101.902,37791233676,akshare,深证成指,sz399001
2021-04-21,14010.595,14176.95,13978.566,14151.146,33494449433,akshare,深证成指,sz399001
2021-04-22,14219.239,14244.494,14091.108,14209.441,32386329554,akshare,深证成指,sz399001
2021-04-23,14213.358,14386.617,14208.401,14351.855,33982697384,akshare,深证成指,sz399001
2021-04-26,14419.852,14529.428,14212.223,14224.448,37463682189,akshare,深证成指,sz399001
2021-04-27,14211.585,14266.599,14106.83,14264.084,33246946506,akshare,深证成指,sz399001
2021-04-28,14238.563,14398.961,14190.638,14398.381,31629992962,akshare,深证成指,sz399001
2021-04-29,14416.85,14516.221,14330.09,14464.082,32112547701,akshare,深证成指,sz399001
2021-04-30,14437.169,14522.456,14343.062,14438.567,33469837352,akshare,深证成指,sz399001
2021-05-06,14355.405,14398.58,14088.041,14210.596,34072167689,akshare,深证成指,sz399001
2021-05-07,14243.715,14280.042,13933.809,13933.809,37463126796,akshare,深证成指,sz399001
2021-05-10,13945.777,14035.599,13828.819,13917.967,37114162943,akshare,深证成指,sz399001
2021-05-11,13814.275,13996.7,13696.728,13966.785,38483632142,akshare,深证成指,sz399001
2021-05-12,13922.146,14078.329,13872.103,14064.865,35086506053,akshare,深证成指,sz399001
2021-05-13,13907.184,14027.553,13866.111,13917.65,37517802661,akshare,深证成指,sz399001
2021-05-14,13960.334,14214.135,13872.631,14208.783,39351207361,akshare,深证成指,sz399001
2021-05-17,14234.705,14538.762,14234.705,14456.542,36841467049,akshare,深证成指,sz399001
2021-05-18,14462.406,14497.899,14345.988,14450.604,31802047937,akshare,深证成指,sz399001
2021-05-19,14399.764,14544.199,14359.019,14484.455,33326585335,akshare,深证成指,sz399001
2021-05-20,14455.607,14582.402,14431.796,14535.098,36347766038,akshare,深证成指,sz399001
2021-05-21,14582.065,14634.595,14386.123,14417.457,33380113917,akshare,深证成指,sz399001
2021-05-24,14436.357,14506.607,14295.477,14506.607,34686463857,akshare,深证成指,sz399001
2021-05-25,14533.948,14862.192,14509.775,14846.453,37385983278,akshare,深证成指,sz399001
2021-05-26,14850.281,14860.642,14762.2,14793.681,38748657785,akshare,深证成指,sz399001
2021-05-27,14796.051,14955.3,14720.669,14897.188,38110819751,akshare,深证成指,sz399001
2021-05-28,14899.332,14977.246,14778.822,14852.878,40605948843,akshare,深证成指,sz399001
2021-05-31,14874.89,14996.377,14836.147,14996.377,38628013643,akshare,深证成指,sz399001
2021-06-01,14963.954,15039.023,14820.737,15034.779,40829957513,akshare,深证成指,sz399001
2021-06-02,15044.941,15051.207,14793.739,14857.908,41242307729,akshare,深证成指,sz399001
2021-06-03,14850.507,14947.6,14759.823,14761.132,38146044766,akshare,深证成指,sz399001
2021-06-04,14704.189,14989.212,14667.532,14870.914,36538574830,akshare,深证成指,sz399001
2021-06-07,14879.492,14883.548,14760.203,14862.6,36852944138,akshare,深证成指,sz399001
2021-06-08,14867.945,14973.811,14625.285,14716.982,38476939388,akshare,深证成指,sz399001
2021-06-09,14698.354,14762.644,14641.834,14718.402,37427539605,akshare,深证成指,sz399001
2021-06-10,14715.137,14940.304,14699.308,14893.593,41700209072,akshare,深证成指,sz399001
2021-06-11,14918.493,14920.865,14738.619,14801.24,45263632487,akshare,深证成指,sz399001
2021-06-15,14806.689,14829.973,14564.56,14673.339,40793961039,akshare,深证成指,sz399001
2021-06-16,14663.481,14667.241,14290.228,14295.928,37800270704,akshare,深证成指,sz399001
2021-06-17,14291.938,14489.512,14291.938,14472.37,36340329255,akshare,深证成指,sz399001
2021-06-18,14510.561,14635.498,14449.06,14583.668,40139019778,akshare,深证成指,sz399001
2021-06-21,14563.051,14721.689,14468.74,14641.293,40888560995,akshare,深证成指,sz399001
2021-06-22,14678.368,14706.505,14564.495,14696.286,42448013150,akshare,深证成指,sz399001
2021-06-23,14713.838,14882.138,14641.471,14843.831,41438939467,akshare,深证成指,sz399001
2021-06-24,14876.729,14877.639,14718.888,14784.8,39991991223,akshare,深证成指,sz399001
2021-06-25,14799.527,15036.769,14797.336,15003.85,40020223009,akshare,深证成指,sz399001
2021-06-28,15049.774,15166.556,15031.206,15150.168,38309625485,akshare,深证成指,sz399001
2021-06-29,15187.805,15187.805,14991.179,14999.798,37866879862,akshare,深证成指,sz399001
2021-06-30,15015.291,15175.752,14978.301,15161.702,35612825341,akshare,深证成指,sz399001
2021-07-01,15203.068,15206.149,15001.891,15038.876,38950787400,akshare,深证成指,sz399001
2021-07-02,14937.733,14937.733,14652.736,14670.711,35555461939,akshare,深证成指,sz399001
2021-07-05,14666.682,14782.565,14597.866,14718.663,36693985287,akshare,深证成指,sz399001
2021-07-06,14745.454,14779.295,14480.867,14667.646,40044728674,akshare,深证成指,sz399001
2021-07-07,14592.75,14966.229,14545.288,14940.047,38482102443,akshare,深证成指,sz399001
2021-07-08,14984.251,15033.343,14856.931,14882.904,43989160668,akshare,深证成指,sz399001
2021-07-09,14805.806,14887.599,14583.548,14844.356,42290362441,akshare,深证成指,sz399001
2021-07-12,14970.126,15222.173,14870.828,15161.522,48444245975,akshare,深证成指,sz399001
2021-07-13,15151.086,15232.146,15077.342,15189.295,47543723147,akshare,深证成指,sz399001
2021-07-14,15141.043,15215.633,15021.991,15056.318,48260924344,akshare,深证成指,sz399001
2021-07-15,15014.913,15170.645,14899.312,15169.334,46052843445,akshare,深证成指,sz399001
2021-07-16,15144.084,15165.748,14962.969,14972.214,44335781612,akshare,深证成指,sz399001
2021-07-19,14958.616,15033.598,14856.644,14992.904,42820484902,akshare,深证成指,sz399001
2021-07-20,14879.273,15031.88,14859.714,15011.354,38181599129,akshare,深证成指,sz399001
2021-07-21,15070.169,15264.104,15061.086,15212.599,45252720120,akshare,深证成指,sz399001
2021-07-22,15258.729,15290.056,15172.104,15262.188,49105356406,akshare,深证成指,sz399001
2021-07-23,15248.251,15248.251,14989.501,15028.567,52805614185,akshare,深证成指,sz399001
2021-07-26,14982.902,14982.902,14376.327,14630.85,51181860500,akshare,深证成指,sz399001
2021-07-27,14640.261,14741.87,14093.635,14093.635,52856072583,akshare,深证成指,sz399001
2021-07-28,13967.443,14207.39,13727.476,14086.424,47901527997,akshare,深证成指,sz399001
2021-07-29,14390.29,14544.107,14277.965,14515.323,43905898520,akshare,深证成指,sz399001
2021-07-30,14482.775,14522.121,14294.478,14473.21,47754339650,akshare,深证成指,sz399001
2021-08-02,14463.213,14806.86,14395.328,14798.158,50748213836,akshare,深证成指,sz399001
2021-08-03,14745.905,14844.521,14656.197,14736.918,50800549678,akshare,深证成指,sz399001
2021-08-04,14715.75,14990.109,14683.354,14990.109,44662323099,akshare,深证成指,sz399001
2021-08-05,14901.961,14990.652,14800.417,14872.226,47133210628,akshare,深证成指,sz399001
2021-08-06,14902.69,14915.727,14722.128,14827.41,44273226177,akshare,深证成指,sz399001
2021-08-09,14738.367,14980.147,14682.94,14941.442,44759125257,akshare,深证成指,sz399001
2021-08-10,14919.516,15057.591,14863.081,15057.591,47397170860,akshare,深证成指,sz399001
2021-08-11,15048.87,15101.129,14969.082,15021.17,49152912628,akshare,深证成指,sz399001
2021-08-12,14972.495,15037.577,14857.911,14901.971,50346503825,akshare,深证成指,sz399001
2021-08-13,14839.514,14994.606,14717.673,14799.032,49021620167,akshare,深证成指,sz399001
2021-08-16,14756.477,14800.22,14660.081,14693.736,47200208289,akshare,深证成指,sz399001
2021-08-17,14696.188,14750.933,14308.634,14350.647,50925304694,akshare,深证成指,sz399001
2021-08-18,14371.817,14500.137,14284.848,14454.114,44685754046,akshare,深证成指,sz399001
2021-08-19,14456.185,14570.63,14357.731,14487.361,45352564533,akshare,深证成指,sz399001
2021-08-20,14376.899,14448.925,14100.924,14253.535,44068555718,akshare,深证成指,sz399001
2021-08-23,14296.953,14558.468,14260.076,14535.877,48127214053,akshare,深证成指,sz399001
2021-08-24,14558.96,14710.007,14496.886,14663.549,50831646992,akshare,深证成指,sz399001
2021-08-25,14657.651,14697.497,14562.822,14697.497,47486148032,akshare,深证成指,sz399001
2021-08-26,14701.924,14701.924,14409.885,14415.459,51824933439,akshare,深证成指,sz399001
2021-08-27,14382.179,14537.153,14366.146,14436.896,51140421952,akshare,深证成指,sz399001
2021-08-30,14482.975,14546.744,14339.385,14423.366,55168125397,akshare,深证成指,sz399001
2021-08-31,14407.939,14418.263,14157.55,14328.382,53002820661,akshare,深证成指,sz399001
2021-09-01,14336.07,14418.609,14058.249,14314.086,60181317363,akshare,深证成指,sz399001
2021-09-02,14294.545,14348.815,14226.423,14277.339,52224978060,akshare,深证成指,sz399001
2021-09-03,14295.562,14302.903,14118.732,14179.864,59786332762,akshare,深证成指,sz399001
2021-09-06,14184.425,14567.137,14145.633,14546.604,53157271026,akshare,深证成指,sz399001
2021-09-07,14543.839,14724.625,14483.547,14702.898,53223518760,akshare,深证成指,sz399001
2021-09-08,14706.883,14789.09,14630.497,14688.08,61092360904,akshare,深证成指,sz399001
2021-09-09,14666.048,14716.733,14547.066,14698.528,57129567536,akshare,深证成指,sz399001
2021-09-10,14673.454,14811.511,14645.258,14771.871,57388120320,akshare,深证成指,sz399001
2021-09-13,14776.82,14833.885,14648.782,14705.827,54952022428,akshare,深证成指,sz399001
2021-09-14,14699.225,14844.264,14589.725,14626.085,57755259001,akshare,深证成指,sz399001
2021-09-15,14590.8,14602.338,14476.194,14536.313,51525808907,akshare,深证成指,sz399001
2021-09-16,14527.096,14550.31,14258.13,14258.13,57164442778,akshare,深证成指,sz399001
2021-09-17,14224.611,14383.617,14136.466,14359.358,50900041398,akshare,深证成指,sz399001
2021-09-22,14139.897,14311.959,14117.632,14277.075,43591068662,akshare,深证成指,sz399001
2021-09-23,14380.094,14416.369,14338.985,14387.359,51530745414,akshare,深证成指,sz399001
2021-09-24,14359.108,14514.39,14307.682,14357.846,48847728984,akshare,深证成指,sz399001
2021-09-27,14430.04,14527.769,14253.15,14344.287,51231511813,akshare,深证成指,sz399001
2021-09-28,14307.531,14425.158,14243.202,14313.822,38138051862,akshare,深证成指,sz399001
2021-09-29,14202.397,14235.879,14020.556,14079.023,41258802410,akshare,深证成指,sz399001
2021-09-30,14124.075,14337.505,14124.075,14309.013,35261379315,akshare,深证成指,sz399001
2021-10-08,14457.939,14489.328,14348.98,14414.159,40147890017,akshare,深证成指,sz399001
2021-10-11,14440.824,14484.393,14338.471,14367.604,37382765442,akshare,深证成指,sz399001
2021-10-12,14335.535,14335.535,14006.647,14135.376,39385089507,akshare,深证成指,sz399001
2021-10-13,14140.418,14358.497,14112.913,14353.078,33965891989,akshare,深证成指,sz399001
2021-10-14,14350.628,14399.916,14293.534,14341.376,34120029410,akshare,深证成指,sz399001
2021-10-15,14294.18,14440.576,14232.031,14415.992,38365500847,akshare,深证成指,sz399001
2021-10-18,14393.176,14393.176,14218.607,14350.02,36156419930,akshare,深证成指,sz399001
2021-10-19,14352.931,14504.236,14352.931,14499.767,35829868528,akshare,深证成指,sz399001
2021-10-20,14500.456,14552.574,14431.632,14452.246,37811757609,akshare,深证成指,sz399001
2021-10-21,14466.416,14501.452,14348.121,14444.856,37231127946,akshare,深证成指,sz399001
2021-10-22,14467.368,14582.79,14454.855,14492.821,38226250394,akshare,深证成指,sz399001
2021-10-25,14491.349,14599.004,14452.881,14596.725,36280331313,akshare,深证成指,sz399001
2021-10-26,14658.993,14682.428,14531.483,14552.819,38683049733,akshare,深证成指,sz399001
2021-10-27,14510.449,14510.449,14348.052,14393.508,39832512773,akshare,深证成指,sz399001
2021-10-28,14350.91,14407.663,14188.289,14244.819,39184698237,akshare,深证成指,sz399001
2021-10-29,14242.684,14457.438,14199.59,14451.382,38001438315,akshare,深证成指,sz399001
2021-11-01,14393.577,14569.226,14344.483,14476.526,40969401099,akshare,深证成指,sz399001
2021-11-02,14476.897,14558.357,14248.005,14377.266,44383416678,akshare,深证成指,sz399001
2021-11-03,14365.214,14458.619,14287.344,14367.78,36078656530,akshare,深证成指,sz399001
2021-11-04,14440.216,14557.944,14420.145,14555.274,38493183033,akshare,深证成指,sz399001
2021-11-05,14536.6,14623.478,14462.594,14462.622,44573408901,akshare,深证成指,sz399001
2021-11-08,14451.59,14532.721,14400.838,14508.861,40102296495,akshare,深证成指,sz399001
2021-11-09,14538.618,14581.421,14463.768,14571.933,38886038455,akshare,深证成指,sz399001
2021-11-10,14521.72,14536.627,14302.797,14515.881,42661209839,akshare,深证成指,sz399001
2021-11-11,14497.981,14708.118,14479.366,14699.744,45388079203,akshare,深证成指,sz399001
2021-11-12,14708.6,14732.346,14646.491,14705.368,44841196412,akshare,深证成指,sz399001
2021-11-15,14724.343,14732.05,14578.234,14636.391,46560201568,akshare,深证成指,sz399001
2021-11-16,14626.874,14736.372,14597.04,14613.973,45817933855,akshare,深证成指,sz399001
2021-11-17,14646.659,14711.184,14596.889,14711.184,43793166675,akshare,深证成指,sz399001
2021-11-18,14685.785,14685.785,14555.224,14579.167,47926393234,akshare,深证成指,sz399001
2021-11-19,14569.928,14761.531,14552.669,14752.486,46199385428,akshare,深证成指,sz399001
2021-11-22,14778.584,14961.787,14776.035,14960.656,47718399896,akshare,深证成指,sz399001
2021-11-23,14929.242,14954.848,14874.433,14905.133,48071164498,akshare,深证成指,sz399001
2021-11-24,14908.975,14942.956,14864.894,14887.595,47778359002,akshare,深证成指,sz399001
2021-11-25,14884.854,14897.182,14819.684,14827.951,44698049733,akshare,深证成指,sz399001
2021-11-26,14802.016,14862.933,14745.592,14777.171,44128963042,akshare,深证成指,sz399001
2021-11-29,14635.476,14825.433,14633.059,14810.197,43539097698,akshare,深证成指,sz399001
2021-11-30,14854.523,14870.226,14712.822,14795.734,47301283194,akshare,深证成指,sz399001
2021-12-01,14794.365,14824.809,14724.72,14794.247,46044118055,akshare,深证成指,sz399001
2021-12-02,14769.688,14834.787,14740.235,14765.561,47863787945,akshare,深证成指,sz399001
2021-12-03,14772.666,14892.053,14767.446,14892.053,43396698280,akshare,深证成指,sz399001
2021-12-06,14872.545,14942.241,14742.098,14752.957,46777699831,akshare,深证成指,sz399001
2021-12-07,14845.019,14861.378,14602.729,14697.167,45014216981,akshare,深证成指,sz399001
2021-12-08,14748.649,14964.464,14733.887,14964.464,40810274509,akshare,深证成指,sz399001
2021-12-09,14965.436,15193.675,14957.337,15147.875,47054755444,akshare,深证成指,sz399001
2021-12-10,15044.682,15148.778,15026.37,15111.562,45386002614,akshare,深证成指,sz399001
2021-12-13,15166.156,15288.654,15151.805,15212.485,47516232485,akshare,深证成指,sz399001
2021-12-14,15171.055,15185.252,15109.058,15136.775,46156842561,akshare,深证成指,sz399001
2021-12-15,15112.185,15187.256,15012.745,15026.207,47501850159,akshare,深证成指,sz399001
2021-12-16,15047.467,15112.807,14977.45,15112.807,47449150775,akshare,深证成指,sz399001
2021-12-17,15075.227,15075.227,14867.251,14867.554,50418320381,akshare,深证成指,sz399001
2021-12-20,14818.416,14902.135,14551.365,14569.184,50463990934,akshare,深证成指,sz399001
2021-12-21,14559.724,14702.383,14547.603,14688.983,48036278348,akshare,深证成指,sz399001
2021-12-22,14723.409,14813.042,14709.402,14791.332,53163265256,akshare,深证成指,sz399001
2021-12-23,14818.992,14878.955,14790.454,14863.928,49240067621,akshare,深证成指,sz399001
2021-12-24,14872.416,14887.456,14674.141,14710.328,50736522163,akshare,深证成指,sz399001
2021-12-27,14704.286,14802.352,14652.418,14715.646,43610666877,akshare,深证成指,sz399001
2021-12-28,14736.732,14841.879,14696.451,14837.869,43215711767,akshare,深证成指,sz399001
2021-12-29,14828.193,14828.193,14645.198,14653.823,42428006774,akshare,深证成指,sz399001
2021-12-30,14652.081,14846.817,14652.081,14796.231,45543080629,akshare,深证成指,sz399001
2021-12-31,14842.071,14871.976,14797.113,14857.346,46867522613,akshare,深证成指,sz399001
2022-01-04,14935.228,14941.192,14681.71,14791.313,57054686517,akshare,深证成指,sz399001
2022-01-05,14752.083,14767.223,14469.369,14525.759,58383278363,akshare,深证成指,sz399001
2022-01-06,14432.459,14497.765,14298.477,14429.508,51351600672,akshare,深证成指,sz399001
2022-01-07,14449.54,14495.672,14331.976,14343.654,56184984793,akshare,深证成指,sz399001
2022-01-10,14304.859,14430.094,14194.351,14406.973,46312510470,akshare,深证成指,sz399001
2022-01-11,14402.218,14433.559,14201.898,14223.351,47547403184,akshare,深证成指,sz399001
2022-01-12,14316.532,14426.118,14293.408,14421.198,46611136480,akshare,深证成指,sz399001
2022-01-13,14440.982,14440.982,14138.336,14138.336,49513909388,akshare,深证成指,sz399001
2022-01-14,14054.666,14219.441,14039.869,14150.569,50638226785,akshare,深证成指,sz399001
2022-01-17,14162.999,14374.474,14159.266,14363.567,50532197979,akshare,深证成指,sz399001
2022-01-18,14365.186,14444.538,14285.626,14391.389,54887020701,akshare,深证成指,sz399001
2022-01-19,14376.364,14413.382,14120.241,14207.193,48339852745,akshare,深证成指,sz399001
2022-01-20,14188.509,14311.996,14149.499,14198.303,51711538452,akshare,深证成指,sz399001
2022-01-21,14144.219,14181.623,13991.639,14029.546,43878415247,akshare,深证成指,sz399001
2022-01-24,13941.9,14133.036,13918.988,14081.795,37184418416,akshare,深证成指,sz399001
2022-01-25,14018.932,14091.879,13682.724,13683.895,44610545744,akshare,深证成指,sz399001
2022-01-26,13742.025,13820.94,13580.399,13780.301,35128831501,akshare,深证成指,sz399001
2022-01-27,13756.873,13773.5,13395.356,13398.845,37319445338,akshare,深证成指,sz399001
2022-01-28,13515.466,13553.222,13227.833,13328.056,35889292717,akshare,深证成指,sz399001
2022-02-07,13558.944,13632.447,13412.203,13456.647,37163439353,akshare,深证成指,sz399001
2022-02-08,13432.078,13432.335,13051.803,13325.412,39413310313,akshare,深证成指,sz399001
2022-02-09,13321.806,13541.874,13283.201,13531.311,43044232299,akshare,深证成指,sz399001
2022-02-10,13537.306,13537.306,13339.497,13432.067,40894157155,akshare,深证成指,sz399001
2022-02-11,13360.397,13452.724,13206.626,13224.378,44176180143,akshare,深证成指,sz399001
2022-02-14,13140.353,13280.076,13049.45,13123.212,39144947071,akshare,深证成指,sz399001
2022-02-15,13143.103,13346.674,13138.441,13345.626,37139160803,akshare,深证成指,sz399001
2022-02-16,13403.636,13446.061,13339.797,13376.356,37530877510,akshare,深证成指,sz399001
2022-02-17,13360.458,13490.86,13322.686,13422.899,42928561256,akshare,深证成指,sz399001
2022-02-18,13334.896,13460.211,13316.472,13459.681,38837049683,akshare,深证成指,sz399001
2022-02-21,13464.852,13503.089,13404.73,13471.157,44801214227,akshare,深证成指,sz399001
2022-02-22,13384.029,13384.029,13216.634,13297.107,45691784106,akshare,深证成指,sz399001
2022-02-23,13319.873,13553.268,13319.873,13549.985,45406101316,akshare,深证成指,sz399001
2022-02-24,13459.006,13538.71,13093.969,13252.241,62904562120,akshare,深证成指,sz399001
2022-02-25,13383.235,13540.988,13383.235,13412.918,43465089061,akshare,深证成指,sz399001
2022-02-28,13397.929,13457.612,13279.316,13455.733,39794025992,akshare,深证成指,sz399001
2022-03-01,13493.275,13517.249,13393.854,13488.637,39926109157,akshare,深证成指,sz399001
2022-03-02,13412.899,13412.899,13267.553,13346.956,40042991203,akshare,深证成指,sz399001
2022-03-03,13397.97,13407.035,13187.74,13201.82,45112570165,akshare,深证成指,sz399001
2022-03-04,13089.423,13204.242,12972.241,13020.464,44826677556,akshare,深证成指,sz399001
2022-03-07,12930.732,12930.732,12523.448,12573.435,43033849937,akshare,深证成指,sz399001
2022-03-08,12594.595,12653.458,12178.178,12244.497,48566082015,akshare,深证成指,sz399001
2022-03-09,12282.146,12337.77,11598.393,12107.171,52118799520,akshare,深证成指,sz399001
2022-03-10,12421.764,12486.905,12331.505,12370.954,45735173294,akshare,深证成指,sz399001
2022-03-11,12181.484,12464.498,12043.382,12447.373,44642913905,akshare,深证成指,sz399001
2022-03-14,12315.774,12389.414,12063.632,12063.632,41095792224,akshare,深证成指,sz399001
2022-03-15,11948.634,12086.035,11537.235,11537.235,49113319923,akshare,深证成指,sz399001
2022-03-16,11765.306,12034.458,11331.226,12000.959,51065317741,akshare,深证成指,sz399001
2022-03-17,12228.843,12497.856,12218.17,12289.974,53055256130,akshare,深证成指,sz399001
2022-03-18,12222.22,12368.591,12141.754,12328.647,45201628249,akshare,深证成指,sz399001
2022-03-21,12385.869,12469.983,12257.673,12379.636,47249131825,akshare,深证成指,sz399001
2022-03-22,12350.732,12410.471,12269.172,12318.783,46450150819,akshare,深证成指,sz399001
2022-03-23,12373.509,12436.206,12291.365,12408.65,45067751249,akshare,深证成指,sz399001
2022-03-24,12339.144,12384.779,12188.575,12305.504,44069282709,akshare,深证成指,sz399001
2022-03-25,12315.35,12330.948,12072.728,12072.728,43718468033,akshare,深证成指,sz399001
2022-03-28,11968.997,12053.201,11835.334,11949.939,42333298775,akshare,深证成指,sz399001
2022-03-29,11983.54,12050.854,11857.368,11895.077,42513225308,akshare,深证成指,sz399001
2022-03-30,11969.364,12263.802,11961.064,12263.802,45096789846,akshare,深证成指,sz399001
2022-03-31,12208.992,12220.063,12090.288,12118.254,49890606601,akshare,深证成指,sz399001
2022-04-01,12040.014,12275.075,12009.205,12227.931,47057621321,akshare,深证成指,sz399001
2022-04-06,12220.775,12238.019,12091.98,12172.911,48442921704,akshare,深证成指,sz399001
2022-04-07,12101.371,12205.097,11971.334,11972.023,47857870369,akshare,深证成指,sz399001
2022-04-08,11988.048,12001.591,11799.021,11959.271,46248466716,akshare,深证成指,sz399001
2022-04-11,11876.178,11876.178,11482.726,11520.214,46326184026,akshare,深证成指,sz399001
2022-04-12,11523.28,11756.377,11439.591,11756.377,44976561078,akshare,深证成指,sz399001
2022-04-13,11669.081,11744.245,11568.17,11568.17,43871300236,akshare,深证成指,sz399001
2022-04-14,11662.594,11787.117,11587.866,11714.615,40677125141,akshare,深证成指,sz399001
2022-04-15,11626.055,11737.791,11552.782,11648.567,43833582887,akshare,深证成指,sz399001
2022-04-18,11557.521,11710.843,11459.839,11691.473,36460568257,akshare,深证成指,sz399001
2022-04-19,11691.76,11771.553,11584.24,11633.323,35716648071,akshare,深证成指,sz399001
2022-04-20,11619.744,11641.45,11360.081,11392.228,39913347696,akshare,深证成指,sz399001
2022-04-21,11328.707,11429.781,11038.377,11084.284,42925153465,akshare,深证成指,sz399001
2022-04-22,11016.676,11151.661,10896.915,11051.697,37220385101,akshare,深证成指,sz399001
2022-04-25,10840.36,10866.641,10379.063,10379.283,45761244266,akshare,深证成指,sz399001
2022-04-26,10401.994,10548.957,10181.169,10206.639,43356638745,akshare,深证成指,sz399001
2022-04-27,10090.983,10652.926,10087.525,10652.904,47620843572,akshare,深证成指,sz399001
2022-04-28,10607.793,10743.174,10498.656,10628.92,40897548280,akshare,深证成指,sz399001
2022-04-29,10719.452,11029.936,10631.144,11021.436,46493426956,akshare,深证成指,sz399001
2022-05-05,10928.676,11146.017,10897.26,11046.383,40997960755,akshare,深证成指,sz399001
2022-05-06,10775.307,10913.687,10748.874,10809.88,37539543290,akshare,深证成指,sz399001
2022-05-09,10743.025,10867.612,10698.665,10765.625,33910914331,akshare,深证成指,sz399001
2022-05-10,10601.404,10938.576,10560.783,10912.742,41132821118,akshare,深证成指,sz399001
2022-05-11,10921.031,11334.762,10917.096,11109.479,50695104842,akshare,深证成指,sz399001
2022-05-12,11029.344,11173.016,11006.32,11094.869,40442581261,akshare,深证成指,sz399001
2022-05-13,11167.589,11204.545,11044.46,11159.791,38483806186,akshare,深证成指,sz399001
2022-05-16,11251.266,11296.0,11067.062,11093.374,40840947085,akshare,深证成指,sz399001
2022-05-17,11095.402,11230.743,11059.832,11230.159,38715678795,akshare,深证成指,sz399001
2022-05-18,11249.278,11300.223,11151.225,11208.075,39388357583,akshare,深证成指,sz399001
2022-05-19,11035.957,11250.061,11019.077,11250.061,41431409943,akshare,深证成指,sz399001
2022-05-20,11311.811,11454.527,11292.141,11454.527,44630324861,akshare,深证成指,sz399001
2022-05-23,11468.807,11475.18,11343.212,11447.952,42020065867,akshare,深证成指,sz399001
2022-05-24,11429.927,11429.927,11065.917,11065.917,48868089193,akshare,深证成指,sz399001
2022-05-25,11062.628,11143.97,11009.734,11143.182,37475291164,akshare,深证成指,sz399001
2022-05-26,11149.305,11276.195,10984.753,11206.82,40014181063,akshare,深证成指,sz399001
2022-05-27,11289.997,11379.927,11126.746,11193.587,39762866738,akshare,深证成指,sz399001
2022-05-30,11248.509,11327.047,11185.949,11310.282,37434758088,akshare,深证成指,sz399001
2022-05-31,11313.405,11543.179,11241.026,11527.621,42056905107,akshare,深证成指,sz399001
2022-06-01,11507.485,11592.47,11467.859,11551.272,40792443871,akshare,深证成指,sz399001
2022-06-02,11492.966,11637.534,11470.891,11628.309,40615805083,akshare,深证成指,sz399001
2022-06-06,11636.682,11941.168,11602.398,11938.119,46170205673,akshare,深证成指,sz399001
2022-06-07,11937.28,12004.58,11857.448,11935.569,45457489339,akshare,深证成指,sz399001
2022-06-08,11947.75,12040.348,11815.285,12033.261,47612121155,akshare,深证成指,sz399001
2022-06-09,12002.806,12006.021,11761.211,11810.584,43107683045,akshare,深证成指,sz399001
2022-06-10,11733.35,12039.466,11724.24,12035.149,44054676942,akshare,深证成指,sz399001
2022-06-13,11922.56,12056.525,11881.078,11999.312,46324999114,akshare,深证成指,sz399001
2022-06-14,11854.165,12028.136,11644.352,12023.785,48759995770,akshare,深证成指,sz399001
2022-06-15,12052.735,12356.311,12038.803,12137.758,56095401365,akshare,深证成指,sz399001
2022-06-16,12146.852,12274.182,12101.493,12150.958,48807823186,akshare,深证成指,sz399001
2022-06-17,12045.844,12355.338,12036.268,12331.141,46436078604,akshare,深证成指,sz399001
2022-06-20,12405.115,12587.952,12372.072,12487.134,47533397760,akshare,深证成指,sz399001
2022-06-21,12477.726,12542.715,12299.948,12423.864,49027608143,akshare,深证成指,sz399001
2022-06-22,12437.692,12445.162,12240.779,12246.553,43877689387,akshare,深证成指,sz399001
2022-06-23,12273.382,12514.726,12177.255,12514.726,47190889971,akshare,深证成指,sz399001
2022-06-24,12553.559,12690.537,12516.709,12686.032,50125404931,akshare,深证成指,sz399001
2022-06-27,12742.555,12911.244,12742.555,12825.565,51424261874,akshare,深证成指,sz399001
2022-06-28,12823.654,13001.543,12718.246,12982.686,53502955118,akshare,深证成指,sz399001
2022-06-29,12930.426,12998.629,12682.934,12696.505,57881936338,akshare,深证成指,sz399001
2022-06-30,12710.245,12970.646,12710.245,12896.204,50289473109,akshare,深证成指,sz399001
2022-07-01,12899.474,12941.061,12805.729,12860.355,45578351524,akshare,深证成指,sz399001
2022-07-04,12813.489,13026.246,12751.078,13026.246,45843652792,akshare,深证成指,sz399001
2022-07-05,13057.241,13121.394,12798.014,12973.108,49396947233,akshare,深证成指,sz399001
2022-07-06,12935.421,12997.407,12700.476,12811.33,45114192672,akshare,深证成指,sz399001
2022-07-07,12826.092,12962.989,12732.698,12935.85,45354693499,akshare,深证成指,sz399001
2022-07-08,12998.561,13034.464,12848.63,12857.13,46401181600,akshare,深证成指,sz399001
2022-07-11,12798.42,12798.42,12514.976,12617.231,45124333678,akshare,深证成指,sz399001
2022-07-12,12616.844,12657.488,12396.911,12439.268,44428374727,akshare,深证成指,sz399001
2022-07-13,12441.72,12562.951,12323.203,12508.886,44510551662,akshare,深证成指,sz399001
2022-07-14,12479.22,12695.196,12452.128,12602.775,46948063935,akshare,深证成指,sz399001
2022-07-15,12557.152,12687.673,12411.008,12411.008,50583902606,akshare,深证成指,sz399001
2022-07-18,12456.222,12559.067,12304.122,12532.651,47323260939,akshare,深证成指,sz399001
2022-07-19,12524.511,12569.946,12402.105,12494.766,48570264026,akshare,深证成指,sz399001
2022-07-20,12551.434,12625.633,12518.417,12573.115,46061458994,akshare,深证成指,sz399001
2022-07-21,12543.583,12600.998,12455.193,12455.193,48641736566,akshare,深证成指,sz399001
2022-07-22,12501.341,12553.267,12289.195,12394.022,46484015027,akshare,深证成指,sz399001
2022-07-25,12386.552,12414.07,12251.078,12291.593,43357293882,akshare,深证成指,sz399001
2022-07-26,12308.742,12453.109,12266.837,12408.56,42335303601,akshare,深证成指,sz399001
2022-07-27,12383.052,12439.224,12331.697,12399.694,44386410468,akshare,深证成指,sz399001
2022-07-28,12467.76,12550.897,12407.073,12428.723,50486992673,akshare,深证成指,sz399001
2022-07-29,12439.407,12460.193,12245.215,12266.92,48546257779,akshare,深证成指,sz399001
2022-08-01,12243.327,12420.229,12158.852,12413.871,45476623599,akshare,深证成指,sz399001
2022-08-02,12260.453,12273.366,12008.173,12120.021,59642229838,akshare,深证成指,sz399001
2022-08-03,12148.236,12294.876,11946.465,11982.257,52584901775,akshare,深证成指,sz399001
2022-08-04,12055.346,12103.382,11926.514,12065.223,42825587683,akshare,深证成指,sz399001
2022-08-05,12088.649,12275.957,12051.404,12269.213,45484980906,akshare,深证成指,sz399001
2022-08-08,12239.868,12304.233,12219.024,12302.151,42421487404,akshare,深证成指,sz399001
2022-08-09,12277.442,12333.384,12235.831,12331.095,42518371057,akshare,深证成指,sz399001
2022-08-10,12302.567,12347.149,12166.23,12223.514,42792537485,akshare,深证成指,sz399001
2022-08-11,12287.8,12475.171,12231.078,12474.032,48890660216,akshare,深证成指,sz399001
2022-08-12,12453.398,12493.784,12417.493,12419.391,49039043793,akshare,深证成指,sz399001
2022-08-15,12392.497,12531.766,12386.162,12460.222,45729852778,akshare,深证成指,sz399001
2022-08-16,12470.648,12553.691,12441.965,12470.114,49021223935,akshare,深证成指,sz399001
2022-08-17,12481.705,12611.489,12391.445,12595.463,51186851356,akshare,深证成指,sz399001
2022-08-18,12557.34,12576.618,12496.786,12517.32,50257942458,akshare,深证成指,sz399001
2022-08-19,12504.483,12521.759,12358.545,12358.545,51874243881,akshare,深证成指,sz399001
2022-08-22,12320.875,12509.905,12291.822,12505.678,46380368057,akshare,深证成指,sz399001
2022-08-23,12481.242,12525.01,12405.583,12455.152,46067112903,akshare,深证成指,sz399001
2022-08-24,12484.438,12491.174,12082.443,12096.393,54203175856,akshare,深证成指,sz399001
2022-08-25,12130.756,12159.804,11949.763,12104.033,46836774953,akshare,深证成指,sz399001
2022-08-26,12142.053,12210.013,12039.741,12059.707,42320060709,akshare,深证成指,sz399001
2022-08-29,11911.17,12044.523,11890.487,12018.163,39538239238,akshare,深证成指,sz399001
2022-08-30,12013.919,12039.191,11904.997,11970.792,40945317310,akshare,深证成指,sz399001
2022-08-31,11909.308,11968.456,11743.692,11815.793,45983590281,akshare,深证成指,sz399001
2022-09-01,11789.821,11888.06,11696.577,11712.393,39319740470,akshare,深证成指,sz399001
2022-09-02,11753.6,11765.009,11644.027,11702.391,37128161442,akshare,深证成指,sz399001
2022-09-05,11667.045,11714.41,11597.728,11678.694,36534524969,akshare,深证成指,sz399001
2022-09-06,11702.166,11802.707,11624.821,11799.808,40259415897,akshare,深证成指,sz399001
2022-09-07,11743.471,11894.559,11724.278,11849.078,41741387793,akshare,深证成指,sz399001
2022-09-08,11858.525,11865.968,11739.571,11746.922,39504799083,akshare,深证成指,sz399001
2022-09-09,11780.82,11885.463,11750.444,11877.787,37561762853,akshare,深证成指,sz399001
2022-09-13,11936.584,11966.166,11874.191,11923.47,36503876921,akshare,深证成指,sz399001
2022-09-14,11751.114,11841.184,11703.76,11774.783,35532791627,akshare,深证成指,sz399001
2022-09-15,11823.799,11832.458,11427.506,11526.96,44303005956,akshare,深证成指,sz399001
2022-09-16,11492.688,11509.982,11261.498,11261.498,39266043328,akshare,深证成指,sz399001
2022-09-19,11241.783,11318.005,11149.976,11207.044,32959495883,akshare,深证成指,sz399001
2022-09-20,11274.857,11364.161,11229.91,11283.925,32049173843,akshare,深证成指,sz399001
2022-09-21,11245.835,11259.306,11117.365,11208.51,33390792934,akshare,深证成指,sz399001
2022-09-22,11122.112,11241.123,11094.736,11114.428,32162717257,akshare,深证成指,sz399001
2022-09-23,11105.758,11146.788,10899.586,11006.413,34092508482,akshare,深证成指,sz399001
2022-09-26,10921.644,11141.586,10908.965,10962.561,32720826132,akshare,深证成指,sz399001
2022-09-27,10999.102,11175.118,10959.815,11175.118,32091690707,akshare,深证成指,sz399001
2022-09-28,11136.179,11136.179,10899.695,10899.695,32397235191,akshare,深证成指,sz399001
2022-09-29,11023.827,11045.98,10864.492,10919.436,31450467150,akshare,深证成指,sz399001
2022-09-30,10925.008,10962.216,10777.905,10778.614,28322313182,akshare,深证成指,sz399001
2022-10-10,10788.688,10801.339,10500.767,10522.115,29815077335,akshare,深证成指,sz399001
2022-10-11,10555.063,10617.916,10487.661,10577.811,27728749849,akshare,深证成指,sz399001
2022-10-12,10568.012,10838.631,10402.058,10838.477,34713543952,akshare,深证成指,sz399001
2022-10-13,10762.665,10923.921,10737.304,10817.668,35245916921,akshare,深证成指,sz399001
2022-10-14,10914.185,11177.229,10890.194,11121.715,39034146984,akshare,深证成指,sz399001
2022-10-17,11059.229,11173.392,11041.582,11162.26,38248813267,akshare,深证成指,sz399001
2022-10-18,11223.146,11270.483,11135.465,11187.697,38814493339,akshare,深证成指,sz399001
2022-10-19,11154.127,11197.148,11027.241,11027.241,36558353892,akshare,深证成指,sz399001
2022-10-20,10948.432,11126.162,10832.085,10965.332,37534670116,akshare,深证成指,sz399001
2022-10-21,10955.842,11000.39,10875.183,10918.966,34383015050,akshare,深证成指,sz399001
2022-10-24,10908.743,11043.028,10635.351,10694.613,40722461196,akshare,深证成指,sz399001
2022-10-25,10644.67,10760.671,10510.914,10639.817,39193125953,akshare,深证成指,sz399001
2022-10-26,10664.429,10928.449,10657.018,10818.326,43841294300,akshare,深证成指,sz399001
2022-10-27,10843.344,10886.097,10750.142,10750.142,42656907962,akshare,深证成指,sz399001
2022-10-28,10659.695,10698.694,10368.913,10401.837,44010669005,akshare,深证成指,sz399001
2022-10-31,10304.199,10518.392,10301.711,10397.041,39502025610,akshare,深证成指,sz399001
2022-11-01,10420.945,10734.248,10395.56,10734.248,42496541008,akshare,深证成指,sz399001
2022-11-02,10704.249,10951.453,10687.214,10877.506,46641616638,akshare,深证成指,sz399001
2022-11-03,10766.219,10877.743,10754.291,10840.061,40092465859,akshare,深证成指,sz399001
2022-11-04,10848.3,11226.213,10848.3,11187.43,46611715800,akshare,深证成指,sz399001
2022-11-07,11184.162,11272.801,11127.25,11207.73,45513644380,akshare,深证成指,sz399001
2022-11-08,11202.439,11212.541,11055.078,11142.927,39951153048,akshare,深证成指,sz399001
2022-11-09,11149.368,11185.513,11049.328,11055.291,39369381117,akshare,深证成指,sz399001
2022-11-10,10964.938,10979.705,10848.477,10908.549,42639469990,akshare,深证成指,sz399001
2022-11-11,11217.108,11272.156,11085.934,11139.773,59827424735,akshare,深证成指,sz399001
2022-11-14,11177.065,11260.86,11067.887,11113.465,51824774205,akshare,深证成指,sz399001
2022-11-15,11100.231,11351.332,11069.148,11351.332,50367125916,akshare,深证成指,sz399001
2022-11-16,11336.071,11385.865,11220.33,11235.558,46618738063,akshare,深证成指,sz399001
2022-11-17,11199.621,11221.454,11077.595,11221.454,43882270847,akshare,深证成指,sz399001
2022-11-18,11229.111,11310.225,11171.194,11180.429,49222165782,akshare,深证成指,sz399001
2022-11-21,11086.686,11137.629,11014.958,11134.466,42052447893,akshare,深证成指,sz399001
2022-11-22,11113.315,11151.999,10960.885,11002.935,43375629709,akshare,深证成指,sz399001
2022-11-23,10970.999,11025.479,10842.589,10972.809,40579967384,akshare,深证成指,sz399001
2022-11-24,11019.474,11061.355,10927.854,10956.685,37626282600,akshare,深证成指,sz399001
2022-11-25,10928.153,10962.138,10881.082,10904.266,36896049502,akshare,深证成指,sz399001
2022-11-28,10708.556,10833.268,10657.888,10829.08,37538158328,akshare,深证成指,sz399001
2022-11-29,10891.724,11112.728,10888.537,11089.012,46971468464,akshare,深证成指,sz399001
2022-11-30,11071.312,11140.496,11044.03,11108.497,47740024879,akshare,深证成指,sz399001
2022-12-01,11282.463,11350.484,11262.812,11264.157,49470577158,akshare,深证成指,sz399001
2022-12-02,11238.441,11312.318,11206.78,11219.793,42885201734,akshare,深证成指,sz399001
2022-12-05,11292.34,11338.864,11250.623,11323.345,48937488323,akshare,深证成指,sz399001
2022-12-06,11278.485,11465.414,11264.471,11398.82,45579641014,akshare,深证成指,sz399001
2022-12-07,11365.981,11504.394,11358.682,11418.764,44550081255,akshare,深证成指,sz399001
2022-12-08,11403.19,11429.766,11343.568,11389.793,44001980129,akshare,深证成指,sz399001
2022-12-09,11397.097,11511.317,11360.149,11501.578,46434589244,akshare,深证成指,sz399001
2022-12-12,11453.256,11457.094,11392.891,11399.135,43032904135,akshare,深证成指,sz399001
2022-12-13,11398.84,11400.011,11312.1,11323.704,40909216984,akshare,深证成指,sz399001
2022-12-14,11341.958,11375.224,11298.435,11321.812,40611174112,akshare,深证成指,sz399001
2022-12-15,11306.793,11371.179,11269.611,11358.106,39268917262,akshare,深证成指,sz399001
2022-12-16,11289.519,11327.27,11234.618,11295.027,40400994659,akshare,深证成指,sz399001
2022-12-19,11286.661,11329.556,11083.852,11124.701,40070534965,akshare,深证成指,sz399001
2022-12-20,11092.857,11092.857,10908.526,10949.12,32821820964,akshare,深证成指,sz399001
2022-12-21,10966.312,11001.152,10872.27,10912.09,31518279498,akshare,深证成指,sz399001
2022-12-22,10976.575,11034.673,10840.302,10876.31,34740856690,akshare,深证成指,sz399001
2022-12-23,10811.572,10918.179,10794.138,10849.637,31596722736,akshare,深证成指,sz399001
2022-12-26,10858.326,10996.638,10858.326,10978.985,31866416759,akshare,深证成指,sz399001
2022-12-27,11010.93,11115.771,11000.11,11106.503,34769681610,akshare,深证成指,sz399001
2022-12-28,11055.062,11061.188,10975.134,11010.529,34622647768,akshare,深证成指,sz399001
2022-12-29,10971.272,11064.024,10956.95,10996.41,32309466459,akshare,深证成指,sz399001
2022-12-30,11046.066,11071.93,11013.322,11015.986,32254053338,akshare,深证成指,sz399001
2023-01-03,11003.047,11134.961,10921.419,11117.13,39789964322,akshare,深证成指,sz399001
2023-01-04,11099.147,11149.153,11035.772,11095.373,41214408411,akshare,深证成指,sz399001
2023-01-05,11136.771,11346.22,11136.771,11332.011,41085381639,akshare,深证成指,sz399001
2023-01-06,11327.025,11443.448,11314.347,11367.732,40714402732,akshare,深证成指,sz399001
2023-01-09,11411.37,11490.595,11408.665,11450.147,36031347200,akshare,深证成指,sz399001
2023-01-10,11455.603,11526.279,11413.992,11506.794,34200840627,akshare,深证成指,sz399001
2023-01-11,11498.97,11563.78,11424.255,11439.439,34915980416,akshare,深证成指,sz399001
2023-01-12,11470.606,11528.927,11425.105,11465.728,34007263376,akshare,深证成指,sz399001
2023-01-13,11509.205,11602.305,11489.187,11602.305,33143448620,akshare,深证成指,sz399001
2023-01-16,11612.362,11886.947,11612.362,11785.768,39275666396,akshare,深证成指,sz399001
2023-01-17,11794.957,11830.577,11746.761,11800.553,33137576950,akshare,深证成指,sz399001
2023-01-18,11813.379,11855.44,11793.323,11810.66,31438250579,akshare,深证成指,sz399001
2023-01-19,11796.396,11913.264,11763.818,11913.264,32662191320,akshare,深证成指,sz399001
2023-01-20,11942.147,11997.526,11931.881,11980.62,34345669129,akshare,深证成指,sz399001
2023-01-30,12229.377,12246.015,12088.237,12097.763,48592554879,akshare,深证成指,sz399001
2023-01-31,12076.14,12115.447,11987.012,12001.265,44544997731,akshare,深证成指,sz399001
2023-02-01,12034.881,12158.19,11984.451,12158.19,49865671327,akshare,深证成指,sz399001
2023-02-02,12187.551,12208.877,12107.519,12131.201,49073537831,akshare,深证成指,sz399001
2023-02-03,12086.283,12095.388,11904.277,12054.295,44799247435,akshare,深证成指,sz399001
2023-02-06,11957.271,11977.244,11841.669,11912.562,42421989159,akshare,深证成指,sz399001
2023-02-07,11936.361,11958.225,11864.72,11926.88,44082203393,akshare,深证成指,sz399001
2023-02-08,11939.861,11957.011,11843.288,11853.463,42827227893,akshare,深证成指,sz399001
2023-02-09,11821.958,12048.271,11811.982,12048.271,44255161842,akshare,深证成指,sz399001
2023-02-10,12031.718,12062.163,11917.743,11976.853,45816354627,akshare,深证成指,sz399001
2023-02-13,11964.747,12116.04,11952.603,12113.607,46650020487,akshare,深证成指,sz399001
2023-02-14,12142.835,12143.29,12035.552,12094.94,44809979757,akshare,深证成指,sz399001
2023-02-15,12103.718,12132.804,12036.233,12064.378,46423708462,akshare,深证成指,sz399001
2023-02-16,12064.044,12163.969,11826.722,11907.399,60310966806,akshare,深证成指,sz399001
2023-02-17,11894.884,11927.106,11713.8,11715.769,45250226800,akshare,深证成指,sz399001
2023-02-20,11717.685,11956.895,11681.532,11954.128,43848704697,akshare,深证成指,sz399001
2023-02-21,11947.652,12005.0,11886.238,11968.604,43015639827,akshare,深证成指,sz399001
2023-02-22,11892.14,11963.212,11868.794,11900.122,36959389647,akshare,深证成指,sz399001
2023-02-23,11895.463,11963.144,11829.869,11884.305,38270185474,akshare,深证成指,sz399001
2023-02-24,11887.769,11889.235,11742.73,11787.453,32640550192,akshare,深证成指,sz399001
2023-02-27,11728.095,11781.282,11678.797,11701.946,33779567322,akshare,深证成指,sz399001
2023-02-28,11745.158,11792.68,11666.373,11783.798,34666245659,akshare,深证成指,sz399001
2023-03-01,11783.765,11931.098,11751.362,11914.318,41527377498,akshare,深证成指,sz399001
2023-03-02,11902.17,11929.146,11837.121,11849.508,43098305339,akshare,深证成指,sz399001
2023-03-03,11862.16,11895.974,11770.343,11851.918,38688633111,akshare,深证成指,sz399001
2023-03-06,11850.822,11862.372,11742.128,11842.885,38584328876,akshare,深证成指,sz399001
2023-03-07,11824.171,11839.614,11606.194,11608.583,40896713247,akshare,深证成指,sz399001
2023-03-08,11566.567,11617.94,11534.665,11598.288,31456755395,akshare,深证成指,sz399001
2023-03-09,11605.936,11637.026,11525.233,11579.993,32839119354,akshare,深证成指,sz399001
2023-03-10,11513.662,11535.537,11437.985,11442.537,36121706587,akshare,深证成指,sz399001
2023-03-13,11405.137,11511.123,11396.611,11505.023,36338344592,akshare,深证成指,sz399001
2023-03-14,11483.645,11486.558,11282.577,11416.569,39755973534,akshare,深证成指,sz399001
2023-03-15,11485.948,11537.724,11408.189,11413.433,35058963027,akshare,深证成指,sz399001
2023-03-16,11336.755,11381.732,11223.098,11237.704,35760653174,akshare,深证成指,sz399001
2023-03-17,11328.373,11388.524,11245.146,11278.046,40588290028,akshare,深证成指,sz399001
2023-03-20,11289.961,11342.027,11231.014,11247.135,43832066409,akshare,深证成指,sz399001
2023-03-21,11270.066,11427.247,11270.066,11427.247,38709306082,akshare,深证成指,sz399001
2023-03-22,11459.829,11521.417,11448.191,11496.931,44598282516,akshare,深证成指,sz399001
2023-03-23,11457.785,11605.289,11442.945,11605.289,43789564710,akshare,深证成指,sz399001
2023-03-24,11616.464,11648.538,11581.425,11634.22,47851508750,akshare,深证成指,sz399001
2023-03-27,11621.923,11659.0,11558.38,11647.938,49423391252,akshare,深证成指,sz399001
2023-03-28,11637.508,11649.152,11548.418,11564.45,44569858663,akshare,深证成指,sz399001
2023-03-29,11584.915,11623.426,11538.172,11579.915,41362827260,akshare,深证成指,sz399001
2023-03-30,11578.327,11656.48,11505.55,11651.831,39213346131,akshare,深证成指,sz399001
2023-03-31,11666.308,11737.283,11657.571,11726.397,39957495071,akshare,深证成指,sz399001
2023-04-03,11751.68,11898.761,11751.68,11889.42,49768451758,akshare,深证成指,sz399001
2023-04-04,11878.159,11885.384,11792.236,11859.477,50815766955,akshare,深证成指,sz399001
2023-04-06,11787.354,11874.796,11778.804,11866.311,45447063629,akshare,深证成指,sz399001
2023-04-07,11867.87,11979.593,11858.497,11967.743,42764390844,akshare,深证成指,sz399001
2023-04-10,11987.684,11992.324,11845.884,11871.928,47824674309,akshare,深证成指,sz399001
2023-04-11,11866.348,11914.322,11819.762,11877.147,42299901539,akshare,深证成指,sz399001
2023-04-12,11873.261,11912.952,11842.259,11883.514,45212899453,akshare,深证成指,sz399001
2023-04-13,11836.821,11844.398,11727.891,11739.842,47019567565,akshare,深证成指,sz399001
2023-04-14,11760.433,11816.677,11737.304,11800.094,43977380412,akshare,深证成指,sz399001
2023-04-17,11783.677,11855.484,11781.293,11855.484,42341304207,akshare,深证成指,sz399001
2023-04-18,11834.771,11891.112,11818.255,11860.399,39786667004,akshare,深证成指,sz399001
2023-04-19,11844.316,11844.316,11743.851,11760.271,41492310488,akshare,深证成指,sz399001
2023-04-20,11751.384,11751.384,11659.653,11717.264,43395332681,akshare,深证成指,sz399001
2023-04-21,11729.804,11751.415,11450.128,11450.435,47931197873,akshare,深证成指,sz399001
2023-04-24,11442.375,11452.914,11265.769,11317.012,42715528699,akshare,深证成指,sz399001
2023-04-25,11307.09,11320.447,11034.18,11149.011,46377350473,akshare,深证成指,sz399001
2023-04-26,11101.177,11244.04,11088.197,11185.683,43856541338,akshare,深证成指,sz399001
2023-04-27,11140.895,11258.759,11128.107,11216.997,41568532176,akshare,深证成指,sz399001
2023-04-28,11228.464,11340.463,11228.464,11338.666,45347249795,akshare,深证成指,sz399001
2023-05-04,11310.348,11329.0,11242.12,11273.866,48189682724,akshare,深证成指,sz399001
2023-05-05,11260.619,11262.331,11124.913,11180.872,44189203701,akshare,深证成指,sz399001
2023-05-08,11206.333,11234.921,11158.828,11225.774,43926151847,akshare,深证成指,sz399001
2023-05-09,11208.743,11265.328,11121.974,11125.021,47950740824,akshare,深证成指,sz399001
2023-05-10,11101.012,11177.811,11043.363,11140.188,39384808239,akshare,深证成指,sz399001
2023-05-11,11158.723,11200.905,11136.257,11142.525,38454948059,akshare,深证成指,sz399001
2023-05-12,11131.296,11172.705,11004.264,11005.644,36718698679,akshare,深证成指,sz399001
2023-05-15,11019.7,11178.623,10995.703,11178.623,38414633661,akshare,深证成指,sz399001
2023-05-16,11182.356,11182.356,11069.44,11099.258,35321529250,akshare,深证成指,sz399001
2023-05-17,11084.558,11120.97,11036.772,11091.084,32593515785,akshare,深证成指,sz399001
2023-05-18,11108.325,11144.476,11024.086,11078.282,37116664332,akshare,深证成指,sz399001
2023-05-19,11061.753,11145.507,11034.633,11091.359,35512099598,akshare,深证成指,sz399001
2023-05-22,11083.382,11159.309,11037.21,11127.037,34519748458,akshare,深证成指,sz399001
2023-05-23,11124.258,11137.631,11012.576,11012.576,33933034837,akshare,深证成指,sz399001
2023-05-24,10976.729,11028.567,10920.327,10920.327,34516650851,akshare,深证成指,sz399001
2023-05-25,10915.115,10954.243,10801.221,10896.582,37697817032,akshare,深证成指,sz399001
2023-05-26,10889.27,10926.836,10798.654,10909.65,35709353675,akshare,深证成指,sz399001
2023-05-29,10942.666,10961.793,10790.5,10822.093,39472700050,akshare,深证成指,sz399001
2023-05-30,10799.401,10869.552,10697.871,10869.552,39734108619,akshare,深证成指,sz399001
2023-05-31,10849.813,10849.813,10732.421,10793.85,38807976631,akshare,深证成指,sz399001
2023-06-01,10758.888,10913.638,10735.509,10835.896,41904130927,akshare,深证成指,sz399001
2023-06-02,10875.31,11012.546,10875.31,10998.075,40644684503,akshare,深证成指,sz399001
2023-06-05,10990.729,10990.729,10903.048,10946.084,37580179445,akshare,深证成指,sz399001
2023-06-06,10928.515,10933.605,10752.225,10773.45,41493852039,akshare,深证成指,sz399001
2023-06-07,10783.311,10799.465,10681.476,10708.822,34852050059,akshare,深证成指,sz399001
2023-06-08,10710.91,10775.335,10648.14,10722.873,36961157246,akshare,深证成指,sz399001
2023-06-09,10733.517,10793.926,10697.36,10793.926,40849231536,akshare,深证成指,sz399001
2023-06-12,10769.021,10914.625,10752.012,10873.74,40374548860,akshare,深证成指,sz399001
2023-06-13,10855.442,10963.647,10853.57,10955.96,39754721097,akshare,深证成指,sz399001
2023-06-14,10976.507,11034.177,10962.447,10984.556,42561197675,akshare,深证成指,sz399001
2023-06-15,11011.947,11185.681,11011.847,11182.943,43062375341,akshare,深证成指,sz399001
2023-06-16,11194.55,11316.243,11183.794,11306.531,42416210956,akshare,深证成指,sz399001
2023-06-19,11305.785,11307.748,11244.422,11274.049,42676253950,akshare,深证成指,sz399001
2023-06-20,11260.148,11338.154,11248.139,11305.354,42383026548,akshare,深证成指,sz399001
2023-06-21,11262.842,11278.972,11058.634,11058.634,41543419225,akshare,深证成指,sz399001
2023-06-26,10963.616,11002.366,10848.723,10872.3,42179410366,akshare,深证成指,sz399001
2023-06-27,10879.489,10987.194,10863.657,10978.081,36735954442,akshare,深证成指,sz399001
2023-06-28,10947.895,10951.41,10792.347,10926.323,39600252892,akshare,深证成指,sz399001
2023-06-29,10909.082,10965.106,10880.876,10915.499,37809618549,akshare,深证成指,sz399001
2023-06-30,10897.419,11067.39,10883.567,11026.586,40273561563,akshare,深证成指,sz399001
2023-07-03,11059.313,11128.927,11028.239,11091.563,43854470579,akshare,深证成指,sz399001
2023-07-04,11080.638,11133.445,11055.256,11130.304,39638476184,akshare,深证成指,sz399001
2023-07-05,11129.118,11129.118,11014.39,11029.296,38398904277,akshare,深证成指,sz399001
2023-07-06,11001.866,11072.074,10954.154,10968.37,37699701992,akshare,深证成指,sz399001
2023-07-07,10939.285,10949.976,10852.964,10888.555,38265007966,akshare,深证成指,sz399001
2023-07-10,10926.356,10995.799,10901.837,10942.832,34134767991,akshare,深证成指,sz399001
2023-07-11,10953.884,11030.189,10933.232,11028.683,34793939959,akshare,深证成指,sz399001
2023-07-12,11020.361,11029.288,10905.848,10919.259,41472812187,akshare,深证成指,sz399001
2023-07-13,10963.234,11103.082,10963.234,11095.437,39560004851,akshare,深证成指,sz399001
2023-07-14,11108.925,11120.189,11069.318,11080.323,40116195826,akshare,深证成指,sz399001
2023-07-17,11039.126,11039.126,10963.475,11010.357,36326089187,akshare,深证成指,sz399001
2023-07-18,11030.976,11032.117,10947.509,10972.962,36157179060,akshare,深证成指,sz399001
2023-07-19,10959.044,10992.69,10876.96,10932.649,32775292392,akshare,深证成指,sz399001
2023-07-20,10947.626,10998.07,10804.353,10816.271,38571745208,akshare,深证成指,sz399001
2023-07-21,10801.335,10886.727,10775.348,10810.182,37190223088,akshare,深证成指,sz399001
2023-07-24,10771.645,10837.982,10730.937,10747.793,35323057385,akshare,深证成指,sz399001
2023-07-25,10909.186,11021.933,10909.186,11021.291,43813438688,akshare,深证成指,sz399001
2023-07-26,11001.86,11001.86,10942.413,10968.98,41490035549,akshare,深证成指,sz399001
2023-07-27,10985.585,11024.013,10904.743,10923.774,41947850867,akshare,深证成指,sz399001
2023-07-28,10895.482,11120.589,10877.405,11100.396,46826084365,akshare,深证成指,sz399001
2023-07-31,11158.722,11289.158,11153.724,11183.911,53495854044,akshare,深证成指,sz399001
2023-08-01,11168.502,11211.681,11102.841,11143.234,48096138203,akshare,深证成指,sz399001
2023-08-02,11120.864,11176.937,11073.229,11104.158,42848863701,akshare,深证成指,sz399001
2023-08-03,11067.75,11164.764,11067.292,11163.42,41594123937,akshare,深证成指,sz399001
2023-08-04,11229.464,11305.501,11185.902,11238.062,48604373358,akshare,深证成指,sz399001
2023-08-07,11207.581,11207.581,11113.141,11145.03,41652663256,akshare,深证成指,sz399001
2023-08-08,11126.689,11156.209,11075.45,11098.445,37919025828,akshare,深证成指,sz399001
2023-08-09,11068.529,11096.926,11023.368,11039.451,35938401196,akshare,深证成指,sz399001
2023-08-10,11023.244,11060.466,10974.504,11050.222,32237315451,akshare,深证成指,sz399001
2023-08-11,11060.849,11060.849,10808.865,10808.865,37180933416,akshare,深证成指,sz399001
2023-08-14,10697.813,10763.297,10607.711,10755.143,34568209228,akshare,深证成指,sz399001
2023-08-15,10764.799,10780.521,10589.848,10679.728,33254016732,akshare,深证成指,sz399001
2023-08-16,10640.131,10686.922,10579.473,10579.558,33397765170,akshare,深证成指,sz399001
2023-08-17,10540.438,10656.835,10469.794,10644.523,34946410771,akshare,深证成指,sz399001
2023-08-18,10637.678,10655.608,10458.511,10458.511,36391916361,akshare,深证成指,sz399001
2023-08-21,10432.947,10482.11,10320.393,10320.393,32154114358,akshare,深证成指,sz399001
2023-08-22,10376.859,10409.431,10198.012,10374.727,38655581560,akshare,深证成指,sz399001
2023-08-23,10351.701,10351.701,10151.822,10152.604,33688478548,akshare,深证成指,sz399001
2023-08-24,10203.143,10341.858,10153.439,10256.189,36698947898,akshare,深证成指,sz399001
2023-08-25,10197.957,10212.646,10091.862,10130.471,38752250803,akshare,深证成指,sz399001
2023-08-28,10714.693,10714.693,10204.981,10233.153,52925222606,akshare,深证成指,sz399001
2023-08-29,10204.248,10496.616,10200.85,10454.98,50772244234,akshare,深证成指,sz399001
2023-08-30,10477.644,10569.547,10446.462,10482.497,47583031554,akshare,深证成指,sz399001
2023-08-31,10471.994,10483.085,10405.956,10418.21,40193056516,akshare,深证成指,sz399001
2023-09-01,10449.603,10513.42,10429.592,10463.743,35993370996,akshare,深证成指,sz399001
2023-09-04,10520.458,10611.739,10473.189,10611.739,41616602282,akshare,深证成指,sz399001
2023-09-05,10593.68,10611.444,10522.892,10540.709,38645892881,akshare,深证成指,sz399001
2023-09-06,10503.154,10531.287,10449.158,10515.213,37387250710,akshare,深证成指,sz399001
2023-09-07,10493.368,10493.368,10321.377,10321.438,38846285661,akshare,深证成指,sz399001
2023-09-08,10284.48,10319.841,10233.714,10281.878,34340684579,akshare,深证成指,sz399001
2023-09-11,10290.809,10443.005,10256.234,10382.377,39410867597,akshare,深证成指,sz399001
2023-09-12,10376.164,10421.556,10349.333,10373.993,34376652554,akshare,深证成指,sz399001
2023-09-13,10351.789,10373.153,10200.701,10255.868,35691326682,akshare,深证成指,sz399001
2023-09-14,10243.245,10252.02,10154.637,10197.592,33557711844,akshare,深证成指,sz399001
2023-09-15,10213.613,10241.875,10115.281,10144.595,33221331524,akshare,深证成指,sz399001
2023-09-18,10111.669,10253.487,10093.466,10200.036,33534246692,akshare,深证成指,sz399001
2023-09-19,10185.073,10185.073,10082.672,10125.729,31689827030,akshare,深证成指,sz399001
2023-09-20,10110.414,10123.689,10072.459,10072.459,29483664553,akshare,深证成指,sz399001
2023-09-21,10050.48,10087.032,9981.523,9981.67,29704772564,akshare,深证成指,sz399001
2023-09-22,9975.368,10183.928,9962.938,10178.736,36744305355,akshare,深证成指,sz399001
2023-09-25,10181.179,10181.179,10105.21,10120.624,34471513958,akshare,深证成指,sz399001
2023-09-26,10110.063,10146.894,10060.151,10060.151,31556206164,akshare,深证成指,sz399001
2023-09-27,10057.992,10185.021,10057.168,10104.324,34530583077,akshare,深证成指,sz399001
2023-09-28,10131.655,10155.034,10085.086,10109.527,35256157593,akshare,深证成指,sz399001
2023-10-09,10095.706,10139.487,9991.17,10106.96,38636754647,akshare,深证成指,sz399001
2023-10-10,10133.02,10159.472,10044.669,10050.035,39690971684,akshare,深证成指,sz399001
2023-10-11,10088.144,10164.07,10058.333,10084.895,40842537668,akshare,深证成指,sz399001
2023-10-12,10145.491,10174.23,10097.106,10168.494,40371165198,akshare,深证成指,sz399001
2023-10-13,10110.378,10110.378,10028.739,10068.282,40753513350,akshare,深证成指,sz399001
2023-10-16,10065.065,10065.967,9889.659,9924.92,42546544654,akshare,深证成指,sz399001
2023-10-17,9944.682,9958.981,9888.091,9940.218,37732827648,akshare,深证成指,sz399001
2023-10-18,9914.021,9914.021,9809.37,9816.676,39240657735,akshare,深证成指,sz399001
2023-10-19,9757.186,9784.533,9654.971,9655.086,39422585237,akshare,深证成指,sz399001
2023-10-20,9605.291,9665.811,9554.627,9570.357,36815152567,akshare,深证成指,sz399001
2023-10-23,9552.548,9552.548,9373.756,9425.976,38320756765,akshare,深证成指,sz399001
2023-10-24,9458.328,9523.896,9380.793,9483.903,40126378626,akshare,深证成指,sz399001
2023-10-25,9573.67,9617.672,9524.823,9528.307,44014524321,akshare,深证成指,sz399001
2023-10-26,9470.489,9571.159,9432.839,9566.103,43571534283,akshare,深证成指,sz399001
2023-10-27,9535.646,9805.695,9513.324,9770.844,47734287777,akshare,深证成指,sz399001
2023-10-30,9759.225,9952.426,9759.169,9927.994,49123327646,akshare,深证成指,sz399001
2023-10-31,9924.722,9927.446,9814.979,9863.804,45425317677,akshare,深证成指,sz399001
2023-11-01,9897.926,9901.368,9808.396,9826.731,40768406819,akshare,深证成指,sz399001
2023-11-02,9842.562,9879.268,9733.392,9734.767,40306557782,akshare,深证成指,sz399001
2023-11-03,9747.824,9886.863,9747.824,9853.89,40951344868,akshare,深证成指,sz399001
2023-11-06,9922.45,10080.001,9922.45,10071.556,51475483763,akshare,深证成指,sz399001
2023-11-07,10047.141,10088.083,10000.547,10056.493,48968290724,akshare,深证成指,sz399001
2023-11-08,10032.235,10101.553,9986.841,10052.086,51634227155,akshare,深证成指,sz399001
2023-11-09,10037.557,10099.999,10004.056,10032.086,46708994001,akshare,深证成指,sz399001
2023-11-10,9987.465,9997.785,9939.103,9978.542,39288374185,akshare,深证成指,sz399001
2023-11-13,10012.851,10033.514,9936.708,9988.828,42399804068,akshare,深证成指,sz399001
2023-11-14,9988.513,10056.863,9963.55,10005.558,44445218290,akshare,深证成指,sz399001
2023-11-15,10111.833,10122.204,10048.458,10077.963,47766677307,akshare,深证成指,sz399001
2023-11-16,10053.805,10064.913,9954.4,9954.4,42672726332,akshare,深证成指,sz399001
2023-11-17,9924.156,9980.379,9914.479,9979.687,41739648391,akshare,深证成指,sz399001
2023-11-20,9986.925,10050.834,9924.443,10022.697,46381412410,akshare,深证成指,sz399001
2023-11-21,10050.477,10113.188,9981.114,9997.088,53072003436,akshare,深证成指,sz399001
2023-11-22,9957.538,9975.094,9855.66,9855.66,48218537771,akshare,深证成指,sz399001
2023-11-23,9846.683,9938.842,9814.17,9933.02,44845244255,akshare,深证成指,sz399001
2023-11-24,9932.973,9932.973,9816.275,9839.521,44822423431,akshare,深证成指,sz399001
2023-11-27,9829.551,9829.551,9736.781,9785.566,41612676617,akshare,深证成指,sz399001
2023-11-28,9781.539,9835.137,9742.005,9833.456,38472664549,akshare,深证成指,sz399001
2023-11-29,9826.015,9827.739,9733.319,9744.393,38706291701,akshare,深证成指,sz399001
2023-11-30,9728.379,9768.904,9677.772,9726.915,38367995114,akshare,深证成指,sz399001
2023-12-01,9723.927,9752.021,9624.918,9720.571,41774804885,akshare,深证成指,sz399001
2023-12-04,9715.475,9736.114,9660.444,9660.444,41681321814,akshare,深证成指,sz399001
2023-12-05,9628.277,9628.277,9470.36,9470.36,40321708880,akshare,深证成指,sz399001
2023-12-06,9451.163,9599.578,9446.882,9533.246,40266961307,akshare,深证成指,sz399001
2023-12-07,9518.449,9561.976,9456.978,9519.907,39325178823,akshare,深证成指,sz399001
2023-12-08,9531.047,9592.916,9500.81,9553.923,43642689878,akshare,深证成指,sz399001
2023-12-11,9496.464,9649.869,9406.697,9632.611,42147293923,akshare,深证成指,sz399001
2023-12-12,9616.134,9648.973,9593.347,9625.265,37620663078,akshare,深证成指,sz399001
2023-12-13,9606.482,9606.482,9476.623,9476.623,36734097989,akshare,深证成指,sz399001
2023-12-14,9527.419,9578.603,9413.811,9417.972,36622561219,akshare,深证成指,sz399001
2023-12-15,9449.889,9507.431,9368.471,9385.333,35945750738,akshare,深证成指,sz399001
2023-12-18,9346.951,9376.675,9258.962,9279.389,35352830299,akshare,深证成指,sz399001
2023-12-19,9270.198,9331.993,9225.009,9289.336,31794896148,akshare,深证成指,sz399001
2023-12-20,9303.085,9310.859,9158.438,9158.438,32405114902,akshare,深证成指,sz399001
2023-12-21,9122.414,9286.066,9106.146,9257.091,36168520018,akshare,深证成指,sz399001
2023-12-22,9247.075,9331.121,9186.027,9221.313,39602429128,akshare,深证成指,sz399001
2023-12-25,9200.648,9268.266,9200.648,9256.283,31207962631,akshare,深证成指,sz399001
2023-12-26,9248.07,9248.491,9124.807,9157.25,31361598077,akshare,深证成指,sz399001
2023-12-27,9170.255,9211.419,9121.167,9191.741,32807413912,akshare,深证成指,sz399001
2023-12-28,9182.847,9476.802,9166.582,9441.055,41093410375,akshare,深证成指,sz399001
2023-12-29,9434.58,9534.677,9427.915,9524.689,39414751848,akshare,深证成指,sz399001
2024-01-02,9527.105,9527.105,9401.348,9401.348,38596954271,akshare,深证成指,sz399001
2024-01-03,9378.687,9405.09,9280.816,9330.864,36681390123,akshare,深证成指,sz399001
2024-01-04,9317.399,9317.399,9171.129,9215.245,33057226462,akshare,深证成指,sz399001
2024-01-05,9205.394,9275.229,9074.929,9116.442,36584000431,akshare,深证成指,sz399001
2024-01-08,9095.705,9119.122,8947.724,8947.724,33819316256,akshare,深证成指,sz399001
2024-01-09,8960.973,9042.447,8912.029,8971.719,34925480540,akshare,深证成指,sz399001
2024-01-10,8938.449,9035.188,8857.968,8922.794,34094162952,akshare,深证成指,sz399001
2024-01-11,8918.23,9099.224,8898.195,9053.883,37985442252,akshare,深证成指,sz399001
2024-01-12,9026.737,9095.607,8995.414,8996.256,37224375935,akshare,深证成指,sz399001
2024-01-15,8957.716,9045.547,8912.445,8963.926,32173681823,akshare,深证成指,sz399001
2024-01-16,8946.935,9002.343,8871.188,8992.072,36727810980,akshare,深证成指,sz399001
2024-01-17,8968.526,8968.526,8759.758,8759.758,33560351031,akshare,深证成指,sz399001
2024-01-18,8706.142,8858.396,8585.2,8847.003,44359667870,akshare,深证成指,sz399001
2024-01-19,8821.765,8890.119,8771.581,8787.024,33407864814,akshare,深证成指,sz399001
2024-01-22,8769.393,8769.393,8430.614,8479.55,41997942010,akshare,深证成指,sz399001
2024-01-23,8465.003,8638.896,8402.063,8596.281,37823542938,akshare,深证成指,sz399001
2024-01-24,8633.168,8693.082,8404.068,8682.187,40808601165,akshare,深证成指,sz399001
2024-01-25,8661.446,8858.208,8621.184,8856.224,43498171413,akshare,深证成指,sz399001
2024-01-26,8809.764,8859.628,8746.096,8762.329,41194846598,akshare,深证成指,sz399001
2024-01-29,8775.384,8800.644,8581.759,8581.759,39432566176,akshare,深证成指,sz399001
2024-01-30,8523.737,8579.595,8370.06,8375.981,33872631922,akshare,深证成指,sz399001
2024-01-31,8340.718,8408.666,8208.447,8212.845,43125459652,akshare,深证成指,sz399001
2024-02-01,8172.811,8371.38,8134.813,8240.482,39724642481,akshare,深证成指,sz399001
2024-02-02,8239.502,8300.75,7840.621,8055.775,46859511630,akshare,深证成指,sz399001
2024-02-05,7987.336,8171.765,7683.626,7964.712,53704465055,akshare,深证成指,sz399001
2024-02-06,7886.32,8471.278,7880.405,8460.379,59207592588,akshare,深证成指,sz399001
2024-02-07,8464.874,8724.174,8445.706,8708.24,61678023989,akshare,深证成指,sz399001
2024-02-08,8750.536,8975.053,8742.949,8820.603,62641426750,akshare,深证成指,sz399001
2024-02-19,8957.275,8957.275,8797.459,8902.334,55736510069,akshare,深证成指,sz399001
2024-02-20,8857.504,8919.808,8798.435,8905.962,44177586265,akshare,深证成指,sz399001
2024-02-21,8829.704,9130.034,8798.366,8975.974,54363489574,akshare,深证成指,sz399001
2024-02-22,8971.439,9050.273,8946.244,9043.748,45808948952,akshare,深证成指,sz399001
2024-02-23,9074.614,9077.563,8971.341,9069.415,52027504073,akshare,深证成指,sz399001
2024-02-26,9070.222,9154.598,9023.325,9066.087,55870130417,akshare,深证成指,sz399001
2024-02-27,9032.259,9269.568,9016.607,9269.568,53339610227,akshare,深证成指,sz399001
2024-02-28,9293.146,9391.524,9047.095,9047.095,76686411168,akshare,深证成指,sz399001
2024-02-29,9001.283,9334.943,9001.283,9330.443,56545599185,akshare,深证成指,sz399001
2024-03-01,9345.738,9452.634,9298.16,9434.747,53967112517,akshare,深证成指,sz399001
2024-03-04,9456.373,9486.703,9359.84,9438.244,53009940816,akshare,深证成指,sz399001
2024-03-05,9371.943,9448.734,9344.449,9416.805,51103531884,akshare,深证成指,sz399001
2024-03-06,9366.71,9487.188,9309.845,9395.654,46636105582,akshare,深证成指,sz399001
2024-03-07,9398.051,9454.535,9267.117,9267.117,51117810092,akshare,深证成指,sz399001
2024-03-08,9281.608,9386.746,9230.064,9369.046,43568736085,akshare,深证成指,sz399001
2024-03-11,9369.646,9581.656,9363.41,9581.534,49221442847,akshare,深证成指,sz399001
2024-03-12,9603.455,9649.743,9535.208,9630.545,56573750712,akshare,深证成指,sz399001
2024-03-13,9640.091,9674.14,9568.883,9604.993,52763140357,akshare,深证成指,sz399001
2024-03-14,9598.418,9675.471,9489.019,9555.416,50905804216,akshare,深证成指,sz399001
2024-03-15,9532.423,9616.495,9455.508,9612.75,47650683480,akshare,深证成指,sz399001
2024-03-18,9665.07,9752.834,9646.213,9752.834,56235512999,akshare,深证成指,sz399001
2024-03-19,9723.403,9785.098,9696.688,9696.688,53455197769,akshare,深证成指,sz399001
2024-03-20,9669.703,9725.306,9654.527,9717.373,51138902170,akshare,深证成指,sz399001
2024-03-21,9736.231,9758.335,9663.485,9682.51,55890739799,akshare,深证成指,sz399001
2024-03-22,9659.875,9680.214,9505.993,9565.563,56528197199,akshare,深证成指,sz399001
2024-03-25,9538.354,9601.837,9421.078,9422.612,52755832043,akshare,深证成指,sz399001
2024-03-26,9413.256,9490.754,9366.002,9449.43,48246175546,akshare,深证成指,sz399001
2024-03-27,9437.558,9437.671,9222.466,9222.466,46713889077,akshare,深证成指,sz399001
2024-03-28,9221.531,9440.308,9221.531,9342.919,47935618344,akshare,深证成指,sz399001
2024-03-29,9335.113,9400.853,9304.761,9400.853,44973506065,akshare,深证成指,sz399001
2024-04-01,9451.726,9647.072,9451.726,9647.072,51652537371,akshare,深证成指,sz399001
2024-04-02,9633.969,9633.969,9546.474,9586.952,53021053320,akshare,深证成指,sz399001
2024-04-03,9564.646,9575.556,9508.646,9544.766,49330954395,akshare,深证成指,sz399001
2024-04-08,9512.602,9525.954,9393.613,9394.606,47996796704,akshare,深证成指,sz399001
2024-04-09,9386.8,9449.654,9352.352,9448.98,41261307620,akshare,深证成指,sz399001
2024-04-10,9425.802,9425.802,9243.797,9297.96,44329488741,akshare,深证成指,sz399001
2024-04-11,9234.917,9378.435,9233.27,9300.771,41833678630,akshare,深证成指,sz399001
2024-04-12,9301.076,9343.182,9212.596,9228.234,41561290234,akshare,深证成指,sz399001
2024-04-15,9228.135,9407.068,9189.959,9369.701,54491736930,akshare,深证成指,sz399001
2024-04-16,9312.493,9341.97,9148.821,9155.069,53485412464,akshare,深证成指,sz399001
2024-04-17,9180.512,9381.772,9180.512,9381.772,50860042820,akshare,深证成指,sz399001
2024-04-18,9336.734,9477.133,9299.333,9376.806,48375148137,akshare,深证成指,sz399001
2024-04-19,9316.976,9351.956,9220.638,9279.46,43977363059,akshare,深证成指,sz399001
2024-04-22,9228.18,9327.591,9212.285,9239.14,41696598035,akshare,深证成指,sz399001
2024-04-23,9231.904,9269.715,9147.947,9183.141,39645906978,akshare,深证成指,sz399001
2024-04-24,9186.194,9254.646,9135.575,9251.134,41982115134,akshare,深证成指,sz399001
2024-04-25,9204.795,9329.405,9198.317,9264.48,42147288820,akshare,深证成指,sz399001
2024-04-26,9258.491,9471.293,9258.491,9463.907,54214171105,akshare,深证成指,sz399001
2024-04-29,9479.599,9718.358,9479.599,9673.758,58303815801,akshare,深证成指,sz399001
2024-04-30,9647.056,9662.558,9587.076,9587.124,52697389055,akshare,深证成指,sz399001
2024-05-06,9735.885,9804.199,9732.689,9779.211,52711364122,akshare,深证成指,sz399001
2024-05-07,9778.156,9804.761,9743.193,9770.938,49770195676,akshare,深证成指,sz399001
2024-05-08,9743.868,9743.868,9633.695,9638.817,46349654809,akshare,深证成指,sz399001
2024-05-09,9648.218,9805.115,9648.218,9788.068,45384490979,akshare,深证成指,sz399001
2024-05-10,9788.83,9805.921,9670.895,9731.237,47281377936,akshare,深证成指,sz399001
2024-05-13,9659.636,9720.476,9605.185,9673.319,44947077231,akshare,深证成指,sz399001
2024-05-14,9689.553,9736.285,9633.802,9668.727,42964808531,akshare,深证成指,sz399001
2024-05-15,9648.426,9659.035,9577.205,9583.541,41936225898,akshare,深证成指,sz399001
2024-05-16,9614.729,9668.848,9582.22,9604.131,46003333499,akshare,深证成指,sz399001
2024-05-17,9590.387,9709.423,9563.47,9709.422,48531203805,akshare,深证成指,sz399001
2024-05-20,9710.196,9779.36,9701.85,9750.822,52611108552,akshare,深证成指,sz399001
2024-05-21,9721.723,9730.279,9649.149,9681.66,44511548579,akshare,深证成指,sz399001
2024-05-22,9674.497,9709.005,9643.868,9693.055,43949777397,akshare,深证成指,sz399001
2024-05-23,9667.181,9672.178,9520.206,9541.643,46939843705,akshare,深证成指,sz399001
2024-05-24,9508.853,9578.734,9421.552,9424.577,41477801455,akshare,深证成指,sz399001
2024-05-27,9444.228,9511.144,9375.524,9507.745,41278560277,akshare,深证成指,sz399001
2024-05-28,9489.082,9494.769,9385.438,9391.052,40812739552,akshare,深证成指,sz399001
2024-05-29,9387.649,9460.626,9379.296,9414.979,40207974234,akshare,深证成指,sz399001
2024-05-30,9395.788,9441.488,9366.13,9384.724,39633005528,akshare,深证成指,sz399001
2024-05-31,9388.269,9455.335,9364.375,9364.375,39705545944,akshare,深证成指,sz399001
2024-06-03,9358.591,9422.073,9307.921,9370.497,44781001343,akshare,深证成指,sz399001
2024-06-04,9350.834,9486.745,9327.829,9469.315,41604094966,akshare,深证成指,sz399001
2024-06-05,9450.071,9509.78,9393.611,9393.611,39250075195,akshare,深证成指,sz399001
2024-06-06,9417.931,9446.882,9313.878,9340.01,49622024239,akshare,深证成指,sz399001
2024-06-07,9343.798,9366.337,9181.888,9255.684,39147903228,akshare,深证成指,sz399001
2024-06-11,9198.538,9282.71,9166.468,9262.347,35331045710,akshare,深证成指,sz399001
2024-06-12,9244.313,9299.357,9243.732,9269.936,35764513550,akshare,深证成指,sz399001
2024-06-13,9281.048,9296.365,9190.882,9206.236,37637815825,akshare,深证成指,sz399001
2024-06-14,9177.405,9265.965,9138.319,9252.251,39125311901,akshare,深证成指,sz399001
2024-06-17,9209.462,9298.007,9202.168,9281.254,35673941474,akshare,深证成指,sz399001
2024-06-18,9278.275,9329.994,9276.444,9318.469,38529707571,akshare,深证成指,sz399001
2024-06-19,9324.881,9325.854,9218.907,9219.069,36222183085,akshare,深证成指,sz399001
2024-06-20,9201.347,9225.021,9066.055,9068.851,38558222157,akshare,深证成指,sz399001
2024-06-21,9041.441,9100.83,9008.339,9064.845,32408565431,akshare,深证成指,sz399001
2024-06-24,9004.847,9030.708,8916.465,8924.172,37504983297,akshare,深证成指,sz399001
2024-06-25,8911.9,8948.225,8797.046,8850.289,34627226549,akshare,深证成指,sz399001
2024-06-26,8838.0,9001.028,8811.358,8987.302,37021958808,akshare,深证成指,sz399001
2024-06-27,8944.729,8947.958,8844.872,8849.697,34906759884,akshare,深证成指,sz399001
2024-06-28,8814.934,8960.956,8814.934,8848.699,36991165729,akshare,深证成指,sz399001
2024-07-01,8835.155,8914.197,8771.012,8899.166,34758199905,akshare,深证成指,sz399001
2024-07-02,8886.091,8895.552,8789.281,8812.673,36967793381,akshare,深证成指,sz399001
2024-07-03,8808.366,8827.086,8734.715,8760.434,34311117321,akshare,深证成指,sz399001
2024-07-04,8775.843,8820.997,8670.342,8673.826,35189402223,akshare,深证成指,sz399001
2024-07-05,8664.805,8719.708,8573.755,8695.548,31659874591,akshare,深证成指,sz399001
2024-07-08,8675.972,8675.972,8539.416,8561.95,33066109265,akshare,深证成指,sz399001
2024-07-09,8548.159,8733.871,8513.169,8705.943,39709760815,akshare,深证成指,sz399001
2024-07-10,8672.326,8762.766,8664.918,8697.216,35547625986,akshare,深证成指,sz399001
2024-07-11,8800.388,8890.756,8746.903,8870.356,42446059547,akshare,深证成指,sz399001
2024-07-12,8831.679,8885.36,8814.088,8854.083,36708770579,akshare,深证成指,sz399001
2024-07-15,8825.474,8834.034,8780.749,8801.624,33174716557,akshare,深证成指,sz399001
2024-07-16,8783.352,8881.774,8780.09,8877.018,32418099011,akshare,深证成指,sz399001
2024-07-17,8860.753,8884.792,8809.133,8835.144,33806544344,akshare,深证成指,sz399001
2024-07-18,8760.662,8880.437,8730.979,8879.326,34137726594,akshare,深证成指,sz399001
2024-07-19,8826.64,8932.079,8820.086,8903.232,31671569890,akshare,深证成指,sz399001
2024-07-22,8908.206,8925.436,8823.778,8869.817,31757526698,akshare,深证成指,sz399001
2024-07-23,8862.944,8862.944,8606.583,8606.583,35216664290,akshare,深证成指,sz399001
2024-07-24,8582.63,8640.331,8469.877,8493.096,34382104790,akshare,深证成指,sz399001
2024-07-25,8443.438,8524.814,8428.752,8474.704,30977628555,akshare,深证成指,sz399001
2024-07-26,8512.79,8617.646,8512.79,8597.174,32913678275,akshare,深证成指,sz399001
2024-07-29,8589.275,8589.275,8510.489,8514.647,32484641767,akshare,深证成指,sz399001
2024-07-30,8482.172,8488.519,8416.601,8468.582,34219157453,akshare,深证成指,sz399001
2024-07-31,8446.496,8754.928,8444.147,8754.087,49010042180,akshare,深证成指,sz399001
2024-08-01,8767.325,8799.09,8656.946,8673.577,42850008325,akshare,深证成指,sz399001
2024-08-02,8599.057,8697.491,8542.394,8553.551,41921627149,akshare,深证成指,sz399001
2024-08-05,8475.452,8646.855,8395.04,8395.054,45762539227,akshare,深证成指,sz399001
2024-08-06,8481.73,8525.716,8388.261,8463.863,40061456130,akshare,深证成指,sz399001
2024-08-07,8450.487,8505.134,8416.248,8449.582,35547603012,akshare,深证成指,sz399001
2024-08-08,8415.083,8514.666,8361.582,8446.208,38968860037,akshare,深证成指,sz399001
2024-08-09,8486.421,8527.644,8393.699,8393.699,37102703941,akshare,深证成指,sz399001
2024-08-12,8386.833,8419.702,8354.425,8373.471,33833603190,akshare,深证成指,sz399001
2024-08-13,8372.707,8409.24,8327.35,8409.224,30920159022,akshare,深证成指,sz399001
2024-08-14,8403.482,8403.482,8310.998,8310.998,31136059327,akshare,深证成指,sz399001
2024-08-15,8292.195,8439.686,8288.71,8370.123,40234645666,akshare,深证成指,sz399001
2024-08-16,8377.948,8408.386,8339.576,8349.87,39738232456,akshare,深证成指,sz399001
2024-08-19,8341.826,8437.884,8341.101,8356.897,37396241311,akshare,深证成指,sz399001
2024-08-20,8363.868,8367.383,8233.07,8252.868,38435236588,akshare,深证成指,sz399001
2024-08-21,8221.35,8297.098,8213.093,8229.75,34400568021,akshare,深证成指,sz399001
2024-08-22,8234.28,8247.947,8151.634,8162.175,36175883626,akshare,深证成指,sz399001
2024-08-23,8134.4,8207.59,8133.57,8181.917,34381374453,akshare,深证成指,sz399001
2024-08-26,8194.937,8225.994,8163.878,8194.646,34267835306,akshare,深证成指,sz399001
2024-08-27,8161.681,8168.042,8084.037,8103.759,33685015173,akshare,深证成指,sz399001
2024-08-28,8071.864,8098.313,8036.401,8078.819,32885869824,akshare,深证成指,sz399001
2024-08-29,8030.741,8191.37,8028.367,8154.439,37682840126,akshare,深证成指,sz399001
2024-08-30,8152.813,8453.659,8152.813,8348.478,52102637354,akshare,深证成指,sz399001
2024-09-02,8331.456,8340.383,8172.208,8172.208,43309610281,akshare,深证成指,sz399001
2024-09-03,8157.44,8294.768,8157.44,8268.05,37028373327,akshare,深证成指,sz399001
2024-09-04,8207.28,8297.82,8189.526,8226.241,36236838805,akshare,深证成指,sz399001
2024-09-05,8224.509,8297.938,8220.553,8249.659,34757508755,akshare,深证成指,sz399001
2024-09-06,8252.006,8260.69,8128.767,8130.77,36378777179,akshare,深证成指,sz399001
2024-09-09,8086.282,8129.54,8023.375,8063.27,33111943224,akshare,深证成指,sz399001
2024-09-10,8064.398,8113.689,7973.787,8073.833,34749537762,akshare,深证成指,sz399001
2024-09-11,8052.248,8139.702,8031.947,8105.385,31001736656,akshare,深证成指,sz399001
2024-09-12,8122.772,8176.052,8053.881,8054.243,33651741283,akshare,深证成指,sz399001
2024-09-13,8054.427,8084.353,7983.548,7983.548,34822022538,akshare,深证成指,sz399001
2024-09-18,7975.189,8017.384,7908.523,7992.253,33354474083,akshare,深证成指,sz399001
2024-09-19,8015.394,8161.222,7950.703,8087.604,41370148725,akshare,深证成指,sz399001
2024-09-20,8079.761,8092.496,8014.505,8075.142,38337072743,akshare,深证成指,sz399001
2024-09-23,8071.993,8163.104,8054.592,8083.382,36565600998,akshare,深证成指,sz399001
2024-09-24,8148.174,8435.706,8083.305,8435.704,58681255519,akshare,深证成指,sz399001
2024-09-25,8555.724,8738.412,8525.751,8537.731,71584781842,akshare,深证成指,sz399001
2024-09-26,8524.192,8916.802,8505.642,8916.646,70484299530,akshare,深证成指,sz399001
2024-09-27,9100.767,9619.769,9100.767,9514.864,94883654000,akshare,深证成指,sz399001
2024-09-30,9950.653,10556.934,9829.432,10529.757,132400053035,akshare,深证成指,sz399001
2024-10-08,11864.109,11864.109,10834.499,11495.101,158791179957,akshare,深证成指,sz399001
2024-10-09,11158.988,11295.099,10516.668,10557.812,127422156998,akshare,深证成指,sz399001
2024-10-10,10609.473,10823.368,10310.39,10471.081,96357328462,akshare,深证成指,sz399001
2024-10-11,10366.571,10378.46,9935.818,10060.739,76794500742,akshare,深证成指,sz399001
2024-10-14,10118.375,10361.692,9966.988,10327.4,76786473279,akshare,深证成指,sz399001
2024-10-15,10286.236,10424.137,10066.517,10066.517,80099233726,akshare,深证成指,sz399001
2024-10-16,9898.127,10112.788,9890.897,9965.024,70123816425,akshare,深证成指,sz399001
2024-10-17,10034.414,10123.225,9887.94,9891.763,75958300071,akshare,深证成指,sz399001
2024-10-18,9868.846,10607.808,9865.874,10357.677,95374309335,akshare,深证成指,sz399001
2024-10-21,10441.87,10636.16,10331.789,10470.914,96500262583,akshare,深证成指,sz399001
2024-10-22,10459.156,10604.783,10409.681,10559.51,92798535681,akshare,深证成指,sz399001
2024-10-23,10536.897,10721.367,10479.224,10576.413,92060793932,akshare,深证成指,sz399001
2024-10-24,10508.651,10533.842,10404.831,10441.746,74927242151,akshare,深证成指,sz399001
2024-10-25,10470.067,10733.068,10460.931,10619.849,86542105534,akshare,深证成指,sz399001
2024-10-28,10617.904,10685.891,10519.484,10685.891,95867413324,akshare,深证成指,sz399001
2024-10-29,10706.018,10729.568,10536.807,10543.328,103306751329,akshare,深证成指,sz399001
2024-10-30,10488.227,10596.223,10426.744,10530.849,93173321416,akshare,深证成指,sz399001
2024-10-31,10535.414,10693.843,10458.848,10591.218,110309471953,akshare,深证成指,sz399001
2024-11-01,10563.835,10629.812,10417.977,10455.502,118472029006,akshare,深证成指,sz399001
2024-11-04,10457.895,10663.097,10457.895,10663.097,82654902413,akshare,深证成指,sz399001
2024-11-05,10653.199,11030.623,10609.814,11006.938,107740888900,akshare,深证成指,sz399001
2024-11-06,11023.999,11177.688,10896.323,10968.142,121476775704,akshare,深证成指,sz399001
2024-11-07,10852.121,11235.921,10839.941,11235.921,122251344774,akshare,深证成指,sz399001
2024-11-08,11374.2,11410.979,11135.328,11161.702,125343281592,akshare,深证成指,sz399001
2024-11-11,11087.411,11390.479,11071.654,11388.566,112188089396,akshare,深证成指,sz399001
2024-11-12,11430.221,11560.354,11210.955,11314.459,113897492979,akshare,深证成指,sz399001
2024-11-13,11231.728,11380.496,11143.337,11359.289,91186378710,akshare,深证成指,sz399001
2024-11-14,11333.403,11335.362,11023.739,11037.782,83896742213,akshare,深证成指,sz399001
2024-11-15,10983.536,11065.417,10748.97,10748.97,84298445532,akshare,深证成指,sz399001
2024-11-18,10774.44,10816.512,10478.265,10544.022,87180347111,akshare,深证成指,sz399001
2024-11-19,10559.325,10748.602,10427.94,10743.844,77072145189,akshare,深证成指,sz399001
2024-11-20,10709.923,10875.451,10692.559,10827.188,81635677889,akshare,深证成指,sz399001
2024-11-21,10787.929,10867.406,10739.281,10819.877,81837576465,akshare,深证成指,sz399001
2024-11-22,10785.519,10836.694,10438.722,10438.722,92594828048,akshare,深证成指,sz399001
2024-11-25,10462.44,10505.239,10282.497,10420.521,77022626653,akshare,深证成指,sz399001
2024-11-26,10387.005,10480.957,10330.454,10333.226,71183213494,akshare,深证成指,sz399001
2024-11-27,10284.721,10566.101,10202.226,10566.101,79557129618,akshare,深证成指,sz399001
2024-11-28,10560.41,10581.594,10416.331,10432.54,85088787686,akshare,深证成指,sz399001
2024-11-29,10406.079,10727.083,10406.079,10611.719,89215787876,akshare,深证成指,sz399001
2024-12-02,10595.473,10777.693,10583.721,10756.548,93752318422,akshare,深证成指,sz399001
2024-12-03,10757.493,10761.441,10625.476,10713.578,93970902205,akshare,深证成指,sz399001
2024-12-04,10700.058,10717.56,10556.602,10604.012,93081650252,akshare,深证成指,sz399001
2024-12-05,10565.027,10674.771,10565.027,10634.489,84466366148,akshare,深证成指,sz399001
2024-12-06,10642.893,10860.246,10618.761,10791.339,102934032914,akshare,深证成指,sz399001
2024-12-09,10780.984,10821.506,10668.331,10731.659,95515594718,akshare,深证成指,sz399001
2024-12-10,11124.782,11134.553,10792.015,10812.584,117138802611,akshare,深证成指,sz399001
2024-12-11,10781.097,10884.06,10781.084,10848.423,101227283475,akshare,深证成指,sz399001
2024-12-12,10846.545,10967.278,10813.792,10957.129,104058705015,akshare,深证成指,sz399001
2024-12-13,10876.19,10876.19,10709.14,10713.072,107554718202,akshare,深证成指,sz399001
2024-12-16,10705.517,10721.71,10535.526,10573.919,92267696201,akshare,深证成指,sz399001
2024-12-17,10557.231,10677.743,10526.256,10537.429,85814053161,akshare,深证成指,sz399001
2024-12-18,10561.936,10639.77,10535.761,10584.27,74084662199,akshare,深证成指,sz399001
2024-12-19,10483.504,10673.962,10460.196,10649.034,76069334340,akshare,深证成指,sz399001
2024-12-20,10631.444,10731.076,10618.794,10646.617,73237537835,akshare,深证成指,sz399001
2024-12-23,10650.575,10708.823,10527.146,10537.402,79568783045,akshare,深证成指,sz399001
2024-12-24,10548.146,10673.337,10548.146,10671.428,66497704116,akshare,深证成指,sz399001
2024-12-25,10675.729,10677.647,10544.88,10603.1,66796306236,akshare,深证成指,sz399001
2024-12-26,10586.957,10692.887,10570.086,10673.969,59399742654,akshare,深证成指,sz399001
2024-12-27,10679.344,10780.532,10632.525,10659.976,67993458784,akshare,深证成指,sz399001
2024-12-30,10644.153,10726.66,10632.744,10671.155,60905276931,akshare,深证成指,sz399001
2024-12-31,10668.168,10678.771,10414.611,10414.611,64665300880,akshare,深证成指,sz399001
2025-01-02,10400.664,10409.613,10006.556,10088.059,68111670937,akshare,深证成指,sz399001
2025-01-03,10097.932,10139.989,9891.84,9897.12,68523525692,akshare,深证成指,sz399001
2025-01-06,9890.984,9975.992,9817.751,9885.654,58623548268,akshare,深证成指,sz399001
2025-01-07,9860.578,10000.341,9822.001,9998.757,58891906830,akshare,深证成指,sz399001
2025-01-08,9940.197,10016.219,9731.438,9944.641,68356138045,akshare,深证成指,sz399001
2025-01-09,9906.909,10021.939,9901.635,9976.004,60520292074,akshare,深证成指,sz399001
2025-01-10,9957.834,10004.061,9795.943,9795.943,61636098545,akshare,深证成指,sz399001
2025-01-13,9697.448,9866.361,9693.8,9796.177,50480043564,akshare,深证成指,sz399001
2025-01-14,9822.349,10178.671,9788.761,10165.169,69071645495,akshare,深证成指,sz399001
2025-01-15,10139.78,10147.264,10038.298,10060.13,62657312976,akshare,深证成指,sz399001
2025-01-16,10110.415,10249.621,10011.167,10101.095,67961881355,akshare,深证成指,sz399001
2025-01-17,10059.989,10227.711,10059.157,10161.321,57621440908,akshare,深证成指,sz399001
2025-01-20,10240.715,10333.158,10225.344,10256.396,58773577977,akshare,深证成指,sz399001
2025-01-21,10323.12,10325.688,10205.986,10305.693,59739678942,akshare,深证成指,sz399001
2025-01-22,10263.042,10272.591,10161.998,10225.871,53343230020,akshare,深证成指,sz399001
2025-01-23,10323.446,10411.473,10176.174,10176.174,64807888595,akshare,深证成指,sz399001
2025-01-24,10141.406,10315.375,10141.406,10292.729,58994433015,akshare,深证成指,sz399001
2025-01-27,10299.971,10329.607,10156.066,10156.066,53284741781,akshare,深证成指,sz399001
2025-02-05,10237.706,10241.369,10124.195,10164.224,58326774483,akshare,深证成指,sz399001
2025-02-06,10142.85,10393.634,10135.153,10393.634,71099013431,akshare,深证成指,sz399001
2025-02-07,10410.035,10666.739,10384.246,10576.003,88720613135,akshare,深证成指,sz399001
2025-02-10,10608.606,10645.961,10532.119,10631.246,81642797871,akshare,深证成指,sz399001
2025-02-11,10640.837,10640.837,10524.01,10557.622,77022717337,akshare,深证成指,sz399001
2025-02-12,10529.414,10709.268,10513.228,10708.884,76233590457,akshare,深证成指,sz399001
2025-02-13,10691.459,10739.508,10621.09,10626.624,83933051636,akshare,深证成指,sz399001
2025-02-14,10616.02,10760.86,10616.02,10749.456,78638009726,akshare,深证成指,sz399001
2025-02-17,10820.958,10829.822,10711.43,10791.06,86705929130,akshare,深证成指,sz399001
2025-02-18,10781.197,10817.654,10577.08,10617.261,84217120344,akshare,深证成指,sz399001
2025-02-19,10592.025,10774.017,10588.494,10772.654,75049663110,akshare,深证成指,sz399001
2025-02-20,10765.95,10826.383,10726.527,10794.545,78257765228,akshare,深证成指,sz399001
2025-02-21,10821.81,11003.952,10806.507,10991.369,90701864675,akshare,深证成指,sz399001
2025-02-24,10995.261,11045.957,10909.368,10983.043,88271232487,akshare,深证成指,sz399001
2025-02-25,10835.912,10964.675,10815.338,10854.495,81279046427,akshare,深证成指,sz399001
2025-02-26,10870.733,10955.648,10831.11,10955.648,84215382307,akshare,深证成指,sz399001
2025-02-27,10969.92,10999.484,10792.082,10927.508,89475120899,akshare,深证成指,sz399001
2025-02-28,10861.824,10883.832,10583.707,10611.24,82558011813,akshare,深证成指,sz399001
2025-03-03,10642.185,10803.672,10586.198,10649.592,72506898239,akshare,深证成指,sz399001
2025-03-04,10558.746,10688.529,10540.418,10679.436,63501128030,akshare,深证成指,sz399001
2025-03-05,10686.467,10718.689,10626.71,10709.46,66828336104,akshare,深证成指,sz399001
2025-03-06,10774.079,10924.222,10759.402,10898.751,82055102681,akshare,深证成指,sz399001
2025-03-07,10858.777,10931.946,10798.193,10843.732,82036812447,akshare,深证成指,sz399001
2025-03-10,10862.929,10896.11,10747.137,10825.704,67492626325,akshare,深证成指,sz399001
2025-03-11,10698.807,10861.164,10692.719,10861.164,67024477222,akshare,深证成指,sz399001
2025-03-12,10897.425,10939.568,10828.424,10843.227,75683423892,akshare,深证成指,sz399001
2025-03-13,10830.108,10865.319,10677.837,10736.194,73031655596,akshare,深证成指,sz399001
2025-03-14,10741.522,10985.951,10737.625,10978.299,75821380703,akshare,深证成指,sz399001
2025-03-17,11009.574,11015.469,10940.771,10957.818,70157392693,akshare,深证成指,sz399001
2025-03-18,10999.322,11041.412,10958.871,11014.747,67026091831,akshare,深证成指,sz399001
2025-03-19,11003.733,11030.188,10916.279,10979.052,65830605489,akshare,深证成指,sz399001
2025-03-20,10971.412,10973.141,10869.164,10879.489,66033277818,akshare,深证成指,sz399001
2025-03-21,10843.979,10898.257,10656.879,10687.554,73797742505,akshare,深证成指,sz399001
2025-03-24,10695.018,10723.753,10563.885,10695.488,73186830760,akshare,深证成指,sz399001
2025-03-25,10702.689,10735.55,10618.052,10649.076,60284329360,akshare,深证成指,sz399001
2025-03-26,10636.116,10703.037,10635.779,10643.819,56246349670,akshare,深证成指,sz399001
2025-03-27,10610.886,10745.09,10556.615,10668.101,57357559191,akshare,深证成指,sz399001
2025-03-28,10658.152,10688.05,10593.853,10607.331,55060153716,akshare,深证成指,sz399001
2025-03-31,10559.656,10609.766,10427.955,10504.332,56671275642,akshare,深证成指,sz399001
2025-04-01,10523.646,10581.979,10491.703,10503.655,50596571318,akshare,深证成指,sz399001
2025-04-02,10500.527,10573.008,10490.849,10513.117,45905545136,akshare,深证成指,sz399001
2025-04-03,10384.95,10481.599,10328.023,10365.731,52253863357,akshare,深证成指,sz399001
2025-04-07,9747.661,9831.63,9220.124,9364.498,72979895617,akshare,深证成指,sz399001
2025-04-08,9356.693,9505.64,9296.119,9424.68,81890145272,akshare,深证成指,sz399001
2025-04-09,9271.236,9591.81,9119.601,9539.892,87247716467,akshare,深证成指,sz399001
2025-04-10,9757.979,9884.238,9713.637,9754.644,79793878408,akshare,深证成指,sz399001
2025-04-11,9681.452,9909.558,9679.28,9834.444,63799002683,akshare,深证成指,sz399001
2025-04-14,9955.655,9964.726,9862.345,9884.302,63003532921,akshare,深证成指,sz399001
2025-04-15,9886.097,9895.446,9804.602,9858.097,54456953657,akshare,深证成指,sz399001
2025-04-16,9813.126,9814.499,9650.792,9774.728,55550874792,akshare,深证成指,sz399001
2025-04-17,9715.294,9828.923,9712.0,9759.047,49387213426,akshare,深证成指,sz399001
2025-04-18,9745.75,9798.426,9719.951,9781.647,48644034748,akshare,深证成指,sz399001
2025-04-21,9768.646,9913.089,9733.43,9905.528,53399889207,akshare,深证成指,sz399001
2025-04-22,9882.96,9914.469,9857.769,9870.054,56973669202,akshare,深证成指,sz399001
2025-04-23,9956.369,9990.025,9892.7,9935.797,62116838025,akshare,深证成指,sz399001
2025-04-24,9933.894,9969.967,9846.229,9878.315,57933511465,akshare,深证成指,sz399001
2025-04-25,9900.1,9976.771,9878.67,9917.055,58204970304,akshare,深证成指,sz399001
2025-04-28,9925.715,9926.904,9848.667,9855.196,55540855510,akshare,深证成指,sz399001
2025-04-29,9828.459,9882.541,9799.646,9849.802,50779545986,akshare,深证成指,sz399001
2025-04-30,9863.498,9925.87,9845.355,9899.821,55873883554,akshare,深证成指,sz399001
2025-05-06,9974.525,10082.335,9960.522,10082.335,63377232344,akshare,深证成指,sz399001
2025-05-07,10218.325,10248.984,10048.002,10104.129,70973625885,akshare,深证成指,sz399001
2025-05-08,10081.271,10222.814,10067.304,10197.659,63866667110,akshare,深证成指,sz399001
2025-05-09,10190.127,10190.127,10087.551,10126.825,60037091401,akshare,深证成指,sz399001
2025-05-12,10220.33,10302.046,10200.206,10301.158,59491062341,akshare,深证成指,sz399001
2025-05-13,10401.945,10401.945,10274.34,10288.083,61309752848,akshare,深证成指,sz399001
2025-05-14,10278.907,10418.44,10240.133,10354.223,62236336996,akshare,深证成指,sz399001
2025-05-15,10324.843,10324.843,10186.448,10186.448,57130166033,akshare,深证成指,sz399001
2025-05-16,10157.683,10217.907,10152.771,10179.596,54107866080,akshare,深证成指,sz399001
2025-05-19,10171.291,10184.401,10090.296,10171.09,55363708797,akshare,深证成指,sz399001
2025-05-20,10182.247,10273.592,10151.864,10249.173,59935314593,akshare,深证成指,sz399001
2025-05-21,10246.515,10325.925,10243.184,10294.221,57953239729,akshare,深证成指,sz399001
2025-05-22,10274.676,10283.295,10214.497,10219.621,55747392040,akshare,深证成指,sz399001
2025-05-23,10210.616,10294.566,10132.412,10132.412,56209650952,akshare,深证成指,sz399001
2025-05-26,10114.688,10142.936,10044.079,10091.158,48451814037,akshare,深证成指,sz399001
2025-05-27,10074.029,10076.878,9996.828,10029.111,49805637358,akshare,深证成指,sz399001
2025-05-28,10039.249,10058.128,9987.406,10003.265,53569192058,akshare,深证成指,sz399001
2025-05-29,10006.431,10139.183,10002.086,10127.204,61267124894,akshare,深证成指,sz399001
2025-05-30,10091.193,10099.155,10022.81,10040.627,59605082409,akshare,深证成指,sz399001
2025-06-03,10006.13,10088.186,10004.936,10057.17,56067415584,akshare,深证成指,sz399001
2025-06-04,10070.854,10158.024,10070.854,10144.581,58808019153,akshare,深证成指,sz399001
2025-06-05,10152.552,10220.299,10113.046,10203.501,62955320724,akshare,深证成指,sz399001
2025-06-06,10205.518,10223.564,10166.701,10183.699,56297735762,akshare,深证成指,sz399001
2025-06-09,10200.45,10280.831,10190.248,10250.138,61526302068,akshare,深证成指,sz399001
2025-06-10,10248.291,10256.853,10095.006,10162.181,71119077181,akshare,深证成指,sz399001
2025-06-11,10176.495,10295.399,10176.495,10246.021,61581414276,akshare,深证成指,sz399001
2025-06-12,10208.298,10263.463,10182.413,10234.335,60551927497,akshare,深证成指,sz399001
2025-06-13,10193.929,10215.545,10089.593,10122.114,69802604428,akshare,深证成指,sz399001
2025-06-16,10096.571,10173.061,10096.571,10163.547,56850140277,akshare,深证成指,sz399001
2025-06-17,10177.672,10198.984,10129.412,10151.427,59692700888,akshare,深证成指,sz399001
2025-06-18,10142.583,10190.035,10118.676,10175.588,58750153342,akshare,深证成指,sz399001
2025-06-19,10156.174,10181.971,10027.325,10051.966,61011487880,akshare,深证成指,sz399001
2025-06-20,10039.001,10084.101,9998.498,10005.032,51481121460,akshare,深证成指,sz399001
2025-06-23,9950.139,10064.752,9950.139,10048.394,53779522481,akshare,深证成指,sz399001
2025-06-24,10074.272,10224.122,10074.272,10217.629,66658858133,akshare,深证成指,sz399001
2025-06-25,10240.131,10403.508,10233.15,10393.724,72049353452,akshare,深证成指,sz399001
2025-06-26,10389.231,10440.726,10340.692,10343.479,72100158514,akshare,深证成指,sz399001
2025-06-27,10371.813,10455.507,10343.301,10378.55,69839169334,akshare,深证成指,sz399001
2025-06-30,10405.964,10470.24,10399.92,10465.12,67566299521,akshare,深证成指,sz399001
2025-07-01,10458.39,10483.329,10407.166,10476.294,69507861261,akshare,深证成指,sz399001
2025-07-02,10455.826,10455.826,10386.493,10412.628,67827298494,akshare,深证成指,sz399001
2025-07-03,10431.026,10546.735,10431.026,10534.584,63844511182,akshare,深证成指,sz399001
2025-07-04,10534.991,10610.501,10480.719,10508.761,66705115970,akshare,深证成指,sz399001
2025-07-07,10488.107,10501.307,10426.547,10435.507,57849294239,akshare,深证成指,sz399001
2025-07-08,10431.778,10593.837,10431.778,10588.395,66586008261,akshare,深证成指,sz399001
2025-07-09,10592.508,10656.583,10557.813,10581.798,70295007528,akshare,深证成指,sz399001
2025-07-10,10593.703,10667.412,10562.16,10631.126,70135924803,akshare,深证成指,sz399001
2025-07-11,10637.448,10757.24,10610.802,10696.098,74264589001,akshare,深证成指,sz399001
2025-07-14,10705.438,10715.074,10663.869,10684.517,64646333064,akshare,深证成指,sz399001
2025-07-15,10700.372,10784.968,10651.154,10744.562,72570981842,akshare,深证成指,sz399001
2025-07-16,10749.714,10804.178,10697.402,10720.807,61659426702,akshare,深证成指,sz399001
2025-07-17,10718.854,10873.619,10718.854,10873.619,63554517666,akshare,深证成指,sz399001
2025-07-18,10902.725,10946.404,10865.887,10913.839,64442869521,akshare,深证成指,sz399001
2025-07-21,10937.6,11008.478,10922.522,11007.487,73259683950,akshare,深证成指,sz399001
2025-07-22,11004.009,11099.831,10970.219,11099.831,78615313668,akshare,深证成指,sz399001
2025-07-23,11101.322,11158.223,11042.197,11059.037,77295459300,akshare,深证成指,sz399001
2025-07-24,11069.604,11193.06,11069.604,11193.06,74225009707,akshare,深证成指,sz399001
2025-07-25,11196.203,11210.907,11139.316,11168.142,72440144499,akshare,深证成指,sz399001
2025-07-28,11176.393,11226.183,11114.925,11217.581,68403926163,akshare,深证成指,sz399001
2025-07-29,11199.626,11289.42,11136.276,11289.406,68778245825,akshare,深证成指,sz399001
2025-07-30,11262.977,11307.62,11126.999,11203.029,71394812986,akshare,深证成指,sz399001
2025-07-31,11208.46,11223.641,10976.213,11009.769,74131134334,akshare,深证成指,sz399001
2025-08-01,11001.255,11068.311,10919.89,10991.321,62430483980,akshare,深证成指,sz399001
2025-08-04,10932.62,11041.56,10928.486,11041.56,58826562849,akshare,深证成指,sz399001
2025-08-05,11078.583,11106.957,11041.475,11106.957,63790591161,akshare,深证成指,sz399001
2025-08-06,11091.834,11177.878,11086.717,11177.782,69593698421,akshare,深证成指,sz399001
2025-08-07,11189.488,11229.586,11089.579,11157.94,71141571849,akshare,深证成指,sz399001
2025-08-08,11136.343,11184.552,11108.464,11128.673,68193469493,akshare,深证成指,sz399001
2025-08-11,11159.026,11311.881,11159.026,11291.426,71385294605,akshare,深证成指,sz399001
2025-08-12,11292.458,11351.633,11255.482,11351.633,70963272011,akshare,深证成指,sz399001
2025-08-13,11371.081,11558.593,11362.9,11551.365,79554170524,akshare,深证成指,sz399001
2025-08-14,11557.004,11607.406,11417.927,11451.435,86799146173,akshare,深证成指,sz399001
2025-08-15,11419.282,11647.393,11419.282,11634.668,79894615064,akshare,深证成指,sz399001
2025-08-18,11690.938,11919.565,11642.59,11835.572,100227170829,akshare,深证成指,sz399001
2025-08-19,11827.901,11908.68,11774.917,11821.626,94316964885,akshare,深证成指,sz399001
2025-08-20,11749.993,11926.741,11677.854,11926.741,89403291865,akshare,深证成指,sz399001
2025-08-21,11965.801,12011.775,11865.465,11919.763,91564235638,akshare,深证成指,sz399001
2025-08-22,11902.037,12167.278,11902.037,12166.061,89165570058,akshare,深证成指,sz399001
2025-08-25,12291.123,12477.973,12246.563,12441.067,107080327698,akshare,深证成指,sz399001
2025-08-26,12398.813,12561.492,12361.489,12473.174,96885601318,akshare,深证成指,sz399001
2025-08-27,12483.194,12665.356,12295.069,12295.069,114364021865,akshare,深证成指,sz399001
2025-08-28,12254.274,12571.371,12199.938,12571.371,106077270854,akshare,深证成指,sz399001
2025-08-29,12568.63,12791.179,12508.974,12696.15,90039159316,akshare,深证成指,sz399001
2025-09-01,12773.22,12830.182,12663.339,12828.952,90618710337,akshare,深证成指,sz399001
2025-09-02,12817.033,12857.161,12450.465,12553.838,99108379603,akshare,深证成指,sz399001
2025-09-03,12599.956,12669.804,12393.09,12471.995,85684881475,akshare,深证成指,sz399001
2025-09-04,12526.3,12580.089,11967.568,12118.702,89935604700,akshare,深证成指,sz399001
2025-09-05,12140.757,12597.889,12085.536,12590.562,81649422586,akshare,深证成指,sz399001
2025-09-08,12631.981,12689.165,12511.419,12666.842,82213572224,akshare,深证成指,sz399001
2025-09-09,12598.295,12653.867,12434.845,12510.597,75834702535,akshare,深证成指,sz399001
2025-09-10,12511.084,12621.191,12415.194,12557.68,71682785890,akshare,深证成指,sz399001
2025-09-11,12570.87,12979.892,12516.345,12979.892,83569260132,akshare,深证成指,sz399001
2025-09-12,12941.264,13048.52,12905.475,12924.135,86829049183,akshare,深证成指,sz399001
2025-09-15,12971.431,13098.776,12943.4,13005.774,79831112540,akshare,深证成指,sz399001
2025-09-16,13017.578,13071.215,12863.822,13063.974,88946418162,akshare,深证成指,sz399001
2025-09-17,13062.641,13226.202,13004.381,13215.457,85357171738,akshare,深证成指,sz399001
2025-09-18,13161.154,13328.101,12915.975,13075.658,107352779091,akshare,深证成指,sz399001
2025-09-19,13074.905,13182.602,13016.064,13070.863,81956396527,akshare,深证成指,sz399001
2025-09-22,13119.827,13157.974,13006.355,13157.974,72219729349,akshare,深证成指,sz399001
2025-09-23,13246.933,13267.904,12875.325,13119.817,86054209387,akshare,深证成指,sz399001
2025-09-24,13037.077,13356.143,13009.643,13356.143,72776664276,akshare,深证成指,sz399001
2025-09-25,13333.019,13529.326,13295.53,13445.896,74044120950,akshare,深证成指,sz399001
2025-09-26,13394.786,13453.855,13205.629,13208.996,69445136024,akshare,深证成指,sz399001
2025-09-29,13248.197,13531.978,13239.728,13479.428,67580347625,akshare,深证成指,sz399001
2025-09-30,13504.647,13598.178,13460.319,13526.509,65843483294,akshare,深证成指,sz399001
2025-10-09,13598.354,13806.693,13565.294,13725.557,79698688531,akshare,深证成指,sz399001
2025-10-10,13633.187,13644.513,13304.602,13355.419,78009860190,akshare,深证成指,sz399001
2025-10-13,12837.251,13256.514,12837.251,13231.466,74248646158,akshare,深证成指,sz399001
2025-10-14,13369.561,13405.509,12844.024,12895.107,78134962115,akshare,深证成指,sz399001
2025-10-15,12919.27,13123.281,12817.888,13118.754,66497250499,akshare,深证成指,sz399001
2025-10-16,13064.258,13218.166,13033.371,13086.409,63042714969,akshare,深证成指,sz399001
2025-10-17,13060.242,13091.76,12677.438,12688.936,66747347454,akshare,深证成指,sz399001
2025-10-20,12877.7,12948.318,12742.838,12813.208,58287773562,akshare,深证成指,sz399001
2025-10-21,12880.166,13100.082,12848.317,13077.316,63561369955,akshare,深证成指,sz399001
2025-10-22,12985.962,13078.644,12932.012,12996.608,59338817782,akshare,深证成指,sz399001
2025-10-23,12959.415,13042.336,12803.856,13025.446,61471385420,akshare,深证成指,sz399001
2025-10-24,13091.337,13289.185,13091.337,13289.185,65254498922,akshare,深证成指,sz399001
2025-10-27,13448.915,13510.708,13346.813,13489.403,72402253232,akshare,深证成指,sz399001
2025-10-28,13411.668,13572.904,13375.322,13430.104,68253217591,akshare,深证成指,sz399001
2025-10-29,13484.013,13691.383,13475.647,13691.383,73070974609,akshare,深证成指,sz399001
2025-10-30,13661.609,13700.252,13509.242,13532.126,77324917262,akshare,深证成指,sz399001
2025-10-31,13517.174,13618.15,13378.212,13378.212,74576092904,akshare,深证成指,sz399001
2025-11-03,13364.419,13404.063,13158.307,13404.063,71688587821,akshare,深证成指,sz399001
2025-11-04,13373.551,13399.924,13094.215,13175.221,68291968704,akshare,深证成指,sz399001
2025-11-05,12953.842,13273.235,12953.842,13223.56,70220148922,akshare,深证成指,sz399001
2025-11-06,13272.466,13468.401,13272.466,13452.417,70896330271,akshare,深证成指,sz399001
2025-11-07,13380.354,13496.696,13322.609,13404.056,70056774710,akshare,深证成指,sz399001
2025-11-10,13453.366,13502.164,13306.662,13427.612,75709725385,akshare,深证成指,sz399001
2025-11-11,13476.245,13493.167,13271.675,13289.005,73358023648,akshare,深证成指,sz399001
2025-11-12,13240.703,13312.529,13120.712,13240.616,73100266968,akshare,深证成指,sz399001
2025-11-13,13228.501,13488.631,13222.78,13476.521,74808454232,akshare,深证成指,sz399001
2025-11-14,13323.451,13394.063,13216.031,13216.031,76941624036,akshare,深证成指,sz399001
2025-11-17,13200.543,13251.775,13137.281,13202.005,74868770069,akshare,深证成指,sz399001
2025-11-18,13161.704,13223.122,13022.443,13080.488,78884718270,akshare,深证成指,sz399001
2025-11-19,13071.939,13164.967,13009.009,13080.086,69523591376,akshare,深证成指,sz399001
2025-11-20,13215.065,13226.036,12970.558,12980.818,67314768058,akshare,深证成指,sz399001
2025-11-21,12752.723,12812.375,12538.071,12538.071,81157893277,akshare,深证成指,sz399001
2025-11-24,12605.131,12655.293,12448.32,12585.084,68995329424,akshare,深证成指,sz399001
2025-11-25,12692.089,12882.807,12684.294,12777.313,69984203079,akshare,深证成指,sz399001
2025-11-26,12769.927,13012.328,12749.02,12907.834,68673377809,akshare,深证成指,sz399001
2025-11-27,12903.911,13082.771,12863.259,12875.195,63755837739,akshare,深证成指,sz399001
2025-11-28,12869.661,13000.065,12834.085,12984.081,61139106892,akshare,深证成指,sz399001
2025-12-01,13038.156,13149.397,12993.887,13146.716,69444076430,akshare,深证成指,sz399001
2025-12-02,13130.072,13132.807,13011.107,13056.701,64385112607,akshare,深证成指,sz399001
2025-12-03,13071.157,13126.671,12922.675,12955.253,69170604669,akshare,深证成指,sz399001
2025-12-04,12957.804,13042.955,12881.56,13006.717,63419808420,akshare,深证成指,sz399001
2025-12-05,13020.287,13164.484,12938.349,13147.677,66930306488,akshare,深证成指,sz399001
2025-12-08,13178.956,13389.673,13178.956,13329.99,72908982535,akshare,深证成指,sz399001
2025-12-09,13295.622,13398.249,13227.774,13277.362,68804590208,akshare,深证成指,sz399001
2025-12-10,13251.266,13344.851,13126.208,13316.424,67629097123,akshare,深证成指,sz399001
2025-12-11,13333.292,13388.265,13147.387,13147.387,70536990697,akshare,深证成指,sz399001
2025-12-12,13174.447,13284.271,13085.424,13258.328,70099821530,akshare,深证成指,sz399001
2025-12-15,13150.433,13244.034,13111.378,13112.089,62728573127,akshare,深证成指,sz399001
2025-12-16,13084.877,13113.987,12851.222,12914.668,66452184425,akshare,深证成指,sz399001
2025-12-17,12927.394,13254.81,12927.394,13224.514,65350169676,akshare,深证成指,sz399001
2025-12-18,13112.611,13205.223,13053.975,13053.975,59011620686,akshare,深证成指,sz399001
2025-12-19,13116.187,13217.436,13070.726,13140.215,65712741229,akshare,深证成指,sz399001
2025-12-22,13225.401,13349.081,13225.401,13332.731,65354913502,akshare,深证成指,sz399001
2025-12-23,13338.935,13447.287,13305.765,13368.989,67489465792,akshare,深证成指,sz399001
2025-12-24,13378.482,13497.099,13347.763,13486.419,64044044005,akshare,深证成指,sz399001
2025-12-25,13472.704,13563.057,13407.373,13531.411,66079406292,akshare,深证成指,sz399001
2025-12-26,13539.049,13674.873,13517.805,13603.894,74129290965,akshare,深证成指,sz399001
2025-12-29,13604.295,13650.701,13494.957,13537.097,71387141313,akshare,深证成指,sz399001
2025-12-30,13466.305,13645.556,13465.674,13604.067,71622336614,akshare,深证成指,sz399001
2025-12-31,13627.264,13642.527,13491.675,13525.022,71339644106,akshare,深证成指,sz399001
2026-01-05,13633.634,13828.967,13633.634,13828.63,83035712330,akshare,深证成指,sz399001
2026-01-06,13830.303,14024.119,13827.793,14022.552,93183264755,akshare,深证成指,sz399001
2026-01-07,14062.021,14111.175,13935.528,14030.559,91357518913,akshare,深证成指,sz399001
2026-01-08,13971.892,14033.594,13883.808,13959.482,92028837770,akshare,深证成指,sz399001
2026-01-09,13917.782,14139.536,13917.782,14120.151,101352753560,akshare,深证成指,sz399001
2026-01-12,14186.863,14391.28,14089.593,14366.908,115264352804,akshare,深证成指,sz399001
2026-01-13,14397.685,14458.885,14113.174,14169.397,119510202373,akshare,深证成指,sz399001
2026-01-14,14194.112,14459.214,14099.981,14248.599,131211872906,akshare,深证成指,sz399001
2026-01-15,14158.662,14328.596,14155.498,14306.726,97152761162,akshare,深证成指,sz399001
2026-01-16,14374.535,14424.351,14257.59,14281.08,90689452564,akshare,深证成指,sz399001
2026-01-19,14221.926,14392.875,14221.926,14294.053,83220501869,akshare,深证成指,sz399001
2026-01-20,14307.552,14337.125,14033.224,14155.628,88192190857,akshare,深证成指,sz399001
2026-01-21,14102.212,14320.936,14102.212,14255.125,79338785281,akshare,深证成指,sz399001
2026-01-22,14313.635,14374.511,14223.344,14327.045,82251430016,akshare,深证成指,sz399001
2026-01-23,14349.012,14449.84,14320.515,14439.658,98269910191,akshare,深证成指,sz399001
2026-01-26,14492.425,14532.896,14277.67,14316.637,102322809048,akshare,深证成指,sz399001
2026-01-27,14283.777,14403.596,14105.126,14329.906,90968627621,akshare,深证成指,sz399001
2026-01-28,14371.955,14411.651,14234.886,14342.895,88302545987,akshare,深证成指,sz399001
2026-01-29,14332.703,14418.089,14252.197,14300.076,99391556398,akshare,深证成指,sz399001
2026-01-30,14214.141,14291.574,13923.955,14205.893,90232292535,akshare,深证成指,sz399001
2026-02-02,14128.868,14213.612,13815.282,13824.352,81114236364,akshare,深证成指,sz399001
2026-02-03,13986.895,14129.597,13815.229,14127.105,78291093443,akshare,深证成指,sz399001
2026-02-04,14072.41,14173.766,13958.08,14156.273,81523878047,akshare,深证成指,sz399001
2026-02-05,14020.84,14074.356,13874.018,13952.712,72622538063,akshare,深证成指,sz399001
2026-02-06,13801.031,14065.776,13726.859,13906.734,73034954834,akshare,深证成指,sz399001
2026-02-09,14115.141,14211.704,14060.667,14208.436,72636960194,akshare,深证成指,sz399001
2026-02-10,14200.756,14258.515,14165.429,14210.626,73300288412,akshare,深证成指,sz399001
2026-02-11,14186.653,14250.337,14156.164,14160.934,68193320105,akshare,深证成指,sz399001
2026-02-12,14177.967,14296.48,14177.287,14282.998,69625970218,akshare,深证成指,sz399001
2026-02-13,14188.347,14258.826,14092.84,14100.189,64063961614,akshare,深证成指,sz399001
2026-02-24,14313.862,14376.957,14214.415,14291.565,71242598997,akshare,深证成指,sz399001
2026-02-25,14322.242,14512.845,14314.152,14475.865,79368851138,akshare,深证成指,sz399001
2026-02-26,14495.858,14536.076,14408.875,14503.786,79313407541,akshare,深证成指,sz399001
2026-02-27,14375.25,14497.957,14366.35,14495.093,78110959637,akshare,深证成指,sz399001
2026-03-02,14327.65,14509.689,14285.667,14465.788,93379464716,akshare,深证成指,sz399001
2026-03-03,14498.698,14526.057,14007.648,14022.392,97065894465,akshare,深证成指,sz399001
2026-03-04,13854.374,14112.021,13854.374,13917.752,74046401893,akshare,深证成指,sz399001
2026-03-05,14160.198,14202.762,13999.702,14088.839,75896647743,akshare,深证成指,sz399001
2026-03-06,14015.543,14212.844,13969.341,14172.627,72927891335,akshare,深证成指,sz399001
2026-03-09,13920.286,14103.631,13701.67,14067.503,83734565606,akshare,深证成指,sz399001
2026-03-10,14239.301,14357.818,14239.301,14354.073,73622290201,akshare,深证成指,sz399001
2026-03-11,14373.739,14531.023,14373.011,14465.41,77097377661,akshare,深证成指,sz399001
2026-03-12,14457.632,14478.046,14245.77,14374.871,76880514232,akshare,深证成指,sz399001
2026-03-13,14300.925,14454.307,14245.959,14280.78,77422569126,akshare,深证成指,sz399001
2026-03-16,14291.149,14320.096,14097.815,14307.577,75301618572,akshare,深证成指,sz399001
2026-03-17,14370.446,14400.355,14039.502,14039.73,75319703764,akshare,深证成指,sz399001
2026-03-18,14108.922,14203.915,13944.371,14187.796,66605559837,akshare,深证成指,sz399001
2026-03-19,14003.698,14098.691,13852.596,13901.567,67934101768,akshare,深证成指,sz399001
2026-03-20,14021.456,14144.989,13856.487,13866.202,73293460405,akshare,深证成指,sz399001
2026-03-23,13619.944,13758.975,13274.177,13345.514,85158454965,akshare,深证成指,sz399001
2026-03-24,13514.67,13536.556,13169.251,13536.556,73071623317,akshare,深证成指,sz399001
2026-03-25,13669.053,13835.031,13666.842,13801.001,72288882956,akshare,深证成指,sz399001
2026-03-26,13756.87,13853.097,13573.12,13606.443,66666803450,akshare,深证成指,sz399001
2026-03-27,13423.513,13842.397,13419.311,13760.369,63025383844,akshare,深证成指,sz399001
2026-03-30,13618.794,13748.207,13536.562,13726.19,65306873290,akshare,深证成指,sz399001
2026-03-31,13683.681,13783.968,13478.056,13478.056,66239708690,akshare,深证成指,sz399001
2026-04-01,13731.387,13740.975,13603.785,13706.52,65413025986,akshare,深证成指,sz399001
2026-04-02,13658.255,13680.631,13418.498,13486.937,63489373985,akshare,深证成指,sz399001
2026-04-03,13553.653,13558.909,13345.61,13352.904,58538462285,akshare,深证成指,sz399001
2026-04-07,13392.942,13476.079,13305.507,13400.412,53943656647,akshare,深证成指,sz399001
2026-04-08,13717.221,14042.496,13694.91,14042.496,74738321191,akshare,深证成指,sz399001
2026-04-09,13928.428,14058.053,13891.479,13996.266,65183680950,akshare,深证成指,sz399001
2026-04-10,14098.016,14382.61,14095.882,14309.472,66751097781,akshare,深证成指,sz399001
2026-04-13,14233.111,14440.265,14233.111,14407.864,62315845017,akshare,深证成指,sz399001
2026-04-14,14514.688,14640.769,14463.93,14639.952,68274226324,akshare,深证成指,sz399001
2026-04-15,14736.009,14738.533,14440.209,14498.455,69692870680,akshare,深证成指,sz399001
2026-04-16,14546.353,14807.162,14522.86,14796.335,68598741254,akshare,深证成指,sz399001
2026-04-17,14806.28,14916.393,14787.87,14885.416,69551813982,akshare,深证成指,sz399001
2026-04-20,14870.899,15006.917,14845.97,14966.747,72282180746,akshare,深证成指,sz399001
2026-04-21,14920.384,15017.751,14774.076,14982.14,70037042537,akshare,深证成指,sz399001
2026-04-22,14897.963,15182.821,14897.963,15177.286,69895559303,akshare,深证成指,sz399001
2026-04-23,15234.217,15248.431,14934.676,15043.449,76102281752,akshare,深证成指,sz399001
2026-04-24,14951.741,15033.671,14795.221,14940.301,70972943878,akshare,深证成指,sz399001
2026-04-27,14960.024,15054.46,14919.216,14995.748,70993000124,akshare,深证成指,sz399001
2026-04-28,14925.217,14943.355,14772.465,14830.455,72372754716,akshare,深证成指,sz399001
2026-04-29,14751.418,15139.711,14751.418,15120.923,73638039843,akshare,深证成指,sz399001
2026-04-30,15157.067,15186.12,15044.855,15107.553,73770374281,akshare,深证成指,sz399001
2026-05-06,15323.192,15534.666,15254.987,15459.616,82624867664,akshare,深证成指,sz399001
2026-05-07,15541.296,15652.582,15439.484,15641.886,84448988422,akshare,深证成指,sz399001
2026-05-08,15520.381,15639.388,15466.838,15563.797,82621847976,akshare,深证成指,sz399001
2026-05-11,15697.44,15921.652,15622.332,15899.302,91163485896,akshare,深证成指,sz399001
2026-05-12,15952.791,15952.791,15711.271,15824.921,84781714944,akshare,深证成指,sz399001
2026-05-13,15713.542,16100.456,15713.542,16089.749,82734142943,akshare,深证成指,sz399001
2026-05-14,16202.215,16207.752,15745.736,15745.736,87352549161,akshare,深证成指,sz399001
2026-05-15,15753.192,15855.554,15447.4,15561.372,84969563145,akshare,深证成指,sz399001
2026-05-18,15465.302,15658.111,15419.038,15530.229,73830560388,akshare,深证成指,sz399001
2026-05-19,15469.359,15585.036,15221.35,15569.907,73121652942,akshare,深证成指,sz399001
2026-05-20,15487.427,15622.214,15426.378,15569.979,72621795842,akshare,深证成指,sz399001
2026-05-21,15707.955,15894.304,15232.597,15247.271,87898417393,akshare,深证成指,sz399001
2026-05-22,15382.293,15624.971,15295.566,15597.297,76306727815,akshare,深证成指,sz399001
