date,上证指数,沪深300,深证成指,创业板指
2011-05-30,2706.361,2954.506,11478.206,834.316
2011-05-31,2743.472,3001.556,11665.141,846.315
2011-06-01,2743.572,3004.173,11699.827,851.166
2011-06-02,2705.181,2955.705,11506.521,833.737
2011-06-03,2728.02,2986.349,11642.401,847.545
2011-06-07,2744.3,3004.262,11741.259,847.709
2011-06-08,2750.288,3008.652,11761.103,844.978
2011-06-09,2703.345,2951.889,11513.203,828.016
2011-06-10,2705.143,2961.932,11593.379,824.03
2011-06-13,2700.379,2950.348,11521.984,829.359
2011-06-14,2730.04,2993.559,11732.036,838.474
2011-06-15,2705.431,2963.119,11615.969,827.533
2011-06-16,2664.283,2917.578,11435.987,810.709
2011-06-17,2642.818,2892.157,11409.157,802.637
2011-06-20,2621.253,2874.896,11328.67,791.758
2011-06-21,2646.483,2909.073,11509.982,795.608
2011-06-22,2649.321,2908.582,11543.654,791.513
2011-06-23,2688.249,2957.629,11775.317,814.444
2011-06-24,2746.211,3027.47,11996.08,832.324
2011-06-27,2758.23,3036.491,12026.293,843.859
2011-06-28,2759.202,3041.734,12047.09,844.177
2011-06-29,2728.483,3000.169,11913.201,836.384
2011-06-30,2762.076,3044.089,12110.931,845.919
2011-07-01,2759.362,3049.745,12178.083,855.27
2011-07-04,2812.818,3121.98,12441.168,876.168
2011-07-05,2816.355,3122.5,12440.37,883.417
2011-07-06,2810.479,3113.712,12425.68,894.277
2011-07-07,2794.267,3101.68,12392.927,899.798
2011-07-08,2797.774,3109.183,12404.341,894.909
2011-07-11,2802.692,3113.206,12438.564,903.31
2011-07-12,2754.582,3056.905,12268.188,891.516
2011-07-13,2795.476,3106.247,12479.154,913.085
2011-07-14,2810.444,3115.745,12440.829,932.775
2011-07-15,2820.169,3128.889,12506.936,951.138
2011-07-18,2816.688,3122.6,12490.55,946.118
2011-07-19,2796.983,3095.125,12381.463,927.297
2011-07-20,2794.205,3091.567,12393.988,930.828
2011-07-21,2765.894,3059.139,12301.405,915.368
2011-07-22,2770.79,3067.985,12352.502,923.995
2011-07-25,2688.746,2968.289,11966.244,887.063
2011-07-26,2703.026,2977.766,12008.533,892.54
2011-07-27,2723.492,3000.052,12116.861,915.548
2011-07-28,2708.777,2981.002,12085.922,919.395
2011-07-29,2701.729,2972.079,11990.428,913.278
2011-08-01,2703.783,2977.721,12002.416,927.384
2011-08-02,2679.259,2956.383,11932.042,932.121
2011-08-03,2678.485,2954.87,11922.369,945.509
2011-08-04,2684.039,2960.309,11934.414,937.475
2011-08-05,2626.423,2897.417,11701.763,919.185
2011-08-08,2526.816,2793.897,11312.626,877.443
2011-08-09,2526.07,2798.19,11315.081,878.761
2011-08-10,2549.176,2824.12,11449.582,891.752
2011-08-11,2581.508,2866.924,11627.494,915.489
2011-08-12,2593.173,2875.365,11651.29,926.297
2011-08-15,2626.77,2917.883,11767.742,942.485
2011-08-16,2608.166,2897.581,11665.412,933.139
2011-08-17,2601.261,2886.013,11598.283,936.159
2011-08-18,2559.472,2834.254,11414.159,915.684
2011-08-19,2534.358,2807.664,11301.532,912.421
2011-08-22,2515.863,2777.787,11112.638,910.606
2011-08-23,2554.019,2821.003,11243.419,936.416
2011-08-24,2541.091,2810.016,11238.952,940.196
2011-08-25,2615.261,2903.837,11598.929,942.944
2011-08-26,2612.188,2901.216,11568.169,952.806
2011-08-29,2576.413,2852.809,11372.381,954.029
2011-08-30,2566.595,2841.74,11344.452,934.185
2011-08-31,2567.34,2846.776,11397.481,921.495
2011-09-01,2556.042,2834.535,11352.864,917.751
2011-09-02,2528.28,2803.854,11228.295,909.853
2011-09-05,2478.739,2743.817,10954.899,883.873
2011-09-06,2470.524,2723.303,10778.434,874.738
2011-09-07,2516.09,2779.09,11011.18,899.614
2011-09-08,2498.943,2756.105,10933.314,891.932
2011-09-09,2497.753,2751.095,10892.393,881.577
2011-09-13,2471.305,2720.283,10775.299,861.916
2011-09-14,2484.827,2733.108,10822.403,876.949
2011-09-15,2479.055,2729.051,10848.02,875.861
2011-09-16,2482.343,2733.987,10878.228,874.883
2011-09-19,2437.795,2679.27,10657.625,854.712
2011-09-20,2447.755,2689.845,10679.299,856.812
2011-09-21,2512.963,2771.011,10991.849,881.031
2011-09-22,2443.057,2685.688,10660.465,852.92
2011-09-23,2433.159,2669.478,10538.397,843.479
2011-09-26,2393.183,2610.919,10328.473,829.347
2011-09-27,2415.054,2637.879,10448.661,830.884
2011-09-28,2392.062,2610.59,10369.932,817.515
2011-09-29,2365.343,2588.185,10287.902,791.894
2011-09-30,2359.22,2581.351,10292.334,791.134
2011-10-10,2344.787,2557.082,10170.746,790.042
2011-10-11,2348.516,2551.994,10065.472,786.151
2011-10-12,2420.0,2644.758,10425.931,816.138
2011-10-13,2438.79,2662.601,10481.84,833.021
2011-10-14,2431.375,2653.782,10438.261,830.197
2011-10-17,2440.402,2666.951,10513.489,832.289
2011-10-18,2383.485,2592.209,10226.927,806.6
2011-10-19,2377.512,2583.081,10105.74,804.436
2011-10-20,2331.366,2520.532,9796.234,778.954
2011-10-21,2317.275,2507.877,9697.212,763.295
2011-10-24,2370.333,2576.669,9957.622,772.41
2011-10-25,2409.672,2625.425,10203.4,797.858
2011-10-26,2427.48,2651.652,10315.748,811.134
2011-10-27,2435.614,2657.478,10323.288,810.922
2011-10-28,2473.41,2709.017,10561.993,833.423
2011-10-31,2468.25,2695.307,10480.912,852.798
2011-11-01,2470.019,2697.534,10441.702,853.359
2011-11-02,2504.108,2742.39,10581.751,881.047
2011-11-03,2508.09,2744.301,10624.117,877.658
2011-11-04,2528.294,2763.746,10699.488,882.253
2011-11-07,2509.799,2736.248,10591.66,878.758
2011-11-08,2503.836,2727.71,10541.102,862.36
2011-11-09,2524.919,2751.654,10625.881,891.123
2011-11-10,2479.536,2699.588,10477.553,895.272
2011-11-11,2481.084,2695.002,10418.934,891.193
2011-11-14,2528.714,2750.195,10645.684,915.977
2011-11-15,2529.761,2744.68,10582.998,920.974
2011-11-16,2466.959,2670.116,10313.332,893.508
2011-11-17,2463.046,2662.017,10303.16,898.339
2011-11-18,2416.562,2606.495,10025.168,869.19
2011-11-21,2415.13,2609.687,10033.793,863.134
2011-11-22,2412.625,2609.475,10028.204,868.432
2011-11-23,2395.065,2584.011,9957.318,864.811
2011-11-24,2397.554,2588.915,9966.743,868.142
2011-11-25,2380.224,2569.973,9886.245,863.495
2011-11-28,2383.034,2573.321,9884.696,866.837
2011-11-29,2412.393,2608.569,10012.937,880.313
2011-11-30,2333.414,2521.52,9693.385,838.108
2011-12-01,2386.86,2583.613,9917.863,852.872
2011-12-02,2360.664,2557.311,9808.231,829.176
2011-12-05,2333.229,2521.385,9586.084,792.495
2011-12-06,2325.905,2516.341,9586.944,798.096
2011-12-07,2332.73,2528.228,9606.247,802.625
2011-12-08,2329.82,2525.001,9580.517,809.431
2011-12-09,2315.27,2503.461,9480.266,798.837
2011-12-12,2291.545,2477.692,9376.279,790.792
2011-12-13,2248.59,2421.928,9190.875,768.924
2011-12-14,2228.525,2397.48,9093.025,755.762
2011-12-15,2180.895,2340.788,8871.088,746.555
2011-12-16,2224.84,2390.129,9081.94,778.775
2011-12-19,2218.235,2384.408,9054.08,793.44
2011-12-20,2215.93,2377.073,9031.669,781.418
2011-12-21,2191.148,2339.108,8884.253,761.337
2011-12-22,2186.297,2341.335,8909.348,757.896
2011-12-23,2204.784,2359.159,8976.521,761.442
2011-12-26,2190.11,2335.702,8876.194,753.049
2011-12-27,2166.205,2305.035,8711.552,727.173
2011-12-28,2170.013,2307.928,8739.728,717.554
2011-12-29,2173.561,2311.361,8781.319,716.549
2011-12-30,2199.417,2345.742,8918.816,729.504
2012-01-04,2169.39,2298.753,8695.987,707.107
2012-01-05,2148.452,2276.385,8600.259,666.905
2012-01-06,2163.395,2290.601,8634.418,669.017
2012-01-09,2225.89,2368.57,8946.085,692.418
2012-01-10,2285.744,2447.349,9281.245,716.453
2012-01-11,2276.046,2435.608,9239.213,717.936
2012-01-12,2275.01,2435.219,9200.926,709.89
2012-01-13,2244.58,2394.334,9030.588,666.078
2012-01-16,2206.193,2345.649,8827.474,633.908
2012-01-17,2298.376,2460.601,9264.09,662.69
2012-01-18,2266.384,2422.189,9115.269,624.911
2012-01-19,2296.075,2468.35,9300.217,632.799
2012-01-20,2319.118,2504.086,9466.144,646.383
2012-01-30,2285.038,2460.72,9274.852,651.246
2012-01-31,2292.61,2464.26,9303.649,648.681
2012-02-01,2268.08,2428.994,9193.388,650.776
2012-02-02,2312.556,2486.238,9382.127,665.402
2012-02-03,2330.405,2506.09,9436.992,680.045
2012-02-06,2331.136,2504.322,9448.642,686.508
2012-02-07,2291.902,2457.954,9266.714,673.679
2012-02-08,2347.53,2528.236,9557.575,692.303
2012-02-09,2349.589,2529.231,9560.727,697.79
2012-02-10,2351.981,2533.624,9590.954,698.854
2012-02-13,2351.855,2531.981,9585.076,714.956
2012-02-14,2344.771,2522.107,9543.775,712.296
2012-02-15,2366.702,2549.607,9673.439,724.751
2012-02-16,2356.86,2536.074,9622.83,721.832
2012-02-17,2357.181,2537.086,9615.339,717.797
2012-02-20,2363.597,2540.706,9616.649,721.099
2012-02-21,2381.43,2562.453,9695.87,736.882
2012-02-22,2403.587,2597.476,9862.535,759.562
2012-02-23,2409.554,2606.256,9918.942,756.897
2012-02-24,2439.628,2648.017,10124.154,762.29
2012-02-27,2447.057,2656.573,10177.332,760.373
2012-02-28,2451.857,2662.463,10161.86,747.768
2012-02-29,2428.487,2634.143,10054.845,735.336
2012-03-01,2426.115,2633.345,10060.957,743.148
2012-03-02,2460.693,2679.934,10299.935,757.669
2012-03-05,2445.002,2662.698,10226.438,759.369
2012-03-06,2410.445,2621.052,10093.814,750.837
2012-03-07,2394.794,2603.005,10054.865,749.266
2012-03-08,2420.276,2635.791,10171.128,761.703
2012-03-09,2439.462,2664.302,10334.384,777.694
2012-03-12,2434.859,2654.402,10300.503,786.049
2012-03-13,2455.795,2681.073,10427.243,792.378
2012-03-14,2391.23,2605.106,10094.891,756.459
2012-03-15,2373.774,2585.546,10086.556,746.441
2012-03-16,2404.736,2623.52,10279.302,765.562
2012-03-19,2410.184,2630.013,10296.165,779.557
2012-03-20,2376.839,2584.445,10116.391,755.583
2012-03-21,2378.195,2587.793,10090.436,751.791
2012-03-22,2375.772,2583.747,10038.954,750.851
2012-03-23,2349.539,2552.94,9885.25,737.892
2012-03-26,2350.599,2555.442,9946.136,737.213
2012-03-27,2347.179,2547.143,9841.383,735.734
2012-03-28,2284.881,2474.9,9531.149,698.486
2012-03-29,2252.16,2443.122,9418.225,683.959
2012-03-30,2262.788,2454.899,9410.262,678.519
2012-04-05,2302.241,2512.832,9709.026,697.751
2012-04-06,2306.553,2519.83,9786.186,701.901
2012-04-09,2285.777,2495.146,9710.909,689.715
2012-04-10,2305.863,2519.788,9795.968,697.165
2012-04-11,2308.925,2520.036,9802.321,698.487
2012-04-12,2350.864,2570.436,10007.652,713.124
2012-04-13,2359.161,2580.454,10043.715,718.959
2012-04-16,2357.026,2574.044,10000.309,716.229
2012-04-17,2334.985,2541.883,9839.915,709.139
2012-04-18,2380.848,2599.908,10069.533,723.462
2012-04-19,2378.634,2596.056,10015.406,725.12
2012-04-20,2406.863,2626.839,10131.035,728.718
2012-04-23,2388.588,2606.038,10076.051,690.432
2012-04-24,2388.834,2604.866,10041.887,681.534
2012-04-25,2406.813,2625.99,10162.006,682.524
2012-04-26,2404.697,2631.487,10201.654,678.444
2012-04-27,2396.316,2626.157,10180.393,685.131
2012-05-02,2438.436,2683.487,10424.942,693.609
2012-05-03,2440.08,2691.518,10468.375,699.306
2012-05-04,2452.014,2715.879,10573.597,713.186
2012-05-07,2451.947,2717.778,10612.893,733.045
2012-05-08,2448.884,2709.116,10524.68,731.723
2012-05-09,2408.587,2657.514,10294.577,719.35
2012-05-10,2410.23,2657.214,10277.617,727.285
2012-05-11,2394.983,2636.917,10211.406,721.078
2012-05-14,2380.725,2615.534,10093.377,719.872
2012-05-15,2374.843,2617.374,10131.81,720.115
2012-05-16,2346.192,2574.647,9916.466,709.956
2012-05-17,2378.886,2613.942,10079.478,716.17
2012-05-18,2344.52,2573.976,9903.094,706.216
2012-05-21,2348.3,2587.231,9977.563,704.803
2012-05-22,2373.307,2627.525,10180.268,714.662
2012-05-23,2363.437,2616.869,10143.201,713.017
2012-05-24,2350.973,2595.26,9984.58,712.577
2012-05-25,2333.553,2573.103,9884.959,702.724
2012-05-28,2361.367,2614.689,10104.101,706.47
2012-05-29,2389.636,2650.854,10214.736,720.454
2012-05-30,2384.668,2642.258,10162.34,727.188
2012-05-31,2372.234,2632.042,10141.41,734.454
2012-06-01,2373.436,2632.998,10145.804,734.257
2012-06-04,2308.55,2559.026,9874.518,717.101
2012-06-05,2311.916,2558.842,9847.119,715.93
2012-06-06,2309.555,2557.401,9812.976,715.24
2012-06-07,2293.13,2542.184,9755.641,711.428
2012-06-08,2281.447,2524.329,9707.183,713.921
2012-06-11,2305.856,2558.265,9849.77,734.504
2012-06-12,2289.791,2540.178,9790.197,735.294
2012-06-13,2318.924,2580.636,9950.046,746.505
2012-06-14,2295.946,2560.421,9885.293,740.966
2012-06-15,2306.85,2568.054,9885.645,742.268
2012-06-18,2316.052,2581.212,9979.057,752.978
2012-06-19,2300.795,2558.621,9848.159,747.492
2012-06-20,2292.877,2552.611,9821.788,748.388
2012-06-21,2260.877,2512.185,9682.686,739.047
2012-06-25,2224.114,2456.518,9414.214,720.6
2012-06-26,2222.067,2454.915,9446.59,715.924
2012-06-27,2216.934,2447.195,9416.499,718.928
2012-06-28,2195.843,2425.729,9383.267,711.144
2012-06-29,2225.431,2461.612,9500.317,726.684
2012-07-02,2226.11,2465.238,9566.45,741.186
2012-07-03,2229.193,2468.721,9607.326,743.902
2012-07-04,2227.315,2464.919,9569.159,739.624
2012-07-05,2201.353,2430.37,9412.644,724.313
2012-07-06,2223.579,2472.614,9690.16,737.289
2012-07-09,2170.814,2416.036,9496.678,722.281
2012-07-10,2164.437,2406.706,9476.722,713.526
2012-07-11,2175.383,2425.572,9588.293,719.299
2012-07-12,2185.491,2449.181,9753.487,734.323
2012-07-13,2185.895,2450.633,9792.488,725.788
2012-07-16,2147.955,2399.731,9540.886,691.385
2012-07-17,2161.186,2414.201,9560.029,697.003
2012-07-18,2169.099,2414.335,9514.165,702.138
2012-07-19,2184.841,2424.322,9509.488,709.166
2012-07-20,2168.638,2398.455,9333.213,706.25
2012-07-23,2141.402,2365.431,9186.024,704.573
2012-07-24,2146.589,2375.992,9262.773,706.396
2012-07-25,2136.151,2360.083,9155.343,708.301
2012-07-26,2126.004,2347.488,9081.898,706.725
2012-07-27,2128.765,2349.108,9087.13,703.581
2012-07-30,2109.914,2335.793,9071.06,688.474
2012-07-31,2103.634,2332.922,9059.224,676.96
2012-08-01,2123.36,2358.651,9165.974,689.489
2012-08-02,2111.182,2334.882,8995.623,690.982
2012-08-03,2132.796,2353.737,9076.622,711.925
2012-08-06,2154.916,2385.611,9212.205,730.419
2012-08-07,2157.62,2388.873,9229.266,736.012
2012-08-08,2160.99,2389.795,9210.669,730.065
2012-08-09,2174.102,2411.7,9337.543,743.199
2012-08-10,2168.814,2399.751,9238.203,743.073
2012-08-13,2136.078,2351.931,9039.22,727.637
2012-08-14,2142.525,2357.016,9089.615,736.347
2012-08-15,2118.945,2331.615,9048.607,729.73
2012-08-16,2112.197,2319.67,8973.384,723.53
2012-08-17,2114.891,2313.476,8883.605,721.049
2012-08-20,2106.957,2301.788,8838.629,730.866
2012-08-21,2118.268,2313.703,8849.491,748.935
2012-08-22,2107.711,2295.586,8726.024,746.853
2012-08-23,2113.072,2302.199,8730.551,750.561
2012-08-24,2092.104,2275.677,8579.279,733.309
2012-08-27,2055.708,2228.204,8402.146,722.574
2012-08-28,2073.154,2238.411,8400.357,727.616
2012-08-29,2053.235,2214.814,8270.907,726.941
2012-08-30,2052.585,2211.37,8220.077,704.035
2012-08-31,2047.522,2204.868,8210.994,706.625
2012-09-03,2059.147,2228.369,8361.671,723.871
2012-09-04,2043.649,2204.407,8243.832,722.721
2012-09-05,2037.681,2199.875,8242.588,730.616
2012-09-06,2051.918,2217.823,8288.265,739.741
2012-09-07,2127.762,2317.179,8709.066,759.46
2012-09-10,2134.893,2326.666,8769.537,762.313
2012-09-11,2120.554,2311.89,8739.47,761.731
2012-09-12,2126.554,2320.071,8786.728,762.511
2012-09-13,2110.379,2298.461,8691.002,749.892
2012-09-14,2123.847,2315.542,8740.051,744.464
2012-09-17,2078.5,2258.705,8483.692,724.145
2012-09-18,2059.543,2235.239,8390.15,723.61
2012-09-19,2067.831,2246.236,8431.743,728.251
2012-09-20,2024.837,2195.951,8202.204,706.693
2012-09-21,2026.69,2199.063,8201.528,691.138
2012-09-24,2033.192,2215.516,8310.937,690.338
2012-09-25,2029.293,2210.154,8284.247,682.335
2012-09-26,2004.172,2184.891,8193.373,661.49
2012-09-27,2056.323,2251.717,8486.274,676.957
2012-09-28,2086.169,2293.106,8679.219,689.64
2012-10-08,2074.419,2270.054,8540.075,690.767
2012-10-09,2115.23,2320.157,8743.864,712.702
2012-10-10,2119.942,2324.117,8773.68,721.848
2012-10-11,2102.868,2302.533,8665.089,711.797
2012-10-12,2104.932,2304.531,8650.191,708.868
2012-10-15,2098.703,2294.857,8621.965,701.964
2012-10-16,2098.808,2298.162,8645.54,705.388
2012-10-17,2105.618,2300.803,8641.181,709.094
2012-10-18,2131.688,2336.077,8798.198,720.524
2012-10-19,2128.302,2332.47,8796.418,719.448
2012-10-22,2132.758,2341.592,8829.443,724.278
2012-10-23,2114.447,2312.077,8686.475,711.262
2012-10-24,2115.99,2307.779,8653.907,707.753
2012-10-25,2101.58,2291.239,8602.805,697.436
2012-10-26,2066.209,2247.907,8414.85,685.333
2012-10-29,2058.943,2235.854,8376.555,688.12
2012-10-30,2062.347,2239.882,8394.236,689.61
2012-10-31,2068.88,2254.82,8469.796,691.653
2012-11-01,2104.428,2297.884,8663.147,701.778
2012-11-02,2117.046,2306.774,8679.685,701.38
2012-11-05,2114.027,2301.88,8654.74,692.868
2012-11-06,2105.999,2292.206,8589.865,690.497
2012-11-07,2105.73,2287.505,8561.198,689.746
2012-11-08,2071.509,2245.405,8399.38,675.849
2012-11-09,2069.067,2240.924,8356.671,672.67
2012-11-12,2079.274,2251.848,8391.903,676.597
2012-11-13,2047.889,2212.44,8234.6,667.327
2012-11-14,2055.419,2223.11,8283.564,665.185
2012-11-15,2030.29,2193.623,8186.064,659.211
2012-11-16,2014.725,2177.24,8118.147,656.196
2012-11-19,2016.982,2174.985,8060.544,656.936
2012-11-20,2008.923,2164.881,8052.788,656.606
2012-11-21,2030.319,2194.896,8150.84,660.032
2012-11-22,2015.611,2177.546,8047.519,651.826
2012-11-23,2027.384,2192.676,8114.742,651.43
2012-11-26,2017.464,2175.599,8016.072,638.878
2012-11-27,1991.165,2150.638,7936.741,616.284
2012-11-28,1973.523,2129.161,7854.063,607.67
2012-11-29,1963.488,2115.676,7808.961,603.17
2012-11-30,1980.117,2139.661,7903.251,606.766
2012-12-03,1959.767,2108.85,7710.875,593.66
2012-12-04,1975.143,2131.473,7801.746,600.801
2012-12-05,2031.907,2207.878,8091.678,624.824
2012-12-06,2029.237,2203.602,8071.491,624.318
2012-12-07,2061.786,2246.757,8189.68,637.487
2012-12-10,2083.77,2271.046,8265.793,646.319
2012-12-11,2074.704,2258.5,8220.543,641.167
2012-12-12,2082.726,2267.767,8246.064,639.509
2012-12-13,2061.476,2242.635,8171.349,632.181
2012-12-14,2150.625,2355.865,8530.898,656.217
2012-12-17,2160.342,2366.7,8600.334,649.612
2012-12-18,2162.464,2368.12,8592.634,646.046
2012-12-19,2162.239,2371.109,8639.564,652.101
2012-12-20,2168.353,2384.816,8693.226,658.311
2012-12-21,2153.31,2372.002,8658.348,668.089
2012-12-24,2159.053,2381.217,8631.371,679.759
2012-12-25,2213.611,2448.395,8891.571,694.116
2012-12-26,2219.132,2457.619,8940.68,709.075
2012-12-27,2205.897,2444.594,8939.85,699.569
2012-12-28,2233.252,2480.049,9026.99,707.668
2012-12-31,2269.128,2522.952,9116.484,713.863
2013-01-04,2276.992,2524.409,9096.065,705.342
2013-01-07,2285.364,2535.985,9108.465,718.114
2013-01-08,2276.07,2525.33,9110.451,733.138
2013-01-09,2275.34,2526.126,9154.874,734.506
2013-01-10,2283.658,2530.569,9170.055,741.18
2013-01-11,2242.997,2483.23,9017.733,731.587
2013-01-14,2311.74,2577.725,9316.273,760.55
2013-01-15,2325.682,2595.856,9381.693,778.603
2013-01-16,2309.499,2577.092,9355.477,774.485
2013-01-17,2284.909,2552.758,9309.23,768.308
2013-01-18,2317.07,2595.439,9432.295,787.386
2013-01-21,2328.221,2610.898,9562.846,792.6
2013-01-22,2315.139,2596.898,9536.356,775.135
2013-01-23,2320.911,2607.456,9548.311,778.478
2013-01-24,2302.598,2582.755,9444.082,757.869
2013-01-25,2291.304,2571.674,9357.13,762.848
2013-01-28,2346.505,2651.863,9618.919,784.76
2013-01-29,2358.977,2675.866,9704.656,791.671
2013-01-30,2382.475,2688.711,9783.841,783.682
2013-01-31,2385.422,2686.882,9667.672,776.005
2013-02-01,2419.02,2743.324,9820.294,782.363
2013-02-04,2428.154,2748.028,9760.831,771.902
2013-02-05,2433.13,2771.675,9945.976,780.981
2013-02-06,2434.477,2775.844,9922.718,791.263
2013-02-07,2418.53,2759.87,9904.775,805.586
2013-02-08,2432.402,2771.725,9989.093,823.028
2013-02-18,2421.558,2737.471,9795.908,835.277
2013-02-19,2382.914,2685.606,9550.931,819.709
2013-02-20,2397.178,2702.635,9645.871,850.863
2013-02-21,2325.951,2610.549,9396.108,839.298
2013-02-22,2314.164,2596.604,9364.54,838.763
2013-02-25,2325.819,2604.96,9342.37,855.694
2013-02-26,2293.341,2567.595,9208.032,851.217
2013-02-27,2313.22,2594.677,9333.237,846.09
2013-02-28,2365.593,2673.327,9641.436,861.095
2013-03-01,2359.506,2668.836,9650.144,884.891
2013-03-04,2273.404,2545.715,9139.751,863.5
2013-03-05,2326.306,2622.807,9341.353,888.099
2013-03-06,2347.179,2650.202,9431.165,902.903
2013-03-07,2324.293,2619.479,9393.692,877.337
2013-03-08,2318.611,2606.927,9285.833,864.699
2013-03-11,2310.593,2592.372,9277.158,869.15
2013-03-12,2286.605,2555.615,9163.643,839.836
2013-03-13,2263.968,2527.486,9073.221,834.049
2013-03-14,2270.277,2534.273,9087.253,842.036
2013-03-15,2278.401,2539.873,9099.287,853.906
2013-03-18,2240.016,2502.493,8999.018,852.117
2013-03-19,2257.434,2525.097,9034.038,842.685
2013-03-20,2317.374,2610.174,9317.97,866.267
2013-03-21,2324.242,2614.988,9326.294,882.734
2013-03-22,2328.278,2618.308,9343.412,882.001
2013-03-25,2326.715,2613.097,9313.128,881.756
2013-03-26,2297.669,2575.05,9226.636,876.361
2013-03-27,2301.259,2583.53,9225.126,882.752
2013-03-28,2236.302,2499.302,8959.262,867.511
2013-03-29,2236.621,2495.083,8889.769,866.455
2013-04-01,2234.395,2493.187,8937.755,877.001
2013-04-02,2227.74,2486.391,8960.457,845.163
2013-04-03,2225.295,2483.547,8964.467,835.138
2013-04-08,2211.592,2472.299,8953.836,853.484
2013-04-09,2225.775,2489.43,8993.114,861.991
2013-04-10,2226.126,2485.309,8962.299,850.533
2013-04-11,2219.553,2477.876,8920.713,847.782
2013-04-12,2206.78,2462.112,8835.147,846.612
2013-04-15,2181.942,2436.818,8733.441,836.342
2013-04-16,2194.846,2459.592,8852.421,846.054
2013-04-17,2193.796,2458.473,8894.368,867.511
2013-04-18,2197.602,2464.851,8888.016,873.481
2013-04-19,2244.643,2533.827,9111.186,892.21
2013-04-22,2242.169,2530.67,9057.617,916.021
2013-04-23,2184.538,2449.471,8793.134,893.79
2013-04-24,2218.318,2495.579,8911.65,923.406
2013-04-25,2199.307,2467.875,8772.576,903.634
2013-04-26,2177.912,2447.306,8691.386,889.381
2013-05-02,2174.123,2449.639,8718.197,913.651
2013-05-03,2205.497,2492.912,8847.675,939.21
2013-05-06,2231.166,2525.983,8997.076,958.022
2013-05-07,2235.575,2529.938,9022.902,957.44
2013-05-08,2246.3,2542.798,9074.838,980.083
2013-05-09,2232.971,2527.794,9050.08,992.161
2013-05-10,2246.831,2540.836,9071.161,988.3
2013-05-13,2241.92,2530.768,9014.282,995.109
2013-05-14,2217.01,2493.338,8809.085,976.333
2013-05-15,2224.797,2506.925,8869.854,1012.656
2013-05-16,2251.806,2552.709,9061.328,1009.526
2013-05-17,2282.87,2592.048,9246.276,1023.403
2013-05-20,2299.986,2609.607,9307.151,1051.653
2013-05-21,2305.114,2614.853,9403.535,1073.583
2013-05-22,2302.403,2618.034,9405.061,1039.811
2013-05-23,2275.667,2582.849,9265.676,1042.897
2013-05-24,2288.533,2597.228,9304.86,1073.782
2013-05-27,2293.077,2599.587,9260.632,1089.724
2013-05-28,2321.318,2644.359,9441.688,1059.002
2013-05-29,2324.017,2642.561,9404.401,1065.96
2013-05-30,2317.749,2634.323,9379.193,1073.869
2013-05-31,2300.595,2606.426,9257.949,1073.023
2013-06-03,2299.252,2602.623,9251.242,1052.136
2013-06-04,2272.416,2565.666,9124.269,1022.46
2013-06-05,2270.931,2560.539,9143.442,1032.756
2013-06-06,2242.11,2527.845,9001.089,1022.13
2013-06-07,2210.898,2484.16,8763.607,1030.139
2013-06-13,2148.355,2399.937,8432.425,1029.275
2013-06-14,2162.041,2416.771,8479.458,1068.147
2013-06-17,2156.215,2403.839,8404.5,1073.691
2013-06-18,2159.291,2418.745,8470.865,1072.93
2013-06-19,2143.454,2400.765,8421.242,1067.625
2013-06-20,2084.021,2321.466,8147.483,1029.528
2013-06-21,2073.095,2317.394,8136.046,1025.497
2013-06-24,1963.235,2171.21,7588.522,971.454
2013-06-25,1959.508,2165.421,7495.096,984.746
2013-06-26,1951.495,2168.297,7566.396,1038.976
2013-06-27,1950.013,2160.735,7544.329,1022.503
2013-06-28,1979.206,2200.639,7694.466,1011.658
2013-07-01,1995.242,2213.317,7718.477,1055.839
2013-07-02,2006.56,2221.984,7768.836,1083.248
2013-07-03,1994.268,2203.828,7703.736,1104.578
2013-07-04,2006.098,2221.979,7804.114,1087.904
2013-07-05,2007.199,2226.849,7856.591,1057.273
2013-07-08,1958.273,2163.619,7637.627,1030.604
2013-07-09,1965.454,2162.669,7600.472,1050.715
2013-07-10,2008.126,2224.065,7851.249,1068.857
2013-07-11,2072.991,2326.688,8184.767,1080.782
2013-07-12,2039.486,2275.373,8012.841,1096.296
2013-07-15,2059.39,2307.297,8137.77,1139.567
2013-07-16,2065.72,2317.848,8186.684,1143.195
2013-07-17,2044.922,2282.836,8063.802,1129.48
2013-07-18,2023.396,2245.328,7904.268,1127.966
2013-07-19,1992.648,2190.478,7663.986,1116.005
2013-07-22,2004.762,2202.189,7684.226,1153.772
2013-07-23,2043.876,2265.845,7963.703,1178.588
2013-07-24,2033.329,2249.151,7935.848,1203.308
2013-07-25,2021.174,2237.683,7894.603,1150.387
2013-07-26,2010.85,2224.008,7843.362,1158.354
2013-07-29,1976.306,2175.97,7668.535,1136.984
2013-07-30,1990.064,2189.388,7730.171,1124.102
2013-07-31,1993.799,2193.021,7765.396,1134.015
2013-08-01,2029.067,2245.364,7931.786,1190.113
2013-08-02,2029.418,2247.263,7961.469,1188.851
2013-08-05,2050.481,2278.329,8060.387,1202.832
2013-08-06,2060.5,2293.641,8143.131,1211.782
2013-08-07,2046.778,2280.623,8096.091,1175.702
2013-08-08,2044.895,2276.782,8114.866,1185.955
2013-08-09,2052.235,2286.01,8145.967,1172.519
2013-08-12,2101.283,2352.794,8356.733,1161.872
2013-08-13,2106.156,2359.068,8362.652,1172.329
2013-08-14,2100.137,2349.08,8336.807,1180.656
2013-08-15,2081.88,2321.576,8228.872,1167.094
2013-08-16,2068.452,2304.144,8168.088,1132.086
2013-08-19,2085.602,2331.43,8285.723,1171.402
2013-08-20,2072.595,2312.465,8234.562,1175.783
2013-08-21,2072.961,2308.589,8236.09,1181.34
2013-08-22,2067.124,2303.932,8245.04,1197.134
2013-08-23,2057.458,2286.929,8166.277,1219.825
2013-08-26,2096.474,2335.616,8334.571,1238.172
2013-08-27,2103.567,2340.881,8341.772,1250.751
2013-08-28,2101.301,2328.056,8259.381,1227.995
2013-08-29,2097.227,2318.311,8214.491,1226.296
2013-08-30,2098.382,2313.91,8202.481,1185.145
2013-09-02,2098.448,2320.344,8243.577,1210.185
2013-09-03,2123.112,2354.502,8368.038,1234.587
2013-09-04,2127.618,2350.699,8344.958,1236.35
2013-09-05,2122.43,2341.735,8286.064,1267.26
2013-09-06,2139.993,2357.782,8280.333,1282.746
2013-09-09,2212.516,2440.609,8504.735,1275.912
2013-09-10,2237.984,2474.894,8636.626,1263.589
2013-09-11,2241.268,2482.889,8675.625,1220.705
2013-09-12,2255.605,2507.455,8714.883,1220.633
2013-09-13,2236.217,2488.902,8687.538,1253.448
2013-09-16,2231.401,2478.39,8658.999,1278.798
2013-09-17,2185.56,2427.322,8493.779,1269.36
2013-09-18,2191.851,2432.51,8480.744,1289.642
2013-09-23,2221.044,2472.288,8719.288,1326.091
2013-09-24,2207.531,2443.885,8664.801,1328.404
2013-09-25,2198.515,2429.03,8613.71,1323.04
2013-09-26,2155.809,2384.443,8439.467,1306.344
2013-09-27,2160.027,2394.971,8472.293,1323.759
2013-09-30,2174.665,2409.037,8514.569,1367.912
2013-10-08,2198.199,2441.811,8681.533,1387.663
2013-10-09,2211.769,2453.583,8667.773,1415.833
2013-10-10,2190.929,2429.317,8685.793,1378.148
2013-10-11,2228.146,2468.508,8737.972,1379.9
2013-10-14,2237.773,2472.542,8760.1,1393.602
2013-10-15,2233.412,2467.517,8700.345,1389.749
2013-10-16,2193.074,2421.371,8542.866,1335.1
2013-10-17,2188.542,2413.33,8521.199,1322.988
2013-10-18,2193.78,2426.054,8584.866,1349.937
2013-10-21,2229.237,2471.322,8739.52,1400.967
2013-10-22,2210.652,2445.891,8619.636,1350.473
2013-10-23,2183.107,2418.491,8512.958,1311.231
2013-10-24,2164.322,2400.511,8486.524,1295.932
2013-10-25,2132.955,2368.559,8379.613,1269.171
2013-10-28,2133.869,2365.954,8336.682,1279.05
2013-10-29,2128.864,2372.053,8398.922,1261.684
2013-10-30,2160.463,2407.471,8553.366,1273.291
2013-10-31,2141.614,2373.718,8444.405,1235.555
2013-11-01,2149.562,2384.96,8451.72,1221.962
2013-11-04,2149.634,2380.454,8416.932,1222.456
2013-11-05,2157.24,2383.769,8451.728,1260.025
2013-11-06,2139.607,2353.568,8287.86,1241.789
2013-11-07,2129.4,2340.552,8240.252,1224.05
2013-11-08,2106.127,2307.945,8155.397,1211.11
2013-11-11,2109.471,2315.889,8168.674,1212.689
2013-11-12,2126.772,2340.0,8279.308,1228.346
2013-11-13,2087.941,2288.116,8110.995,1212.08
2013-11-14,2100.506,2304.501,8156.535,1249.667
2013-11-15,2135.827,2350.734,8305.906,1269.052
2013-11-18,2197.219,2428.903,8523.754,1291.151
2013-11-19,2193.125,2412.163,8461.21,1298.166
2013-11-20,2206.613,2424.85,8510.682,1299.264
2013-11-21,2205.766,2409.989,8472.023,1298.953
2013-11-22,2196.378,2397.962,8413.344,1295.067
2013-11-25,2186.115,2388.629,8379.55,1293.795
2013-11-26,2183.073,2387.416,8365.349,1291.854
2013-11-27,2201.07,2414.481,8447.457,1329.477
2013-11-28,2219.372,2439.53,8548.367,1336.661
2013-11-29,2220.504,2438.944,8542.608,1366.834
2013-12-02,2207.371,2418.788,8376.644,1253.929
2013-12-03,2222.67,2442.784,8492.523,1255.329
2013-12-04,2251.762,2475.135,8600.818,1240.287
2013-12-05,2247.063,2468.197,8560.79,1202.066
2013-12-06,2237.108,2452.287,8526.681,1206.783
2013-12-09,2238.2,2450.872,8519.675,1241.715
2013-12-10,2237.492,2453.322,8554.172,1231.921
2013-12-11,2204.166,2412.763,8409.798,1244.505
2013-12-12,2202.796,2410.015,8400.646,1279.318
2013-12-13,2196.075,2406.639,8429.817,1278.143
2013-12-16,2160.861,2367.923,8272.668,1279.958
2013-12-17,2151.079,2356.376,8213.432,1267.673
2013-12-18,2148.285,2357.226,8236.948,1256.0
2013-12-19,2127.792,2332.41,8147.705,1256.084
2013-12-20,2084.794,2278.136,7966.718,1253.714
2013-12-23,2089.707,2284.602,7989.512,1242.806
2013-12-24,2092.905,2288.248,8027.43,1258.823
2013-12-25,2106.354,2305.11,8096.37,1288.341
2013-12-26,2073.099,2265.334,7897.325,1269.535
2013-12-27,2101.251,2303.478,8048.854,1294.302
2013-12-30,2097.529,2299.458,7999.301,1307.988
2013-12-31,2115.978,2330.026,8121.788,1304.444
2014-01-02,2109.387,2321.978,8114.388,1333.003
2014-01-03,2083.136,2290.779,8028.33,1352.84
2014-01-06,2045.709,2238.637,7818.458,1323.328
2014-01-07,2047.317,2238.001,7806.312,1352.276
2014-01-08,2044.34,2241.911,7802.143,1405.023
2014-01-09,2027.622,2222.221,7746.737,1380.244
2014-01-10,2013.298,2204.851,7648.043,1353.302
2014-01-13,2009.564,2193.679,7572.56,1362.788
2014-01-14,2026.842,2212.846,7665.771,1400.916
2014-01-15,2023.348,2208.941,7668.802,1415.323
2014-01-16,2023.701,2211.844,7667.219,1395.163
2014-01-17,2004.949,2178.488,7544.565,1395.509
2014-01-20,1991.253,2165.993,7524.328,1372.736
2014-01-21,2008.313,2187.41,7593.425,1407.152
2014-01-22,2051.749,2243.796,7820.453,1431.741
2014-01-23,2042.18,2231.889,7788.471,1461.525
2014-01-24,2054.392,2245.678,7855.143,1484.432
2014-01-27,2033.3,2215.919,7752.538,1477.669
2014-01-28,2038.513,2219.855,7740.75,1471.34
2014-01-29,2049.914,2227.781,7707.593,1496.527
2014-01-30,2033.083,2202.45,7572.634,1495.978
2014-02-07,2044.497,2212.483,7616.569,1532.687
2014-02-10,2086.067,2267.534,7812.163,1553.415
2014-02-11,2103.671,2285.562,7838.123,1527.151
2014-02-12,2109.955,2291.246,7902.081,1539.966
2014-02-13,2098.401,2279.554,7857.111,1485.131
2014-02-14,2115.848,2295.575,7883.753,1515.784
2014-02-17,2135.415,2311.647,7943.962,1558.616
2014-02-18,2119.066,2282.442,7832.472,1545.341
2014-02-19,2142.554,2308.656,7953.943,1544.402
2014-02-20,2138.782,2287.436,7842.12,1515.164
2014-02-21,2113.693,2264.294,7750.556,1519.665
2014-02-24,2076.686,2214.509,7542.533,1540.026
2014-02-25,2034.219,2157.909,7303.945,1472.691
2014-02-26,2041.254,2163.405,7319.614,1465.985
2014-02-27,2047.354,2154.108,7188.744,1414.657
2014-02-28,2056.302,2178.971,7365.925,1434.894
2014-03-03,2075.235,2190.37,7391.908,1465.139
2014-03-04,2071.473,2184.273,7347.109,1460.452
2014-03-05,2053.084,2163.976,7298.13,1464.578
2014-03-06,2059.578,2173.634,7352.029,1462.528
2014-03-07,2057.908,2168.358,7328.483,1460.611
2014-03-10,1999.065,2097.787,7118.444,1407.073
2014-03-11,2001.157,2108.661,7212.574,1395.813
2014-03-12,1997.692,2114.134,7217.02,1399.266
2014-03-13,2019.111,2140.333,7319.287,1436.856
2014-03-14,2004.339,2122.836,7239.062,1434.021
2014-03-17,2023.673,2143.038,7340.623,1477.415
2014-03-18,2025.196,2138.133,7273.95,1485.64
2014-03-19,2021.734,2120.87,7150.116,1466.217
2014-03-20,1993.479,2086.967,6998.194,1417.658
2014-03-21,2047.619,2158.798,7241.568,1419.84
2014-03-24,2066.279,2176.554,7273.757,1397.294
2014-03-25,2067.311,2174.44,7252.349,1394.824
2014-03-26,2063.67,2171.047,7244.194,1417.614
2014-03-27,2046.588,2155.707,7173.024,1367.964
2014-03-28,2041.712,2151.965,7165.57,1330.5
2014-03-31,2033.306,2146.305,7189.578,1327.8
2014-04-01,2047.46,2163.115,7281.109,1355.051
2014-04-02,2058.988,2180.727,7333.587,1327.983
2014-04-03,2043.702,2165.008,7298.002,1326.176
2014-04-04,2058.831,2185.472,7367.801,1346.738
2014-04-08,2098.284,2237.316,7508.657,1351.183
2014-04-09,2105.237,2238.62,7511.253,1370.462
2014-04-10,2134.3,2273.761,7563.202,1381.142
2014-04-11,2130.542,2270.666,7586.825,1363.899
2014-04-14,2131.539,2268.613,7583.282,1372.728
2014-04-15,2101.601,2229.463,7449.705,1369.889
2014-04-16,2105.122,2232.526,7468.464,1359.304
2014-04-17,2098.885,2224.803,7451.038,1367.591
2014-04-18,2097.748,2224.479,7455.738,1377.419
2014-04-21,2065.826,2187.248,7353.602,1363.851
2014-04-22,2072.831,2196.795,7391.217,1336.187
2014-04-23,2067.382,2194.668,7434.725,1326.438
2014-04-24,2057.033,2190.474,7419.444,1319.505
2014-04-25,2036.519,2167.826,7323.654,1291.903
2014-04-28,2003.487,2134.969,7240.462,1257.263
2014-04-29,2020.341,2158.47,7339.864,1266.543
2014-04-30,2026.358,2158.659,7312.862,1283.209
2014-05-05,2027.353,2156.47,7309.555,1302.146
2014-05-06,2028.038,2157.328,7311.886,1316.858
2014-05-07,2010.083,2137.316,7234.694,1290.025
2014-05-08,2015.274,2135.496,7169.976,1279.837
2014-05-09,2011.135,2133.911,7162.437,1258.584
2014-05-12,2052.871,2180.054,7318.139,1278.282
2014-05-13,2050.728,2174.852,7310.314,1276.244
2014-05-14,2047.91,2172.372,7325.522,1278.661
2014-05-15,2024.974,2144.084,7213.77,1253.879
2014-05-16,2026.504,2145.952,7242.167,1226.473
2014-05-19,2005.183,2115.143,7151.487,1228.371
2014-05-20,2008.119,2115.771,7151.18,1244.647
2014-05-21,2024.951,2135.905,7204.646,1257.796
2014-05-22,2021.285,2130.868,7183.675,1269.513
2014-05-23,2034.569,2148.414,7240.921,1295.998
2014-05-26,2041.476,2155.976,7275.106,1320.759
2014-05-27,2034.565,2147.28,7260.123,1306.284
2014-05-28,2050.228,2169.352,7380.694,1338.971
2014-05-29,2040.595,2155.164,7341.564,1314.212
2014-05-30,2039.212,2156.464,7364.829,1318.127
2014-06-03,2038.305,2149.918,7321.52,1319.625
2014-06-04,2024.834,2128.274,7223.128,1321.718
2014-06-05,2040.878,2150.602,7303.635,1355.482
2014-06-06,2029.956,2134.716,7235.39,1350.447
2014-06-09,2030.502,2134.281,7227.242,1326.675
2014-06-10,2052.532,2161.268,7341.663,1353.871
2014-06-11,2054.948,2160.766,7340.686,1367.388
2014-06-12,2051.713,2153.41,7299.812,1363.739
2014-06-13,2070.715,2176.242,7401.353,1382.733
2014-06-16,2085.983,2191.855,7416.989,1395.611
2014-06-17,2066.698,2169.674,7331.374,1377.431
2014-06-18,2055.519,2160.239,7297.397,1363.991
2014-06-19,2023.735,2126.907,7180.321,1320.655
2014-06-20,2026.674,2136.729,7195.688,1333.982
2014-06-23,2024.365,2134.11,7192.873,1361.283
2014-06-24,2033.931,2144.821,7240.845,1369.439
2014-06-25,2025.502,2133.371,7217.653,1358.708
2014-06-26,2038.677,2149.076,7291.882,1386.273
2014-06-27,2036.51,2150.258,7312.624,1388.815
2014-06-30,2048.327,2165.118,7343.275,1404.71
2014-07-01,2050.381,2164.559,7297.495,1411.736
2014-07-02,2059.418,2170.867,7310.377,1419.937
2014-07-03,2063.229,2180.192,7335.536,1422.603
2014-07-04,2059.375,2178.695,7333.91,1411.638
2014-07-07,2059.927,2176.289,7321.515,1393.889
2014-07-08,2064.021,2180.473,7358.33,1410.725
2014-07-09,2038.612,2148.71,7192.706,1384.579
2014-07-10,2038.342,2142.847,7159.628,1363.882
2014-07-11,2046.961,2148.009,7206.973,1359.342
2014-07-14,2066.646,2171.758,7278.858,1367.07
2014-07-15,2070.357,2174.976,7304.409,1341.269
2014-07-16,2067.276,2170.868,7261.913,1318.615
2014-07-17,2055.591,2157.068,7194.744,1312.809
2014-07-18,2059.067,2164.144,7259.448,1305.922
2014-07-21,2054.479,2166.295,7274.505,1306.965
2014-07-22,2075.481,2192.698,7372.654,1329.349
2014-07-23,2078.489,2197.833,7375.306,1293.094
2014-07-24,2105.062,2237.015,7503.401,1271.879
2014-07-25,2126.614,2260.454,7578.118,1285.768
2014-07-28,2177.948,2323.897,7808.66,1314.527
2014-07-29,2183.192,2331.369,7867.042,1331.764
2014-07-30,2181.243,2322.011,7853.226,1342.738
2014-07-31,2201.562,2350.251,7956.907,1344.544
2014-08-01,2185.303,2329.402,7880.975,1325.938
2014-08-04,2223.331,2375.62,8006.909,1329.821
2014-08-05,2219.945,2369.353,8007.762,1360.692
2014-08-06,2217.465,2363.221,7995.499,1365.74
2014-08-07,2187.669,2327.457,7872.953,1362.028
2014-08-08,2194.425,2331.134,7885.327,1377.445
2014-08-11,2224.654,2365.349,8009.735,1397.784
2014-08-12,2221.595,2357.052,7966.887,1396.438
2014-08-13,2222.877,2358.901,7980.49,1384.309
2014-08-14,2206.466,2335.945,7893.898,1380.303
2014-08-15,2226.734,2360.635,7982.074,1392.451
2014-08-18,2239.466,2374.562,8045.861,1428.739
2014-08-19,2245.33,2374.768,8043.254,1436.396
2014-08-20,2240.211,2366.14,8023.072,1427.404
2014-08-21,2230.458,2354.244,8010.71,1447.881
2014-08-22,2240.812,2365.364,8059.4,1461.722
2014-08-25,2229.274,2342.863,7934.806,1443.806
2014-08-26,2207.106,2324.092,7813.977,1411.15
2014-08-27,2209.465,2327.595,7841.074,1420.54
2014-08-28,2195.818,2311.278,7743.537,1403.795
2014-08-29,2217.2,2338.287,7841.701,1424.469
2014-09-01,2235.511,2355.317,7941.163,1452.843
2014-09-02,2266.046,2386.46,8043.312,1465.033
2014-09-03,2288.627,2408.838,8115.867,1477.673
2014-09-04,2306.862,2426.224,8176.566,1495.513
2014-09-05,2326.432,2449.259,8214.526,1489.835
2014-09-09,2326.527,2445.224,8201.508,1494.017
2014-09-10,2318.305,2432.433,8158.595,1504.914
2014-09-11,2311.679,2423.454,8117.922,1513.014
2014-09-12,2331.95,2438.358,8146.994,1524.121
2014-09-15,2339.14,2437.189,8112.648,1526.135
2014-09-16,2296.555,2388.765,7921.073,1473.13
2014-09-17,2307.893,2401.326,7981.822,1479.118
2014-09-18,2315.928,2408.664,8004.571,1490.787
2014-09-19,2329.451,2425.211,8047.253,1499.124
2014-09-22,2289.866,2378.92,7895.869,1483.353
2014-09-23,2309.718,2399.462,7965.885,1500.99
2014-09-24,2343.575,2441.864,8100.224,1517.421
2014-09-25,2345.103,2436.965,8076.512,1508.416
2014-09-26,2347.718,2437.201,8072.883,1511.357
2014-09-29,2357.711,2447.799,8082.845,1526.175
2014-09-30,2363.87,2450.988,8080.346,1540.874
2014-10-08,2382.794,2478.383,8183.652,1557.568
2014-10-09,2389.371,2481.955,8204.009,1561.166
2014-10-10,2374.54,2466.789,8211.542,1554.217
2014-10-13,2366.009,2454.946,8164.067,1548.327
2014-10-14,2359.475,2446.562,8139.961,1539.119
2014-10-15,2373.67,2463.874,8198.124,1545.623
2014-10-16,2356.499,2444.395,8110.687,1526.56
2014-10-17,2341.184,2441.732,8151.523,1511.054
2014-10-20,2356.728,2454.711,8204.202,1532.38
2014-10-21,2339.657,2433.391,8106.92,1517.483
2014-10-22,2326.553,2418.641,8063.202,1504.552
2014-10-23,2302.418,2395.936,7969.164,1477.837
2014-10-24,2302.28,2390.706,7921.131,1477.588
2014-10-27,2290.437,2368.832,7829.332,1492.01
2014-10-28,2337.871,2416.653,7988.341,1522.052
2014-10-29,2373.03,2451.384,8090.681,1530.084
2014-10-30,2391.076,2468.925,8090.553,1525.767
2014-10-31,2420.178,2508.325,8225.612,1513.267
2014-11-03,2430.032,2512.548,8240.149,1529.892
2014-11-04,2430.677,2513.172,8206.791,1516.396
2014-11-05,2419.254,2503.448,8198.571,1512.487
2014-11-06,2425.864,2506.067,8211.959,1532.52
2014-11-07,2418.171,2502.153,8234.866,1522.625
2014-11-10,2473.673,2565.73,8410.216,1514.818
2014-11-11,2469.673,2558.612,8312.885,1461.508
2014-11-12,2494.476,2594.318,8410.29,1475.753
2014-11-13,2485.606,2579.75,8305.084,1442.859
2014-11-14,2478.824,2581.093,8326.897,1441.213
2014-11-17,2474.009,2567.101,8283.804,1471.685
2014-11-18,2456.366,2541.416,8196.594,1481.86
2014-11-19,2450.986,2537.223,8225.073,1505.552
2014-11-20,2452.66,2537.099,8205.377,1494.591
2014-11-21,2486.791,2583.455,8332.298,1504.833
2014-11-24,2532.879,2649.258,8577.906,1507.811
2014-11-25,2567.597,2685.561,8693.432,1541.922
2014-11-26,2604.345,2723.018,8763.784,1554.22
2014-11-27,2630.486,2754.49,8860.433,1563.409
2014-11-28,2682.835,2808.819,9002.227,1570.851
2014-12-01,2680.155,2819.812,9095.757,1552.306
2014-12-02,2763.545,2923.94,9366.949,1565.417
2014-12-03,2779.525,2967.549,9643.924,1604.447
2014-12-04,2899.456,3104.351,10029.831,1621.845
2014-12-05,2937.647,3124.885,10067.279,1581.907
2014-12-08,3020.258,3252.881,10554.566,1567.163
2014-12-09,2856.269,3106.913,10116.49,1504.623
2014-12-10,2940.006,3221.546,10545.515,1572.685
2014-12-11,2925.743,3183.012,10478.881,1587.665
2014-12-12,2938.173,3193.227,10462.312,1623.569
2014-12-15,2953.421,3217.228,10504.229,1657.498
2014-12-16,3021.518,3303.402,10668.617,1649.582
2014-12-17,3061.02,3360.598,10786.722,1644.212
2014-12-18,3057.521,3345.927,10665.179,1634.052
2014-12-19,3108.596,3383.167,10627.109,1596.811
2014-12-22,3127.445,3394.481,10608.515,1517.928
2014-12-23,3032.612,3324.924,10570.786,1496.534
2014-12-24,2972.532,3230.385,10292.522,1519.798
2014-12-25,3072.536,3335.419,10493.779,1529.468
2014-12-26,3157.603,3445.839,10802.636,1536.082
2014-12-29,3168.016,3455.455,10780.396,1499.4
2014-12-30,3165.815,3457.554,10722.262,1460.108
2014-12-31,3234.677,3533.705,11014.624,1471.764
2015-01-05,3350.519,3641.541,11520.59,1464.774
2015-01-06,3351.446,3641.059,11667.967,1539.828
2015-01-07,3373.954,3643.79,11613.356,1523.387
2015-01-08,3293.456,3559.259,11465.138,1541.887
2015-01-09,3285.412,3546.723,11324.762,1553.239
2015-01-12,3229.316,3513.576,11285.18,1586.124
2015-01-13,3235.301,3514.04,11355.809,1601.168
2015-01-14,3222.437,3502.423,11237.782,1588.007
2015-01-15,3336.455,3604.121,11483.684,1586.335
2015-01-16,3376.495,3635.146,11532.802,1639.555
2015-01-19,3116.351,3355.155,10770.929,1630.065
2015-01-20,3173.052,3396.222,10996.482,1700.852
2015-01-21,3323.611,3548.885,11372.18,1722.581
2015-01-22,3343.344,3567.613,11471.209,1744.037
2015-01-23,3351.764,3571.732,11436.287,1697.288
2015-01-26,3383.182,3607.985,11686.967,1739.79
2015-01-27,3352.96,3574.931,11551.873,1743.675
2015-01-28,3305.738,3525.323,11354.201,1731.413
2015-01-29,3262.305,3481.798,11249.037,1711.372
2015-01-30,3210.363,3434.39,11150.694,1680.58
2015-02-02,3128.3,3353.96,10963.136,1696.829
2015-02-03,3204.907,3437.445,11209.19,1750.906
2015-02-04,3174.126,3401.768,11116.55,1757.739
2015-02-05,3136.531,3366.946,11065.578,1774.312
2015-02-06,3075.907,3312.42,10791.103,1730.966
2015-02-09,3095.124,3345.921,10868.141,1708.845
2015-02-10,3141.593,3406.943,11136.62,1747.675
2015-02-11,3157.704,3434.124,11265.626,1772.845
2015-02-12,3173.416,3442.874,11302.731,1788.809
2015-02-13,3203.827,3469.828,11443.052,1825.488
2015-02-16,3222.363,3499.483,11595.253,1896.628
2015-02-17,3246.906,3522.322,11718.562,1894.306
2015-02-25,3228.843,3478.729,11539.7,1876.745
2015-02-26,3298.359,3566.295,11750.78,1880.388
2015-02-27,3310.303,3572.843,11757.684,1928.044
2015-03-02,3336.285,3601.265,11884.017,1986.986
2015-03-03,3263.052,3507.9,11526.223,1961.743
2015-03-04,3279.533,3530.822,11655.075,2009.827
2015-03-05,3248.476,3496.344,11566.388,2014.786
2015-03-06,3241.187,3478.52,11392.397,1951.398
2015-03-09,3302.408,3537.75,11533.231,1994.39
2015-03-10,3286.068,3520.611,11556.653,2045.322
2015-03-11,3290.9,3524.653,11525.088,2035.829
2015-03-12,3349.323,3592.844,11635.589,2018.132
2015-03-13,3372.911,3617.657,11713.611,2069.072
2015-03-16,3449.305,3705.671,12017.773,2142.672
2015-03-17,3502.847,3757.122,12169.516,2137.462
2015-03-18,3577.301,3846.055,12496.239,2182.919
2015-03-19,3582.271,3839.739,12429.111,2183.878
2015-03-20,3617.318,3892.574,12544.454,2213.766
2015-03-23,3687.728,3972.061,12780.317,2293.649
2015-03-24,3691.41,3973.046,12801.202,2357.969
2015-03-25,3660.727,3940.412,12757.095,2385.014
2015-03-26,3682.095,3949.999,12712.979,2291.789
2015-03-27,3691.096,3971.697,12874.424,2323.818
2015-03-30,3786.568,4088.178,13193.316,2290.476
2015-03-31,3747.899,4051.204,13160.664,2335.171
2015-04-01,3810.294,4123.895,13394.725,2404.909
2015-04-02,3825.784,4124.776,13426.1,2475.325
2015-04-03,3863.929,4170.538,13494.641,2510.16
2015-04-07,3961.378,4260.044,13768.728,2556.698
2015-04-08,3994.811,4295.803,13841.717,2488.158
2015-04-09,3957.534,4262.138,13796.733,2496.487
2015-04-10,4034.31,4344.416,14013.335,2552.829
2015-04-13,4121.715,4421.073,14149.505,2577.776
2015-04-14,4135.565,4438.184,14042.464,2558.848
2015-04-15,4084.163,4380.513,13646.607,2441.739
2015-04-16,4194.823,4513.546,13967.802,2484.33
2015-04-17,4287.296,4596.136,14149.342,2463.99
2015-04-20,4217.077,4521.919,13871.599,2424.848
2015-04-21,4293.623,4619.164,14438.995,2566.091
2015-04-22,4398.494,4739.814,14749.133,2634.931
2015-04-23,4414.508,4740.892,14743.217,2706.185
2015-04-24,4393.686,4702.641,14598.695,2734.75
2015-04-27,4527.396,4807.592,14809.424,2747.497
2015-04-28,4476.215,4741.861,14707.245,2687.974
2015-04-29,4476.62,4774.326,14871.952,2797.524
2015-04-30,4441.655,4749.886,14818.64,2857.89
2015-05-04,4480.464,4787.741,14860.53,2845.252
2015-05-05,4298.706,4596.837,14233.098,2783.443
2015-05-06,4229.266,4553.327,14136.166,2846.558
2015-05-07,4112.214,4470.089,14114.728,2806.047
2015-05-08,4205.917,4558.404,14481.249,2973.596
2015-05-11,4333.584,4690.532,14944.883,3146.83
2015-05-12,4401.219,4747.421,15066.289,3250.296
2015-05-13,4375.76,4718.436,15173.092,3192.147
2015-05-14,4378.311,4700.778,15024.468,3141.593
2015-05-15,4308.691,4617.47,14694.947,3145.335
2015-05-18,4283.491,4575.14,14672.632,3278.483
2015-05-19,4417.552,4731.222,15127.376,3322.774
2015-05-20,4446.288,4754.919,15337.083,3406.284
2015-05-21,4529.422,4840.976,15872.534,3527.413
2015-05-22,4657.596,4951.335,16045.797,3516.627
2015-05-25,4813.798,5099.495,16351.056,3467.916
2015-05-26,4910.897,5198.918,16903.471,3618.231
2015-05-27,4941.714,5181.434,16963.521,3628.673
2015-05-28,4620.266,4834.007,15912.947,3432.982
2015-05-29,4611.744,4840.829,16100.448,3542.844
2015-06-01,4828.738,5076.179,16917.525,3718.753
2015-06-02,4910.527,5161.87,17485.578,3901.543
2015-06-03,4909.978,5143.59,17538.504,3982.251
2015-06-04,4947.102,5181.416,17501.053,3943.467
2015-06-05,5023.096,5230.552,17649.086,3885.832
2015-06-08,5131.881,5353.751,17452.309,3704.553
2015-06-09,5113.534,5317.461,17398.996,3705.536
2015-06-10,5106.036,5309.112,17677.572,3834.699
2015-06-11,5121.593,5306.59,17889.689,3862.138
2015-06-12,5166.35,5335.115,18098.273,3899.705
2015-06-15,5062.993,5221.167,17702.551,3696.027
2015-06-16,4887.432,5064.821,17075.932,3590.669
2015-06-17,4967.898,5138.831,17405.57,3741.357
2015-06-18,4785.356,4930.549,16734.84,3504.554
2015-06-19,4478.364,4637.052,15725.47,3314.976
2015-06-23,4576.492,4786.091,16045.989,3393.94
2015-06-24,4690.15,4880.126,16312.311,3383.404
2015-06-25,4527.779,4706.516,15692.444,3206.381
2015-06-26,4192.873,4336.195,14398.785,2920.703
2015-06-29,4053.03,4191.549,13566.271,2689.76
2015-06-30,4277.222,4472.998,14337.965,2858.606
2015-07-01,4053.7,4253.021,13650.816,2759.408
2015-07-02,3912.767,4107.996,12924.19,2649.316
2015-07-03,3686.915,3885.917,12246.062,2605.276
2015-07-06,3775.912,3998.537,12075.769,2493.828
2015-07-07,3727.125,3928.003,11375.604,2352.01
2015-07-08,3507.192,3663.038,11040.889,2364.049
2015-07-09,3709.33,3897.626,11510.34,2435.755
2015-07-10,3877.803,4106.556,12038.145,2535.889
2015-07-13,3970.388,4211.812,12614.155,2683.074
2015-07-14,3924.487,4112.149,12728.513,2726.048
2015-07-15,3805.703,3966.759,12132.419,2590.031
2015-07-16,3823.176,3997.356,12357.606,2627.076
2015-07-17,3957.352,4151.496,13004.957,2783.324
2015-07-20,3992.11,4160.612,13202.395,2848.303
2015-07-21,4017.675,4166.006,13315.556,2882.897
2015-07-22,4026.045,4157.16,13416.536,2897.373
2015-07-23,4123.923,4250.805,13754.528,2967.952
2015-07-24,4070.908,4176.279,13518.515,2897.824
2015-07-27,3725.558,3818.731,12493.046,2683.446
2015-07-28,3663.002,3811.093,12316.776,2581.962
2015-07-29,3789.168,3930.379,12823.073,2693.865
2015-07-30,3705.766,3815.412,12395.922,2561.191
2015-07-31,3663.726,3816.699,12374.254,2539.844
2015-08-03,3622.905,3829.235,12161.576,2399.273
2015-08-04,3756.545,3948.155,12711.562,2546.162
2015-08-05,3694.573,3866.9,12524.686,2502.041
2015-08-06,3661.539,3831.852,12421.849,2480.926
2015-08-07,3744.205,3906.945,12753.049,2576.993
2015-08-10,3928.415,4084.365,13302.962,2706.718
2015-08-11,3927.908,4066.669,13323.085,2698.912
2015-08-12,3886.32,4016.126,13117.101,2622.188
2015-08-13,3954.556,4075.463,13395.176,2684.258
2015-08-14,3965.335,4073.54,13445.874,2674.022
2015-08-17,3993.668,4077.872,13573.902,2666.287
2015-08-18,3748.164,3825.412,12683.855,2504.172
2015-08-19,3794.109,3886.136,12960.659,2570.691
2015-08-20,3664.291,3761.454,12584.577,2508.817
2015-08-21,3507.744,3589.536,11902.046,2341.954
2015-08-24,3209.905,3275.534,10970.29,2152.614
2015-08-25,2964.967,3042.927,10197.937,1990.706
2015-08-26,2927.288,3025.692,9899.719,1890.036
2015-08-27,3083.591,3205.638,10254.349,1959.494
2015-08-28,3232.35,3342.286,10799.996,2082.124
2015-08-31,3205.986,3366.536,10549.163,1996.865
2015-09-01,3166.624,3362.083,10162.516,1889.491
2015-09-02,3160.167,3365.832,10054.801,1855.032
2015-09-07,3080.42,3250.485,9991.764,1893.521
2015-09-08,3170.452,3334.023,10320.226,2001.156
2015-09-09,3243.089,3399.305,10620.133,2071.717
2015-09-10,3197.893,3357.561,10424.654,2039.118
2015-09-11,3200.234,3347.188,10463.692,2060.505
2015-09-14,3114.798,3281.132,9778.234,1906.214
2015-09-15,3005.172,3152.232,9290.807,1797.557
2015-09-16,3152.263,3309.248,9890.429,1926.245
2015-09-17,3086.061,3236.999,9739.89,1933.297
2015-09-18,3097.917,3251.273,9850.772,1983.298
2015-09-21,3156.54,3308.247,10176.727,2079.06
2015-09-22,3185.619,3339.03,10238.686,2078.718
2015-09-23,3115.888,3263.028,10132.295,2077.99
2015-09-24,3142.687,3284.999,10238.038,2106.594
2015-09-25,3092.347,3231.951,9904.764,2020.972
2015-09-28,3100.756,3242.752,10115.547,2122.257
2015-09-29,3038.137,3178.854,9949.918,2098.567
2015-09-30,3052.781,3202.948,9988.25,2082.673
2015-10-08,3143.357,3296.482,10394.734,2190.311
2015-10-09,3183.152,3340.116,10540.194,2216.656
2015-10-12,3287.662,3447.693,10961.363,2316.782
2015-10-13,3293.23,3445.043,11042.13,2342.039
2015-10-14,3262.441,3406.112,10901.479,2305.003
2015-10-15,3338.073,3486.815,11229.38,2404.533
2015-10-16,3391.352,3534.065,11374.834,2449.03
2015-10-19,3386.7,3534.182,11391.013,2433.599
2015-10-20,3425.33,3577.703,11597.08,2511.164
2015-10-21,3320.676,3473.254,10915.986,2344.74
2015-10-22,3368.739,3524.534,11305.103,2458.138
2015-10-23,3412.434,3571.241,11603.456,2538.383
2015-10-26,3429.581,3589.261,11687.772,2527.477
2015-10-27,3434.336,3592.879,11758.413,2563.958
2015-10-28,3375.196,3524.92,11494.347,2485.235
2015-10-29,3387.315,3533.307,11566.662,2485.276
2015-10-30,3382.561,3534.079,11546.051,2478.277
2015-11-02,3325.085,3475.962,11304.882,2432.038
2015-11-03,3316.695,3465.493,11288.144,2429.27
2015-11-04,3459.64,3628.538,11884.9,2584.317
2015-11-05,3522.819,3705.97,11939.81,2564.722
2015-11-06,3590.032,3793.374,12273.351,2661.412
2015-11-09,3646.881,3840.355,12453.241,2724.619
2015-11-10,3640.485,3833.238,12500.528,2746.609
2015-11-11,3650.249,3833.646,12677.537,2804.677
2015-11-12,3632.902,3795.324,12635.393,2783.298
2015-11-13,3580.839,3746.242,12402.036,2710.161
2015-11-16,3606.957,3764.126,12620.38,2797.162
2015-11-17,3604.795,3758.387,12511.545,2717.052
2015-11-18,3568.468,3715.58,12283.758,2661.165
2015-11-19,3617.062,3774.969,12609.844,2770.752
2015-11-20,3630.5,3774.383,12702.034,2800.15
2015-11-23,3610.315,3753.335,12586.691,2770.577
2015-11-24,3616.113,3753.889,12694.856,2816.048
2015-11-25,3647.93,3781.607,12893.228,2897.569
2015-11-26,3635.552,3759.429,12767.502,2833.198
2015-11-27,3436.303,3556.992,11961.703,2649.55
2015-11-30,3445.405,3566.412,12037.857,2672.581
2015-12-01,3456.309,3591.696,12081.17,2655.345
2015-12-02,3536.905,3721.955,12186.271,2613.263
2015-12-03,3584.824,3749.299,12447.381,2708.123
2015-12-04,3524.992,3677.592,12329.176,2692.161
2015-12-07,3536.927,3687.607,12443.047,2738.149
2015-12-08,3470.07,3623.02,12164.966,2691.658
2015-12-09,3472.439,3635.938,12179.831,2667.912
2015-12-10,3455.495,3623.084,12181.03,2695.507
2015-12-11,3434.581,3608.059,12134.02,2671.292
2015-12-14,3520.668,3711.322,12400.594,2709.265
2015-12-15,3510.354,3694.389,12495.249,2745.7
2015-12-16,3516.187,3685.44,12511.028,2763.114
2015-12-17,3579.999,3755.888,12825.48,2835.701
2015-12-18,3578.964,3767.913,12830.247,2830.259
2015-12-21,3642.472,3865.965,13028.31,2829.921
2015-12-22,3651.767,3876.733,13139.125,2839.852
2015-12-23,3636.089,3866.381,13007.868,2783.942
2015-12-24,3612.485,3829.402,12932.372,2795.78
2015-12-25,3627.914,3838.201,12980.566,2794.73
2015-12-28,3533.779,3727.632,12686.34,2735.485
2015-12-29,3563.736,3761.875,12806.156,2749.822
2015-12-30,3572.876,3765.175,12889.834,2779.513
2015-12-31,3539.182,3731.005,12664.89,2714.048
2016-01-04,3296.258,3469.066,11626.038,2491.24
2016-01-05,3287.711,3478.78,11468.06,2416.725
2016-01-06,3361.84,3539.808,11724.88,2468.366
2016-01-07,3125.002,3294.384,10760.273,2256.524
2016-01-08,3186.412,3361.563,10888.908,2248.99
2016-01-11,3016.704,3192.45,10212.459,2106.358
2016-01-12,3022.861,3215.71,10293.704,2147.531
2016-01-13,2949.597,3155.879,9978.821,2059.776
2016-01-14,3007.649,3221.571,10344.942,2175.012
2016-01-15,2900.97,3118.73,9997.925,2112.902
2016-01-18,2913.837,3130.729,10155.962,2174.934
2016-01-19,3007.739,3223.125,10501.786,2241.696
2016-01-20,2976.694,3174.378,10366.849,2204.648
2016-01-21,2880.482,3081.345,9975.974,2112.404
2016-01-22,2916.562,3113.463,10111.567,2149.586
2016-01-25,2938.515,3128.886,10192.531,2158.824
2016-01-26,2749.785,2940.509,9483.547,1994.047
2016-01-27,2735.558,2930.352,9422.43,1997.465
2016-01-28,2655.661,2853.756,9082.588,1906.461
2016-01-29,2737.6,2946.09,9418.204,1994.065
2016-02-01,2688.854,2901.048,9322.006,1992.695
2016-02-02,2749.57,2961.334,9610.93,2075.287
2016-02-03,2739.247,2948.639,9638.874,2090.513
2016-02-04,2781.023,2984.76,9793.142,2126.534
2016-02-05,2763.492,2963.789,9673.478,2096.986
2016-02-15,2746.196,2946.707,9668.845,2116.838
2016-02-16,2836.571,3037.035,10045.367,2201.925
2016-02-17,2867.338,3063.32,10161.769,2215.341
2016-02-18,2862.893,3053.699,10116.396,2190.911
2016-02-19,2860.021,3051.585,10162.315,2211.006
2016-02-22,2927.175,3118.868,10370.985,2245.564
2016-02-23,2903.331,3089.363,10299.674,2218.119
2016-02-24,2928.896,3109.545,10307.626,2203.741
2016-02-25,2741.245,2918.75,9551.076,2037.143
2016-02-26,2767.21,2948.031,9573.704,2014.92
2016-02-29,2687.979,2877.467,9097.795,1880.66
2016-03-01,2733.17,2930.694,9322.0,1934.919
2016-03-02,2849.681,3051.333,9766.366,2017.604
2016-03-03,2859.758,3058.422,9762.014,2007.076
2016-03-04,2874.147,3093.89,9536.707,1907.041
2016-03-07,2897.34,3104.84,9703.83,1953.332
2016-03-08,2901.387,3107.673,9732.727,2002.191
2016-03-09,2862.556,3071.907,9523.144,1970.813
2016-03-10,2804.726,3013.146,9390.347,1936.968
2016-03-11,2810.307,3018.284,9363.405,1934.87
2016-03-14,2859.499,3065.69,9665.13,2023.128
2016-03-15,2864.368,3074.78,9574.187,1996.92
2016-03-16,2870.43,3090.033,9469.028,1977.538
2016-03-17,2904.832,3124.204,9791.85,2087.293
2016-03-18,2955.15,3171.963,10126.589,2177.87
2016-03-21,3018.802,3249.437,10394.142,2227.034
2016-03-22,2999.363,3225.79,10344.082,2221.702
2016-03-23,3009.96,3236.092,10442.382,2259.106
2016-03-24,2960.97,3181.851,10283.679,2219.77
2016-03-25,2979.434,3197.817,10339.684,2216.086
2016-03-28,2957.82,3169.728,10276.84,2199.685
2016-03-29,2919.832,3135.41,10094.712,2152.548
2016-03-30,3000.645,3216.275,10445.691,2248.783
2016-03-31,3003.915,3218.088,10455.369,2238.286
2016-04-01,3009.53,3221.895,10379.647,2205.369
2016-04-05,3053.065,3264.486,10640.268,2279.52
2016-04-06,3050.592,3257.528,10683.857,2297.041
2016-04-07,3008.42,3209.29,10504.882,2248.684
2016-04-08,2984.958,3185.726,10413.54,2229.934
2016-04-11,3033.957,3230.096,10609.595,2283.143
2016-04-12,3023.646,3218.45,10533.405,2264.016
2016-04-13,3066.638,3261.383,10684.921,2294.015
2016-04-14,3082.362,3275.832,10771.614,2324.394
2016-04-15,3078.117,3272.205,10733.635,2309.676
2016-04-18,3033.66,3228.453,10568.93,2265.593
2016-04-19,3042.823,3238.303,10602.464,2272.52
2016-04-20,2972.584,3181.026,10164.744,2145.239
2016-04-21,2952.891,3160.603,10058.801,2110.162
2016-04-22,2959.24,3174.901,10151.764,2136.924
2016-04-25,2946.67,3162.033,10106.787,2126.834
2016-04-26,2964.7,3179.161,10209.901,2155.697
2016-04-27,2953.671,3165.916,10174.159,2146.611
2016-04-28,2945.589,3160.581,10149.909,2155.229
2016-04-29,2938.324,3156.745,10141.541,2138.738
2016-05-03,2992.643,3213.54,10441.92,2217.23
2016-05-04,2991.272,3209.461,10422.802,2211.018
2016-05-05,2997.842,3213.92,10474.013,2224.095
2016-05-06,2913.248,3130.354,10100.535,2129.194
2016-05-09,2832.113,3065.615,9790.478,2053.597
2016-05-10,2832.591,3069.112,9793.214,2054.222
2016-05-11,2837.037,3082.809,9781.15,2034.925
2016-05-12,2835.862,3090.137,9796.582,2034.566
2016-05-13,2827.109,3074.935,9759.268,2025.224
2016-05-16,2850.862,3095.309,9910.082,2057.857
2016-05-17,2843.684,3086.025,9908.791,2081.441
2016-05-18,2807.514,3068.036,9694.776,2020.476
2016-05-19,2806.906,3062.5,9733.736,2037.403
2016-05-20,2825.483,3078.218,9816.752,2065.302
2016-05-23,2843.645,3087.223,9918.164,2098.234
2016-05-24,2821.666,3063.556,9821.698,2075.51
2016-05-25,2815.086,3059.226,9784.598,2067.254
2016-05-26,2822.443,3064.211,9826.145,2086.008
2016-05-27,2821.046,3062.499,9813.631,2069.885
2016-05-30,2822.451,3066.71,9768.841,2058.519
2016-05-31,2916.616,3169.56,10159.934,2159.801
2016-06-01,2913.508,3160.547,10209.143,2168.82
2016-06-02,2925.229,3167.1,10274.025,2188.558
2016-06-03,2938.682,3189.326,10344.908,2204.974
2016-06-06,2934.098,3178.788,10363.086,2199.302
2016-06-07,2936.045,3177.054,10347.842,2196.727
2016-06-08,2927.159,3163.986,10316.823,2186.544
2016-06-13,2833.071,3066.341,9862.585,2054.707
2016-06-14,2842.189,3075.983,9895.15,2058.314
2016-06-15,2887.21,3116.368,10173.847,2128.8
2016-06-16,2872.817,3094.675,10115.122,2101.417
2016-06-17,2885.105,3110.357,10182.526,2122.89
2016-06-20,2888.809,3112.674,10221.853,2119.63
2016-06-21,2878.558,3106.318,10131.856,2092.001
2016-06-22,2905.55,3133.961,10297.978,2144.819
2016-06-23,2891.96,3117.317,10255.269,2137.486
2016-06-24,2854.286,3077.155,10147.705,2127.365
2016-06-27,2895.703,3120.544,10377.573,2191.806
2016-06-28,2912.557,3136.401,10463.449,2216.71
2016-06-29,2931.592,3151.39,10460.968,2209.788
2016-06-30,2929.606,3153.921,10489.993,2227.791
2016-07-01,2932.476,3154.2,10458.433,2211.178
2016-07-04,2988.604,3204.696,10609.859,2248.713
2016-07-05,3006.392,3207.383,10602.772,2246.024
2016-07-06,3017.292,3216.804,10641.647,2241.561
2016-07-07,3016.847,3209.954,10620.582,2233.922
2016-07-08,2988.094,3192.28,10611.803,2239.003
2016-07-11,2994.917,3203.33,10594.819,2218.589
2016-07-12,3049.381,3273.182,10757.846,2247.355
2016-07-13,3060.689,3282.868,10853.556,2285.369
2016-07-14,3054.018,3276.764,10854.136,2293.079
2016-07-15,3054.296,3276.278,10823.215,2263.784
2016-07-18,3043.564,3262.022,10761.999,2249.872
2016-07-19,3036.598,3248.234,10778.249,2273.719
2016-07-20,3027.9,3237.605,10759.86,2268.535
2016-07-21,3039.009,3252.523,10787.213,2265.128
2016-07-22,3012.816,3225.162,10709.068,2249.999
2016-07-25,3015.828,3230.885,10718.355,2245.885
2016-07-26,3050.166,3269.588,10852.206,2279.55
2016-07-27,2991.999,3218.243,10405.85,2155.386
2016-07-28,2994.323,3221.137,10396.305,2139.744
2016-07-29,2979.339,3203.93,10329.436,2122.412
2016-08-01,2953.385,3176.809,10185.478,2099.179
2016-08-02,2971.279,3189.053,10250.546,2113.214
2016-08-03,2978.461,3193.507,10281.248,2108.315
2016-08-04,2982.426,3201.289,10366.499,2129.652
2016-08-05,2976.696,3205.11,10342.279,2109.056
2016-08-08,3004.277,3234.183,10468.885,2130.594
2016-08-09,3025.681,3256.981,10564.775,2154.505
2016-08-10,3018.746,3243.341,10511.159,2137.001
2016-08-11,3002.638,3233.36,10390.956,2103.396
2016-08-12,3050.667,3294.234,10528.104,2123.841
2016-08-15,3125.195,3393.424,10822.105,2193.212
2016-08-16,3110.037,3378.245,10882.951,2201.096
2016-08-17,3109.555,3373.048,10890.688,2208.195
2016-08-18,3104.114,3364.485,10879.196,2201.594
2016-08-19,3108.102,3365.02,10872.707,2204.556
2016-08-22,3084.805,3336.795,10731.4,2167.401
2016-08-23,3089.706,3341.83,10750.294,2174.159
2016-08-24,3085.88,3329.863,10760.439,2192.17
2016-08-25,3068.329,3308.972,10679.147,2180.66
2016-08-26,3070.309,3307.09,10693.751,2189.75
2016-08-29,3070.027,3307.781,10724.399,2193.201
2016-08-30,3074.677,3311.987,10729.115,2195.531
2016-08-31,3085.491,3327.794,10757.876,2191.758
2016-09-01,3063.305,3301.577,10669.509,2181.327
2016-09-02,3067.352,3314.114,10640.423,2170.858
2016-09-05,3072.095,3319.68,10695.453,2182.694
2016-09-06,3090.713,3342.626,10861.499,2222.837
2016-09-07,3091.928,3340.817,10838.715,2212.053
2016-09-08,3095.954,3339.564,10851.194,2223.469
2016-09-09,3078.855,3318.044,10762.793,2202.968
2016-09-12,3021.977,3262.604,10461.576,2145.563
2016-09-13,3023.51,3260.333,10514.584,2145.868
2016-09-14,3002.849,3238.73,10454.244,2144.558
2016-09-19,3026.051,3263.124,10557.249,2165.213
2016-09-20,3023.0,3257.403,10544.525,2158.432
2016-09-21,3025.874,3266.636,10583.402,2162.132
2016-09-22,3042.313,3291.121,10662.214,2168.423
2016-09-23,3033.896,3275.667,10609.695,2156.51
2016-09-26,2980.43,3220.284,10392.695,2122.9
2016-09-27,2998.172,3240.755,10476.969,2140.803
2016-09-28,2987.858,3230.89,10467.16,2139.629
2016-09-29,2998.483,3244.387,10512.249,2146.184
2016-09-30,3004.703,3253.285,10567.577,2149.901
2016-10-10,3048.143,3293.869,10741.689,2208.469
2016-10-11,3065.25,3306.557,10782.309,2210.862
2016-10-12,3058.498,3300.01,10788.592,2209.685
2016-10-13,3061.346,3302.646,10787.489,2208.567
2016-10-14,3063.809,3305.848,10759.682,2194.227
2016-10-17,3041.166,3277.879,10651.498,2167.863
2016-10-18,3083.875,3321.332,10797.022,2198.142
2016-10-19,3084.719,3316.241,10757.919,2184.911
2016-10-20,3084.458,3318.604,10784.328,2193.256
2016-10-21,3090.941,3327.74,10748.897,2180.997
2016-10-24,3128.247,3367.578,10842.643,2200.804
2016-10-25,3131.939,3367.455,10871.505,2200.208
2016-10-26,3116.312,3354.8,10817.511,2184.493
2016-10-27,3112.35,3345.695,10788.97,2182.478
2016-10-28,3104.27,3340.126,10711.037,2165.433
2016-10-31,3100.492,3336.278,10704.304,2159.76
2016-11-01,3122.436,3359.052,10796.137,2176.447
2016-11-02,3102.733,3333.352,10692.653,2146.399
2016-11-03,3128.936,3365.085,10743.963,2153.185
2016-11-04,3125.317,3354.175,10702.57,2145.229
2016-11-07,3133.333,3356.592,10695.178,2130.301
2016-11-08,3147.888,3371.118,10763.126,2150.302
2016-11-09,3128.37,3353.055,10697.114,2123.844
2016-11-10,3171.282,3390.612,10821.663,2143.321
2016-11-11,3196.044,3417.221,10878.139,2147.107
2016-11-14,3210.371,3430.248,10907.525,2161.686
2016-11-15,3206.986,3429.87,10958.104,2179.3
2016-11-16,3205.057,3429.592,10968.084,2182.467
2016-11-17,3208.453,3436.535,10945.416,2163.042
2016-11-18,3192.856,3417.455,10889.106,2157.96
2016-11-21,3218.148,3441.111,10899.917,2152.602
2016-11-22,3248.352,3468.364,10985.603,2177.651
2016-11-23,3241.137,3474.729,10973.8,2165.708
2016-11-24,3241.736,3488.74,10967.466,2146.626
2016-11-25,3261.938,3521.298,11036.529,2167.528
2016-11-28,3277.0,3535.081,11068.867,2166.045
2016-11-29,3282.924,3564.04,11034.701,2160.345
2016-11-30,3250.034,3538.001,11012.192,2183.049
2016-12-01,3273.309,3565.036,11088.156,2181.929
2016-12-02,3243.843,3528.955,10912.627,2143.452
2016-12-05,3204.709,3469.407,10784.332,2143.878
2016-12-06,3199.647,3459.153,10779.766,2122.26
2016-12-07,3222.242,3475.747,10855.718,2134.987
2016-12-08,3215.366,3470.143,10812.297,2114.711
2016-12-09,3232.883,3493.7,10789.624,2099.888
2016-12-12,3152.97,3409.179,10302.853,1984.395
2016-12-13,3155.037,3405.036,10332.275,1985.043
2016-12-14,3140.531,3378.945,10232.819,1963.08
2016-12-15,3117.677,3340.434,10256.108,1975.854
2016-12-16,3122.982,3346.031,10334.757,1998.113
2016-12-19,3118.085,3328.983,10283.164,1980.41
2016-12-20,3102.876,3309.064,10245.332,1982.297
2016-12-21,3137.43,3338.536,10313.569,1991.696
2016-12-22,3139.558,3335.672,10306.924,1986.274
2016-12-23,3110.154,3307.599,10199.86,1964.541
2016-12-26,3122.569,3322.401,10233.419,1974.01
2016-12-27,3114.664,3316.385,10230.57,1968.62
2016-12-28,3102.236,3301.889,10187.159,1957.155
2016-12-29,3096.097,3297.765,10159.447,1959.24
2016-12-30,3103.637,3310.081,10177.138,1962.059
2017-01-03,3135.921,3342.227,10262.847,1963.255
2017-01-04,3158.794,3368.312,10384.867,1991.565
2017-01-05,3165.411,3367.789,10371.471,1983.971
2017-01-06,3154.321,3347.667,10289.361,1965.03
2017-01-09,3171.236,3363.901,10331.792,1961.619
2017-01-10,3161.671,3358.272,10306.337,1951.677
2017-01-11,3136.754,3334.495,10215.477,1937.547
2017-01-12,3119.289,3317.624,10131.23,1930.145
2017-01-13,3112.764,3319.912,10008.301,1899.943
2017-01-16,3103.428,3319.446,9712.796,1830.848
2017-01-17,3108.775,3326.356,9826.788,1867.868
2017-01-18,3113.012,3339.365,9804.758,1845.787
2017-01-19,3101.299,3329.289,9768.574,1844.14
2017-01-20,3123.139,3354.889,9906.14,1880.748
2017-01-23,3136.775,3364.081,9976.191,1887.324
2017-01-24,3142.553,3364.451,9941.548,1861.216
2017-01-25,3149.555,3375.904,9977.963,1870.703
2017-01-26,3159.166,3387.961,10052.05,1886.232
2017-02-03,3140.17,3364.492,10004.845,1876.761
2017-02-06,3156.984,3373.205,10078.733,1900.447
2017-02-07,3153.088,3365.685,10055.565,1889.134
2017-02-08,3166.982,3383.288,10130.121,1903.628
2017-02-09,3183.179,3396.292,10182.729,1914.082
2017-02-10,3196.699,3413.487,10186.376,1904.685
2017-02-13,3216.839,3436.275,10270.825,1913.681
2017-02-14,3217.928,3435.804,10264.918,1909.395
2017-02-15,3212.986,3421.713,10177.252,1892.357
2017-02-16,3229.618,3440.933,10253.957,1897.63
2017-02-17,3202.076,3421.442,10197.918,1882.869
2017-02-20,3239.961,3471.393,10328.997,1894.962
2017-02-21,3253.326,3482.823,10405.746,1921.077
2017-02-22,3261.218,3489.757,10444.377,1919.973
2017-02-23,3251.375,3473.324,10432.64,1925.951
2017-02-24,3253.433,3473.852,10443.729,1938.444
2017-02-27,3228.66,3446.223,10353.555,1926.771
2017-02-28,3241.733,3452.81,10391.344,1927.16
2017-03-01,3246.934,3458.438,10418.622,1931.968
2017-03-02,3230.028,3435.096,10367.307,1920.405
2017-03-03,3218.312,3427.863,10397.048,1928.289
2017-03-06,3233.866,3446.484,10522.276,1962.77
2017-03-07,3242.406,3453.957,10552.145,1977.853
2017-03-08,3240.665,3448.731,10498.313,1964.628
2017-03-09,3216.746,3426.944,10421.058,1953.943
2017-03-10,3212.76,3427.892,10451.008,1950.008
2017-03-13,3237.024,3458.098,10559.884,1970.879
2017-03-14,3239.328,3456.693,10531.729,1958.023
2017-03-15,3241.76,3463.644,10543.01,1957.82
2017-03-16,3268.935,3481.507,10624.421,1966.727
2017-03-17,3237.447,3445.805,10515.414,1949.661
2017-03-20,3250.808,3449.613,10532.331,1953.816
2017-03-21,3261.611,3466.347,10586.621,1961.063
2017-03-22,3245.22,3450.05,10553.526,1948.58
2017-03-23,3248.55,3461.978,10583.043,1948.369
2017-03-24,3269.445,3489.6,10646.724,1965.137
2017-03-27,3266.955,3478.039,10581.919,1947.528
2017-03-28,3252.948,3469.809,10563.285,1944.363
2017-03-29,3241.314,3465.193,10520.816,1929.196
2017-03-30,3210.237,3436.758,10348.271,1893.701
2017-03-31,3222.514,3456.046,10428.723,1907.338
2017-04-05,3270.305,3503.893,10627.134,1943.16
2017-04-06,3281.005,3514.047,10656.175,1944.234
2017-04-07,3286.616,3517.463,10669.48,1946.048
2017-04-10,3269.393,3505.139,10603.275,1912.451
2017-04-11,3288.966,3517.328,10655.791,1917.633
2017-04-12,3273.83,3509.439,10587.313,1897.506
2017-04-13,3275.96,3514.566,10654.085,1910.476
2017-04-14,3246.067,3486.505,10519.856,1887.46
2017-04-17,3222.167,3479.942,10450.862,1868.281
2017-04-18,3196.713,3462.743,10411.438,1848.203
2017-04-19,3170.687,3445.876,10348.407,1845.382
2017-04-20,3172.1,3461.548,10359.09,1850.39
2017-04-21,3173.151,3466.787,10314.354,1839.006
2017-04-24,3129.531,3431.259,10091.888,1809.911
2017-04-25,3134.567,3440.974,10165.215,1818.87
2017-04-26,3140.847,3445.183,10204.843,1820.48
2017-04-27,3152.187,3446.72,10229.194,1842.922
2017-04-28,3154.658,3439.753,10234.652,1850.734
2017-05-02,3143.712,3426.577,10223.97,1850.849
2017-05-03,3135.346,3413.128,10184.136,1840.453
2017-05-04,3127.369,3404.386,10147.44,1838.104
2017-05-05,3103.038,3382.55,10024.436,1818.191
2017-05-08,3078.613,3358.813,9833.167,1788.708
2017-05-09,3080.527,3352.532,9885.345,1802.491
2017-05-10,3052.785,3337.701,9756.809,1771.319
2017-05-11,3061.5,3356.646,9776.45,1772.413
2017-05-12,3083.513,3385.379,9787.986,1774.628
2017-05-15,3090.229,3399.194,9845.604,1778.636
2017-05-16,3112.964,3428.649,10046.662,1814.941
2017-05-17,3104.442,3409.966,10030.111,1822.639
2017-05-18,3090.139,3398.113,9974.348,1813.506
2017-05-19,3090.631,3403.849,9970.962,1801.078
2017-05-22,3075.676,3411.239,9899.646,1788.075
2017-05-23,3061.947,3424.194,9763.783,1758.235
2017-05-24,3064.076,3424.167,9812.458,1776.278
2017-05-25,3107.831,3485.658,9893.778,1777.694
2017-05-26,3110.059,3480.435,9859.234,1759.632
2017-05-31,3117.178,3492.885,9864.845,1763.729
2017-06-01,3102.623,3497.738,9730.326,1728.488
2017-06-02,3105.54,3486.507,9794.889,1745.927
2017-06-05,3091.656,3468.754,9842.603,1761.246
2017-06-06,3102.126,3492.882,9915.923,1766.393
2017-06-07,3140.325,3533.872,10109.876,1799.852
2017-06-08,3150.334,3560.979,10148.722,1794.75
2017-06-09,3158.4,3576.17,10177.447,1796.135
2017-06-12,3139.877,3574.389,10119.986,1775.551
2017-06-13,3153.743,3582.267,10224.817,1795.632
2017-06-14,3130.674,3535.299,10151.534,1790.635
2017-06-15,3132.486,3528.793,10221.691,1816.259
2017-06-16,3123.166,3518.761,10191.24,1810.053
2017-06-19,3144.374,3553.665,10262.8,1816.4
2017-06-20,3140.014,3546.494,10288.526,1820.976
2017-06-21,3156.212,3587.955,10367.173,1824.691
2017-06-22,3147.453,3590.343,10265.199,1798.381
2017-06-23,3157.873,3622.883,10366.776,1807.429
2017-06-26,3185.444,3668.092,10537.591,1821.277
2017-06-27,3191.197,3674.715,10535.364,1819.934
2017-06-28,3173.201,3646.167,10451.565,1808.199
2017-06-29,3188.063,3668.828,10511.86,1813.552
2017-06-30,3192.427,3666.798,10529.609,1818.067
2017-07-03,3195.912,3650.846,10535.046,1835.986
2017-07-04,3182.804,3619.984,10474.828,1829.505
2017-07-05,3207.134,3659.68,10561.089,1836.631
2017-07-06,3212.444,3660.097,10562.056,1838.995
2017-07-07,3217.957,3655.929,10563.717,1835.439
2017-07-10,3212.632,3653.687,10505.602,1803.247
2017-07-11,3203.038,3670.809,10467.711,1783.912
2017-07-12,3197.544,3658.824,10453.193,1786.746
2017-07-13,3218.163,3686.921,10466.103,1778.863
2017-07-14,3222.417,3703.094,10427.787,1745.567
2017-07-17,3176.465,3663.558,10055.796,1656.433
2017-07-18,3187.567,3667.181,10103.763,1667.488
2017-07-19,3230.976,3729.747,10295.575,1684.771
2017-07-20,3244.865,3747.884,10366.982,1688.61
2017-07-21,3237.982,3728.598,10364.82,1690.145
2017-07-24,3250.599,3743.469,10404.223,1686.438
2017-07-25,3243.689,3719.559,10353.212,1688.094
2017-07-26,3247.675,3705.388,10297.343,1681.31
2017-07-27,3249.781,3712.195,10395.193,1742.191
2017-07-28,3253.24,3721.891,10437.938,1734.074
2017-07-31,3273.028,3737.873,10505.044,1736.3
2017-08-01,3292.638,3770.383,10525.347,1741.074
2017-08-02,3285.057,3760.853,10469.338,1724.833
2017-08-03,3272.929,3727.826,10436.172,1733.124
2017-08-04,3262.081,3707.58,10361.231,1719.617
2017-08-07,3279.457,3726.795,10451.083,1732.434
2017-08-08,3281.873,3732.213,10496.245,1762.421
2017-08-09,3275.573,3731.044,10544.59,1763.049
2017-08-10,3261.749,3715.921,10480.642,1753.669
2017-08-11,3208.541,3647.35,10291.347,1742.139
2017-08-14,3237.36,3694.683,10519.804,1793.482
2017-08-15,3251.262,3706.057,10559.778,1798.569
2017-08-16,3246.451,3701.421,10600.779,1825.187
2017-08-17,3268.43,3721.277,10653.73,1833.398
2017-08-18,3268.724,3724.675,10614.082,1821.803
2017-08-21,3286.906,3740.994,10689.772,1829.217
2017-08-22,3290.226,3752.298,10653.982,1814.915
2017-08-23,3287.705,3756.088,10619.337,1807.366
2017-08-24,3271.512,3734.646,10552.962,1795.739
2017-08-25,3331.522,3795.754,10659.009,1812.878
2017-08-28,3362.651,3842.712,10809.736,1842.828
2017-08-29,3365.226,3834.538,10762.366,1831.591
2017-08-30,3363.627,3834.301,10813.927,1838.631
2017-08-31,3360.81,3822.093,10816.645,1849.379
2017-09-01,3367.119,3830.538,10880.557,1865.25
2017-09-04,3379.583,3845.616,10962.854,1883.618
2017-09-05,3384.317,3857.046,10986.947,1885.162
2017-09-06,3385.389,3849.45,11024.586,1902.857
2017-09-07,3365.497,3829.871,10969.127,1890.382
2017-09-08,3365.243,3825.99,10970.772,1885.274
2017-09-11,3376.419,3825.645,11053.729,1896.375
2017-09-12,3379.488,3837.934,11043.605,1884.484
2017-09-13,3384.147,3842.606,11091.492,1888.432
2017-09-14,3371.426,3829.955,11070.492,1879.252
2017-09-15,3353.619,3831.297,11063.104,1875.635
2017-09-18,3362.859,3843.143,11153.532,1894.802
2017-09-19,3356.845,3832.116,11083.899,1880.296
2017-09-20,3365.996,3842.435,11191.13,1892.669
2017-09-21,3357.812,3837.818,11098.339,1872.77
2017-09-22,3352.529,3837.73,11069.822,1866.425
2017-09-25,3341.549,3817.792,10930.67,1843.621
2017-09-26,3343.583,3820.782,10950.769,1839.455
2017-09-27,3345.272,3821.2,11036.78,1854.943
2017-09-28,3339.642,3822.539,11031.422,1854.734
2017-09-29,3348.943,3836.501,11087.187,1866.982
2017-10-09,3374.378,3882.208,11264.273,1889.838
2017-10-10,3382.988,3889.864,11329.514,1917.458
2017-10-11,3388.284,3902.687,11312.496,1901.551
2017-10-12,3386.1,3912.954,11307.325,1899.986
2017-10-13,3390.523,3921.002,11399.094,1926.074
2017-10-16,3378.47,3913.446,11271.199,1882.686
2017-10-17,3372.041,3913.069,11275.341,1876.991
2017-10-18,3381.794,3944.163,11282.747,1868.159
2017-10-19,3370.172,3931.25,11189.553,1862.611
2017-10-20,3378.648,3926.852,11238.877,1880.214
2017-10-23,3380.699,3930.798,11306.308,1898.759
2017-10-24,3388.248,3959.395,11339.127,1901.693
2017-10-25,3396.898,3976.949,11437.209,1913.264
2017-10-26,3407.567,3993.575,11461.285,1910.722
2017-10-27,3416.812,4021.968,11444.524,1896.224
2017-10-30,3390.337,4009.722,11312.607,1855.986
2017-10-31,3393.342,4006.718,11367.619,1869.787
2017-11-01,3395.913,3996.622,11350.32,1872.746
2017-11-02,3383.31,3997.134,11292.422,1847.565
2017-11-03,3371.744,3992.698,11215.194,1832.967
2017-11-06,3388.174,4020.89,11373.736,1850.303
2017-11-07,3413.575,4054.247,11467.969,1859.068
2017-11-08,3415.46,4048.006,11447.4,1866.142
2017-11-09,3427.795,4075.9,11553.239,1884.112
2017-11-10,3432.673,4111.911,11645.047,1900.631
2017-11-13,3447.836,4128.073,11694.996,1906.437
2017-11-14,3429.548,4099.351,11582.925,1896.721
2017-11-15,3402.525,4073.67,11462.11,1868.081
2017-11-16,3399.25,4105.012,11537.956,1878.26
2017-11-17,3382.908,4120.851,11292.934,1833.895
2017-11-20,3392.399,4143.833,11437.546,1859.75
2017-11-21,3410.498,4217.702,11602.1,1856.961
2017-11-22,3430.464,4227.567,11560.797,1853.378
2017-11-23,3351.918,4102.397,11175.47,1794.781
2017-11-24,3353.821,4104.203,11168.393,1782.657
2017-11-27,3322.23,4049.948,10954.181,1760.9
2017-11-28,3333.657,4055.824,11091.137,1793.868
2017-11-29,3337.862,4053.753,11082.132,1787.382
2017-11-30,3317.188,4006.099,10944.099,1770.302
2017-12-01,3317.617,3998.137,11013.153,1804.622
2017-12-04,3309.618,4018.857,11014.549,1797.765
2017-12-05,3303.675,4040.17,10854.755,1758.59
2017-12-06,3293.965,4015.821,10911.329,1784.315
2017-12-07,3272.054,3971.057,10801.253,1776.99
2017-12-08,3289.992,4003.379,10935.058,1792.155
2017-12-11,3322.196,4069.5,11143.261,1816.985
2017-12-12,3280.814,4016.016,11043.212,1798.691
2017-12-13,3303.037,4050.093,11143.889,1806.09
2017-12-14,3292.439,4026.152,11110.178,1794.344
2017-12-15,3266.137,3980.856,10998.117,1783.973
2017-12-18,3267.922,3985.291,10960.115,1780.644
2017-12-19,3296.538,4035.329,11074.994,1798.502
2017-12-20,3287.606,4030.49,11003.333,1782.413
2017-12-21,3300.059,4067.849,11118.247,1789.736
2017-12-22,3297.063,4054.598,11094.155,1779.339
2017-12-25,3280.461,4041.54,11005.503,1755.806
2017-12-26,3306.125,4053.622,11021.831,1758.821
2017-12-27,3275.783,3991.208,10911.212,1745.236
2017-12-28,3296.385,4018.897,10974.007,1745.017
2017-12-29,3307.172,4030.855,11040.45,1752.652
2018-01-02,3348.326,4087.401,11178.052,1769.672
2018-01-03,3369.108,4111.393,11280.296,1795.383
2018-01-04,3385.71,4128.812,11341.346,1794.609
2018-01-05,3391.75,4138.751,11342.848,1801.418
2018-01-08,3409.48,4160.16,11382.717,1806.156
2018-01-09,3413.9,4189.298,11447.091,1803.586
2018-01-10,3421.834,4207.813,11437.084,1791.084
2018-01-11,3425.345,4205.586,11464.196,1804.235
2018-01-12,3428.941,4225.001,11461.991,1785.705
2018-01-15,3410.488,4225.239,11307.46,1732.623
2018-01-16,3436.594,4258.473,11386.91,1729.597
2018-01-17,3444.671,4248.116,11303.967,1742.034
2018-01-18,3474.754,4271.417,11319.905,1738.002
2018-01-19,3487.864,4285.395,11296.273,1728.14
2018-01-22,3501.362,4336.597,11513.081,1768.214
2018-01-23,3546.505,4382.613,11555.255,1767.829
2018-01-24,3559.465,4389.885,11607.569,1813.275
2018-01-25,3548.307,4365.079,11552.562,1810.835
2018-01-26,3558.129,4381.3,11557.815,1816.8
2018-01-29,3523.001,4302.018,11352.716,1799.771
2018-01-30,3488.009,4256.102,11278.781,1782.399
2018-01-31,3480.833,4275.899,11159.676,1735.057
2018-02-01,3446.98,4245.898,10864.342,1697.39
2018-02-02,3462.081,4271.233,10925.161,1702.426
2018-02-05,3487.497,4274.146,10836.252,1688.272
2018-02-06,3370.652,4148.886,10377.609,1598.116
2018-02-07,3309.26,4050.497,10246.974,1616.4
2018-02-08,3262.05,4012.047,10372.588,1641.431
2018-02-09,3129.851,3840.653,10001.228,1592.51
2018-02-12,3154.125,3890.105,10291.882,1648.072
2018-02-13,3184.959,3935.632,10362.432,1648.582
2018-02-14,3199.159,3966.961,10431.914,1646.771
2018-02-22,3268.559,4052.733,10658.937,1677.765
2018-02-23,3289.024,4071.089,10662.791,1668.834
2018-02-26,3329.574,4118.419,10895.562,1729.153
2018-02-27,3292.068,4058.981,10807.534,1743.541
2018-02-28,3259.408,4023.642,10828.73,1753.627
2018-03-01,3273.755,4049.086,10943.131,1789.849
2018-03-02,3254.528,4016.461,10856.246,1772.005
2018-03-05,3256.926,4018.097,10875.68,1795.693
2018-03-06,3289.642,4066.565,11007.952,1797.609
2018-03-07,3271.668,4036.654,10904.988,1785.27
2018-03-08,3288.406,4077.6,11019.078,1793.222
2018-03-09,3307.166,4108.865,11194.914,1856.455
2018-03-12,3326.699,4127.666,11326.271,1882.409
2018-03-13,3310.239,4091.253,11241.405,1872.678
2018-03-14,3291.382,4073.345,11139.627,1841.289
2018-03-15,3291.112,4096.163,11163.654,1848.71
2018-03-16,3269.882,4056.423,11051.122,1821.322
2018-03-19,3279.252,4074.248,11068.493,1842.92
2018-03-20,3290.64,4077.704,11077.802,1864.62
2018-03-21,3280.952,4061.05,10980.55,1829.913
2018-03-22,3263.48,4020.349,10877.252,1817.228
2018-03-23,3152.761,3904.936,10439.986,1726.021
2018-03-26,3133.722,3879.893,10564.375,1780.609
2018-03-27,3166.649,3913.269,10775.711,1844.693
2018-03-28,3122.29,3842.716,10630.688,1835.154
2018-03-29,3160.531,3894.05,10755.92,1842.187
2018-03-30,3168.897,3898.498,10868.655,1900.482
2018-04-02,3163.179,3886.919,10852.947,1900.255
2018-04-03,3136.633,3862.48,10754.285,1872.47
2018-04-04,3131.111,3854.863,10684.562,1836.813
2018-04-09,3138.294,3852.929,10653.376,1841.653
2018-04-10,3190.322,3927.173,10765.615,1835.52
2018-04-11,3208.082,3938.343,10808.37,1834.626
2018-04-12,3180.158,3898.635,10726.955,1826.89
2018-04-13,3159.052,3871.144,10687.019,1824.594
2018-04-16,3110.649,3808.863,10621.788,1838.709
2018-04-17,3066.797,3748.641,10395.156,1783.741
2018-04-18,3091.399,3766.282,10491.149,1822.264
2018-04-19,3117.376,3811.843,10598.353,1820.281
2018-04-20,3071.543,3760.854,10408.91,1782.808
2018-04-23,3068.012,3766.326,10330.629,1753.048
2018-04-24,3128.927,3843.489,10556.822,1806.861
2018-04-25,3117.974,3828.702,10547.099,1819.406
2018-04-26,3075.03,3755.494,10292.119,1781.276
2018-04-27,3082.232,3756.877,10324.468,1805.596
2018-05-02,3081.177,3763.646,10342.846,1801.571
2018-05-03,3100.859,3793.0,10458.622,1826.791
2018-05-04,3091.033,3774.598,10426.188,1814.855
2018-05-07,3136.645,3834.188,10626.509,1852.336
2018-05-08,3161.498,3878.677,10707.804,1856.868
2018-05-09,3159.15,3871.615,10689.071,1855.809
2018-05-10,3174.413,3893.057,10729.766,1865.359
2018-05-11,3163.263,3872.838,10634.301,1834.78
2018-05-14,3174.032,3909.293,10671.457,1830.98
2018-05-15,3192.118,3924.098,10747.993,1858.011
2018-05-16,3169.565,3892.844,10701.323,1846.675
2018-05-17,3154.283,3864.051,10635.498,1831.204
2018-05-18,3193.303,3903.064,10672.522,1836.754
2018-05-21,3213.84,3921.242,10765.348,1862.481
2018-05-22,3214.35,3906.208,10765.805,1875.999
2018-05-23,3168.964,3854.583,10631.123,1845.973
2018-05-24,3154.651,3827.217,10564.127,1838.403
2018-05-25,3141.303,3816.498,10448.225,1804.549
2018-05-28,3135.082,3833.26,10465.537,1796.913
2018-05-29,3120.461,3804.009,10349.065,1773.646
2018-05-30,3041.443,3723.372,10105.795,1726.219
2018-05-31,3095.474,3802.376,10295.729,1743.743
2018-06-01,3075.137,3770.589,10169.354,1709.548
2018-06-04,3091.191,3807.578,10204.316,1702.93
2018-06-05,3114.206,3845.316,10385.605,1746.113
2018-06-06,3115.18,3837.351,10365.126,1743.248
2018-06-07,3109.499,3831.013,10313.846,1730.375
2018-06-08,3067.148,3779.616,10205.518,1711.522
2018-06-11,3052.783,3779.982,10175.347,1688.618
2018-06-12,3079.802,3825.953,10315.284,1712.768
2018-06-13,3049.797,3788.339,10161.648,1685.895
2018-06-14,3044.16,3773.366,10084.183,1673.319
2018-06-15,3021.901,3753.434,9943.127,1641.663
2018-06-19,2907.822,3621.117,9414.758,1547.145
2018-06-20,2915.731,3635.444,9501.337,1563.792
2018-06-21,2875.81,3592.965,9316.676,1521.676
2018-06-22,2889.76,3608.905,9409.953,1549.661
2018-06-25,2859.336,3560.478,9324.831,1538.565
2018-06-26,2844.508,3531.111,9339.37,1564.917
2018-06-27,2813.178,3459.262,9168.661,1546.231
2018-06-28,2786.897,3423.526,9071.729,1543.664
2018-06-29,2847.418,3510.985,9379.475,1606.715
2018-07-02,2775.557,3407.964,9179.796,1588.374
2018-07-03,2786.888,3409.28,9221.536,1607.122
2018-07-04,2759.126,3363.747,9035.486,1565.61
2018-07-05,2733.882,3342.438,8862.178,1532.679
2018-07-06,2747.229,3365.123,8911.342,1541.313
2018-07-09,2815.11,3459.184,9160.621,1581.93
2018-07-10,2827.625,3467.516,9205.426,1592.976
2018-07-11,2777.771,3407.53,9023.819,1563.009
2018-07-12,2837.659,3481.056,9273.613,1614.632
2018-07-13,2831.184,3492.69,9326.967,1618.463
2018-07-16,2814.042,3472.086,9317.355,1616.912
2018-07-17,2798.126,3449.377,9285.163,1621.632
2018-07-18,2787.257,3431.323,9195.239,1607.884
2018-07-19,2772.545,3428.343,9148.782,1590.063
2018-07-20,2829.271,3492.894,9251.48,1609.548
2018-07-23,2859.542,3525.75,9314.304,1620.973
2018-07-24,2905.562,3581.706,9465.802,1629.61
2018-07-25,2903.647,3577.752,9463.76,1632.32
2018-07-26,2882.225,3536.246,9352.251,1606.115
2018-07-27,2873.594,3521.227,9295.93,1594.567
2018-07-30,2869.05,3515.079,9181.94,1559.641
2018-07-31,2876.401,3517.657,9178.78,1561.258
2018-08-01,2824.534,3447.388,9005.373,1541.86
2018-08-02,2768.024,3370.958,8780.557,1510.088
2018-08-03,2740.443,3315.284,8602.118,1481.606
2018-08-06,2705.157,3273.273,8422.839,1440.796
2018-08-07,2779.374,3368.87,8674.025,1479.441
2018-08-08,2744.07,3314.508,8499.22,1447.757
2018-08-09,2794.382,3397.53,8752.201,1497.606
2018-08-10,2795.31,3405.019,8813.486,1511.707
2018-08-13,2785.872,3390.344,8844.857,1531.34
2018-08-14,2780.965,3372.914,8784.899,1518.491
2018-08-15,2723.258,3291.976,8581.178,1478.506
2018-08-16,2705.192,3276.728,8500.422,1463.872
2018-08-17,2668.966,3229.62,8357.041,1434.306
2018-08-20,2698.466,3267.25,8414.154,1435.69
2018-08-21,2733.826,3326.649,8549.063,1456.972
2018-08-22,2714.608,3307.955,8454.749,1439.552
2018-08-23,2724.624,3320.026,8501.393,1455.502
2018-08-24,2729.431,3325.335,8484.744,1450.091
2018-08-27,2780.899,3406.574,8728.562,1493.433
2018-08-28,2777.981,3400.171,8733.747,1493.106
2018-08-29,2769.295,3386.574,8678.262,1481.192
2018-08-30,2737.737,3351.094,8552.798,1457.916
2018-08-31,2725.25,3334.504,8465.47,1435.2
2018-09-03,2720.734,3321.825,8455.546,1443.688
2018-09-04,2750.58,3363.898,8554.437,1455.503
2018-09-05,2704.337,3298.141,8402.508,1430.24
2018-09-06,2691.593,3262.881,8324.163,1422.87
2018-09-07,2702.301,3277.644,8322.364,1425.229
2018-09-10,2669.485,3230.068,8158.487,1390.823
2018-09-11,2664.8,3224.212,8168.101,1395.167
2018-09-12,2656.11,3202.025,8111.157,1385.796
2018-09-13,2686.578,3236.566,8163.76,1391.279
2018-09-14,2681.643,3242.09,8113.884,1366.565
2018-09-17,2651.789,3204.922,7999.347,1349.776
2018-09-18,2699.95,3269.432,8133.217,1377.303
2018-09-19,2730.85,3312.482,8248.117,1392.403
2018-09-20,2729.244,3310.126,8233.889,1387.619
2018-09-21,2797.485,3410.486,8409.179,1411.119
2018-09-25,2781.139,3379.804,8353.376,1405.806
2018-09-26,2806.813,3417.241,8420.541,1420.75
2018-09-27,2791.775,3403.59,8334.751,1400.359
2018-09-28,2821.35,3438.865,8401.089,1411.34
2018-10-08,2716.51,3290.899,8060.83,1353.671
2018-10-09,2721.013,3288.691,8046.387,1345.953
2018-10-10,2725.837,3281.598,8010.687,1346.704
2018-10-11,2583.458,3124.114,7524.092,1261.883
2018-10-12,2606.913,3170.726,7558.277,1268.406
2018-10-15,2568.098,3126.452,7444.48,1250.218
2018-10-16,2546.33,3100.974,7298.979,1216.687
2018-10-17,2561.614,3118.246,7365.208,1231.861
2018-10-18,2486.419,3044.392,7187.486,1205.031
2018-10-19,2550.465,3134.946,7387.742,1249.89
2018-10-22,2654.876,3270.273,7748.824,1314.945
2018-10-23,2594.826,3183.426,7574.985,1292.056
2018-10-24,2603.295,3188.202,7545.113,1284.102
2018-10-25,2603.8,3194.308,7529.408,1273.603
2018-10-26,2598.847,3173.635,7504.716,1263.188
2018-10-29,2542.103,3076.889,7322.236,1250.48
2018-10-30,2568.048,3110.261,7375.229,1259.948
2018-10-31,2602.783,3153.823,7482.83,1275.574
2018-11-01,2606.237,3177.034,7567.795,1286.327
2018-11-02,2676.476,3290.246,7867.543,1348.279
2018-11-05,2665.431,3262.835,7839.081,1348.876
2018-11-06,2659.356,3243.15,7791.245,1349.109
2018-11-07,2641.342,3221.91,7752.044,1345.768
2018-11-08,2635.632,3212.774,7698.018,1329.591
2018-11-09,2598.872,3167.444,7648.546,1322.831
2018-11-12,2630.52,3205.141,7832.286,1368.791
2018-11-13,2654.88,3237.382,7963.66,1392.055
2018-11-14,2632.243,3204.943,7908.546,1385.732
2018-11-15,2668.17,3242.372,8002.095,1405.248
2018-11-16,2679.11,3257.674,8062.29,1403.283
2018-11-19,2703.512,3294.603,8108.845,1394.4
2018-11-20,2645.855,3218.408,7879.524,1355.334
2018-11-21,2651.505,3226.492,7908.469,1363.028
2018-11-22,2645.434,3214.427,7893.986,1353.924
2018-11-23,2579.483,3143.475,7636.705,1308.739
2018-11-26,2575.81,3141.243,7615.912,1304.557
2018-11-27,2574.679,3137.241,7635.158,1315.433
2018-11-28,2601.737,3178.933,7757.074,1341.083
2018-11-29,2567.443,3137.654,7597.008,1312.716
2018-11-30,2588.188,3172.69,7681.75,1329.389
2018-12-03,2654.798,3260.95,7938.468,1372.794
2018-12-04,2665.958,3267.71,7953.721,1378.754
2018-12-05,2649.805,3252.004,7928.514,1381.767
2018-12-06,2605.181,3181.673,7735.048,1345.761
2018-12-07,2605.888,3181.565,7733.893,1341.019
2018-12-10,2584.582,3144.763,7624.862,1326.848
2018-12-11,2594.088,3159.816,7685.402,1338.079
2018-12-12,2602.153,3170.609,7698.017,1338.731
2018-12-13,2634.049,3219.692,7808.041,1348.504
2018-12-14,2593.741,3165.911,7629.649,1310.458
2018-12-17,2597.974,3161.197,7592.646,1299.175
2018-12-18,2576.65,3128.427,7530.325,1293.335
2018-12-19,2549.563,3091.126,7418.692,1268.814
2018-12-20,2536.268,3067.417,7426.441,1278.157
2018-12-21,2516.251,3029.395,7337.598,1270.304
2018-12-24,2527.007,3038.198,7392.561,1284.332
2018-12-25,2504.819,3017.282,7332.347,1273.447
2018-12-26,2498.294,3002.033,7289.546,1264.07
2018-12-27,2483.086,2990.506,7215.338,1248.077
2018-12-28,2493.896,3010.654,7239.789,1250.525
2019-01-02,2465.291,2969.535,7149.267,1228.767
2019-01-03,2464.363,2964.842,7089.44,1214.497
2019-01-04,2514.868,3035.874,7284.84,1245.157
2019-01-07,2533.089,3054.303,7400.205,1268.058
2019-01-08,2526.462,3047.704,7391.648,1263.51
2019-01-09,2544.345,3078.476,7447.935,1262.517
2019-01-10,2535.099,3072.686,7428.614,1258.989
2019-01-11,2553.831,3094.778,7474.009,1261.56
2019-01-14,2535.765,3067.785,7409.199,1245.999
2019-01-15,2570.345,3127.99,7547.349,1266.275
2019-01-16,2570.422,3128.652,7540.45,1267.305
2019-01-17,2559.637,3111.417,7470.355,1251.414
2019-01-18,2596.006,3168.174,7581.389,1269.505
2019-01-21,2610.509,3185.636,7626.235,1274.789
2019-01-22,2579.704,3143.317,7516.786,1252.239
2019-01-23,2581.004,3141.053,7523.774,1251.127
2019-01-24,2591.694,3158.782,7573.524,1265.161
2019-01-25,2601.723,3184.47,7595.453,1265.494
2019-01-28,2596.977,3183.778,7589.581,1259.743
2019-01-29,2594.254,3193.97,7551.3,1243.592
2019-01-30,2575.576,3168.483,7470.472,1230.819
2019-01-31,2584.572,3201.633,7479.215,1227.988
2019-02-01,2618.232,3247.397,7683.997,1271.275
2019-02-11,2653.896,3306.473,7919.046,1316.098
2019-02-12,2671.894,3330.335,8010.075,1332.27
2019-02-13,2721.068,3397.028,8171.207,1357.666
2019-02-14,2719.7,3402.14,8219.961,1361.938
2019-02-15,2682.385,3338.705,8125.635,1357.836
2019-02-18,2754.357,3445.745,8446.918,1413.6
2019-02-19,2755.646,3439.608,8440.87,1406.037
2019-02-20,2761.219,3451.927,8473.427,1408.382
2019-02-21,2751.801,3442.706,8451.71,1412.535
2019-02-22,2804.226,3520.118,8651.196,1456.299
2019-02-25,2961.283,3729.483,9134.581,1536.371
2019-02-26,2941.516,3684.694,9089.04,1546.987
2019-02-27,2953.824,3678.392,9005.766,1520.419
2019-02-28,2940.954,3669.37,9031.927,1535.68
2019-03-01,2994.005,3749.714,9167.65,1567.873
2019-03-04,3027.576,3794.104,9384.415,1619.71
2019-03-05,3054.247,3816.013,9595.743,1676.566
2019-03-06,3102.099,3848.09,9700.493,1700.496
2019-03-07,3106.418,3808.85,9678.114,1692.416
2019-03-08,2969.861,3657.579,9363.724,1654.485
2019-03-11,3026.993,3729.955,9704.327,1727.801
2019-03-12,3060.307,3755.352,9841.238,1773.432
2019-03-13,3026.951,3724.194,9592.055,1693.86
2019-03-14,2990.685,3698.486,9417.927,1650.186
2019-03-15,3021.751,3745.005,9550.538,1662.623
2019-03-18,3096.418,3851.748,9843.43,1707.056
2019-03-19,3090.975,3833.963,9839.744,1708.874
2019-03-20,3090.64,3835.44,9800.604,1687.9
2019-03-21,3101.455,3836.891,9869.797,1703.854
2019-03-22,3104.149,3833.801,9879.221,1693.865
2019-03-25,3043.031,3742.825,9701.695,1668.841
2019-03-26,2997.095,3700.439,9513.002,1630.19
2019-03-27,3022.72,3743.388,9609.436,1637.773
2019-03-28,2994.943,3728.395,9546.507,1626.819
2019-03-29,3090.758,3872.341,9906.864,1693.547
2019-04-01,3170.361,3973.928,10267.702,1760.892
2019-04-02,3176.823,3971.285,10260.359,1754.156
2019-04-03,3216.295,4022.157,10340.513,1768.178
2019-04-04,3246.571,4062.231,10415.799,1777.263
2019-04-08,3244.81,4057.229,10351.865,1739.655
2019-04-09,3239.664,4075.43,10436.616,1741.171
2019-04-10,3241.93,4085.847,10435.08,1726.636
2019-04-11,3189.962,3997.578,10158.4,1691.104
2019-04-12,3188.626,3988.617,10132.337,1695.729
2019-04-15,3177.787,3975.524,10053.76,1666.897
2019-04-16,3253.598,4085.789,10287.641,1697.529
2019-04-17,3263.118,4087.24,10344.429,1717.437
2019-04-18,3250.201,4072.075,10287.665,1704.547
2019-04-19,3270.797,4120.608,10418.241,1715.795
2019-04-22,3215.043,4025.611,10224.307,1697.512
2019-04-23,3198.594,4019.005,10124.66,1683.8
2019-04-24,3201.614,4030.089,10236.271,1718.846
2019-04-25,3123.826,3941.816,9907.625,1669.978
2019-04-26,3086.399,3889.275,9780.822,1657.824
2019-04-29,3062.499,3900.334,9622.493,1615.616
2019-04-30,3078.339,3913.211,9674.534,1623.782
2019-05-06,2906.464,3684.617,8943.521,1494.886
2019-05-07,2926.391,3720.668,9089.458,1504.164
2019-05-08,2893.757,3667.457,9002.532,1481.873
2019-05-09,2850.954,3599.7,8877.308,1469.475
2019-05-10,2939.211,3730.451,9235.389,1533.871
2019-05-13,2903.713,3668.726,9103.362,1503.065
2019-05-14,2883.611,3645.15,9038.364,1494.603
2019-05-15,2938.678,3727.092,9259.029,1528.691
2019-05-16,2955.711,3743.964,9293.324,1533.67
2019-05-17,2882.296,3648.761,9000.188,1478.748
2019-05-20,2870.605,3617.792,8916.106,1469.311
2019-05-21,2905.969,3666.776,9087.521,1493.716
2019-05-22,2891.705,3649.38,9041.224,1488.627
2019-05-23,2852.515,3583.965,8809.535,1451.245
2019-05-24,2852.995,3593.914,8776.766,1443.747
2019-05-27,2892.378,3637.197,8979.826,1491.952
2019-05-28,2909.911,3672.261,9035.693,1505.163
2019-05-29,2914.696,3663.909,9010.358,1497.892
2019-05-30,2905.805,3641.183,8943.349,1485.242
2019-05-31,2898.696,3629.789,8922.694,1483.658
2019-06-03,2890.081,3632.013,8856.986,1468.982
2019-06-04,2862.28,3598.467,8748.271,1456.268
2019-06-05,2861.418,3597.105,8746.046,1451.177
2019-06-06,2827.798,3564.678,8584.939,1416.055
2019-06-10,2852.13,3610.744,8711.786,1431.337
2019-06-11,2925.716,3719.276,9037.673,1487.35
2019-06-12,2909.38,3691.096,8954.716,1473.901
2019-06-13,2910.741,3685.393,8951.606,1479.83
2019-06-14,2881.974,3654.88,8810.127,1453.958
2019-06-17,2887.622,3654.825,8780.873,1442.348
2019-06-18,2890.158,3667.619,8804.315,1455.746
2019-06-19,2917.803,3715.938,8925.729,1469.987
2019-06-20,2987.119,3828.518,9134.959,1498.014
2019-06-21,3001.98,3833.938,9214.268,1523.809
2019-06-24,3008.148,3841.266,9212.117,1514.465
2019-06-25,2982.074,3801.31,9118.102,1498.465
2019-06-26,2976.284,3794.331,9122.426,1504.549
2019-06-27,2996.793,3834.817,9239.484,1525.244
2019-06-28,2978.878,3825.587,9178.313,1511.507
2019-07-01,3044.903,3935.812,9530.464,1568.16
2019-07-02,3043.943,3937.169,9545.522,1570.512
2019-07-03,3015.263,3893.534,9419.839,1544.357
2019-07-04,3005.249,3873.102,9368.305,1532.744
2019-07-05,3011.059,3893.203,9443.215,1547.737
2019-07-08,2933.363,3802.79,9186.287,1506.661
2019-07-09,2928.23,3793.13,9198.785,1517.793
2019-07-10,2915.302,3786.739,9166.146,1510.435
2019-07-11,2917.761,3785.221,9152.771,1514.199
2019-07-12,2930.546,3808.731,9213.383,1518.074
2019-07-15,2942.185,3824.188,9309.415,1547.468
2019-07-16,2937.617,3806.845,9283.408,1545.273
2019-07-17,2931.693,3804.638,9301.998,1550.217
2019-07-18,2901.177,3768.402,9154.65,1524.479
2019-07-19,2924.201,3807.955,9228.554,1541.981
2019-07-22,2886.974,3781.683,9122.637,1515.965
2019-07-23,2899.945,3789.914,9175.832,1534.926
2019-07-24,2923.278,3819.833,9266.298,1553.718
2019-07-25,2937.36,3851.067,9344.817,1566.077
2019-07-26,2944.541,3858.569,9349.002,1561.855
2019-07-29,2941.007,3854.27,9354.276,1566.524
2019-07-30,2952.338,3870.318,9399.102,1580.129
2019-07-31,2932.506,3835.359,9326.614,1570.393
2019-08-01,2908.766,3803.469,9268.054,1573.866
2019-08-02,2867.838,3747.438,9136.46,1556.744
2019-08-05,2821.496,3675.688,8984.729,1531.372
2019-08-06,2777.556,3636.329,8859.471,1507.911
2019-08-07,2768.68,3621.431,8814.744,1500.251
2019-08-08,2794.552,3669.294,8919.276,1522.974
2019-08-09,2774.753,3633.53,8795.181,1507.706
2019-08-12,2814.994,3699.105,8978.521,1539.913
2019-08-13,2797.26,3665.752,8902.632,1524.357
2019-08-14,2808.915,3682.402,8966.469,1536.66
2019-08-15,2815.798,3694.001,9009.679,1555.773
2019-08-16,2823.824,3710.539,9060.917,1567.993
2019-08-19,2883.096,3791.095,9328.972,1622.844
2019-08-20,2880.001,3787.732,9328.729,1611.593
2019-08-21,2880.331,3781.758,9322.754,1609.833
2019-08-22,2883.436,3793.506,9350.557,1613.458
2019-08-23,2897.425,3820.864,9362.549,1615.559
2019-08-26,2863.567,3765.911,9270.389,1600.795
2019-08-27,2902.193,3816.946,9443.176,1628.121
2019-08-28,2893.756,3802.584,9414.002,1625.188
2019-08-29,2890.919,3790.187,9398.47,1620.861
2019-08-30,2886.237,3799.586,9365.677,1610.898
2019-09-02,2924.106,3848.32,9569.47,1652.288
2019-09-03,2930.154,3853.611,9633.686,1660.427
2019-09-04,2957.412,3886.001,9700.319,1669.41
2019-09-05,2985.865,3925.323,9783.504,1689.054
2019-09-06,2999.601,3948.508,9823.419,1692.239
2019-09-09,3024.739,3972.948,10001.931,1733.23
2019-09-10,3021.202,3959.265,9964.927,1725.308
2019-09-11,3008.812,3930.1,9853.724,1703.538
2019-09-12,3031.235,3972.38,9919.804,1710.572
2019-09-16,3030.754,3957.715,9918.092,1714.368
2019-09-17,2978.118,3891.221,9722.798,1677.987
2019-09-18,2985.659,3910.084,9753.312,1679.306
2019-09-19,2999.279,3924.382,9852.196,1705.599
2019-09-20,3006.447,3935.651,9881.249,1705.047
2019-09-23,2977.077,3890.662,9781.14,1684.324
2019-09-24,2985.341,3901.076,9811.377,1694.596
2019-09-25,2955.433,3870.984,9671.058,1672.646
2019-09-26,2929.088,3841.139,9464.836,1623.791
2019-09-27,2932.167,3852.653,9548.96,1647.533
2019-09-30,2905.189,3814.528,9446.238,1627.545
2019-10-08,2913.57,3837.679,9474.754,1616.584
2019-10-09,2924.857,3843.239,9506.562,1622.415
2019-10-10,2947.711,3874.639,9638.102,1666.966
2019-10-11,2973.656,3911.725,9666.583,1666.834
2019-10-14,3007.883,3953.241,9786.638,1679.378
2019-10-15,2991.046,3936.25,9671.729,1660.887
2019-10-16,2978.712,3922.685,9642.06,1656.372
2019-10-17,2977.334,3925.222,9645.389,1658.259
2019-10-18,2938.141,3869.378,9533.505,1648.625
2019-10-21,2939.618,3880.84,9553.573,1644.508
2019-10-22,2954.38,3895.881,9642.089,1666.869
2019-10-23,2941.619,3871.085,9567.749,1650.29
2019-10-24,2940.922,3870.668,9555.762,1653.865
2019-10-25,2954.933,3896.792,9660.44,1675.34
2019-10-28,2980.05,3926.585,9801.874,1704.417
2019-10-29,2954.176,3910.226,9746.031,1686.58
2019-10-30,2939.321,3891.226,9681.538,1684.078
2019-10-31,2929.056,3886.752,9635.329,1671.312
2019-11-01,2958.199,3952.387,9802.334,1686.998
2019-11-04,2975.492,3978.122,9868.133,1699.919
2019-11-05,2991.562,4002.813,9938.606,1713.289
2019-11-06,2978.596,3984.882,9860.975,1703.017
2019-11-07,2978.714,3991.875,9917.487,1715.575
2019-11-08,2964.185,3973.011,9895.337,1711.216
2019-11-11,2909.975,3902.978,9680.574,1673.129
2019-11-12,2914.823,3903.689,9670.145,1671.442
2019-11-13,2905.241,3899.982,9687.854,1681.794
2019-11-14,2909.87,3905.857,9746.561,1692.583
2019-11-15,2891.343,3877.089,9647.991,1674.784
2019-11-18,2909.2,3907.929,9715.274,1682.492
2019-11-19,2933.991,3947.039,9889.754,1729.078
2019-11-20,2911.053,3907.864,9809.048,1719.665
2019-11-21,2903.638,3889.598,9774.442,1713.202
2019-11-22,2885.288,3849.995,9626.902,1679.803
2019-11-25,2906.169,3878.206,9626.355,1661.774
2019-11-26,2907.06,3891.653,9677.234,1679.082
2019-11-27,2903.195,3875.619,9648.393,1674.389
2019-11-28,2889.693,3862.303,9622.144,1673.795
2019-11-29,2871.981,3828.671,9582.156,1664.896
2019-12-02,2875.807,3836.059,9605.188,1669.536
2019-12-03,2884.699,3851.087,9657.653,1675.385
2019-12-04,2878.116,3849.819,9687.951,1673.779
2019-12-05,2899.469,3879.364,9799.069,1709.826
2019-12-06,2912.014,3902.385,9878.623,1726.801
2019-12-09,2914.478,3895.447,9876.269,1721.071
2019-12-10,2917.316,3900.384,9915.866,1734.022
2019-12-11,2924.417,3902.749,9852.714,1718.26
2019-12-12,2915.698,3891.024,9836.234,1720.986
2019-12-13,2967.676,3968.221,10004.624,1755.413
2019-12-16,2984.393,3987.546,10158.241,1780.333
2019-12-17,3022.422,4041.8,10306.031,1801.616
2019-12-18,3017.044,4032.783,10294.66,1792.418
2019-12-19,3017.066,4027.15,10296.291,1790.438
2019-12-20,3004.938,4017.253,10229.486,1771.707
2019-12-23,2962.751,3967.096,10056.208,1736.624
2019-12-24,2982.681,3992.958,10189.286,1769.869
2019-12-25,2981.881,3990.867,10229.578,1784.395
2019-12-26,3007.355,4025.988,10303.715,1793.635
2019-12-27,3005.036,4022.028,10233.772,1767.582
2019-12-30,3040.024,4081.633,10365.957,1790.239
2019-12-31,3050.124,4096.582,10430.767,1798.118
2020-01-02,3085.198,4152.241,10638.824,1832.742
2020-01-03,3083.786,4144.965,10656.406,1836.012
2020-01-06,3083.408,4129.295,10698.273,1859.921
2020-01-07,3104.802,4160.227,10829.045,1893.214
2020-01-08,3066.893,4112.317,10706.868,1862.699
2020-01-09,3094.882,4164.37,10898.166,1913.142
2020-01-10,3092.291,4163.185,10879.843,1904.194
2020-01-13,3115.57,4203.988,11040.201,1935.072
2020-01-14,3106.82,4189.886,10988.768,1922.557
2020-01-15,3090.038,4166.734,10972.316,1924.238
2020-01-16,3074.081,4149.043,10967.436,1929.961
2020-01-17,3075.496,4154.853,10954.388,1932.511
2020-01-20,3095.787,4185.83,11115.884,1982.176
2020-01-21,3052.142,4114.309,10953.413,1967.027
2020-01-22,3060.755,4131.931,11072.058,1993.899
2020-01-23,2976.528,4003.901,10681.904,1927.742
2020-02-03,2746.606,3688.358,9779.668,1795.774
2020-02-04,2783.288,3785.638,10089.666,1882.691
2020-02-05,2818.088,3828.527,10305.498,1939.62
2020-02-06,2866.51,3899.775,10601.342,2012.249
2020-02-07,2875.964,3899.869,10611.551,2015.799
2020-02-10,2890.488,3916.005,10728.46,2042.177
2020-02-11,2901.674,3952.464,10768.628,2028.444
2020-02-12,2926.899,3984.433,10940.795,2085.278
2020-02-13,2906.074,3959.919,10864.322,2064.596
2020-02-14,2917.008,3987.734,10916.312,2069.219
2020-02-17,2983.622,4077.424,11241.499,2146.177
2020-02-18,2984.972,4057.511,11306.486,2170.949
2020-02-19,2975.402,4051.311,11235.596,2139.437
2020-02-20,3030.154,4144.656,11509.088,2186.737
2020-02-21,3039.669,4149.49,11629.698,2226.639
2020-02-24,3031.233,4132.839,11772.376,2263.972
2020-02-25,3013.05,4123.854,11856.081,2287.312
2020-02-26,2987.929,4073.015,11497.553,2180.701
2020-02-27,2991.329,4084.876,11534.019,2196.714
2020-02-28,2880.304,3940.049,10980.774,2071.566
2020-03-02,2970.931,4069.666,11381.762,2135.415
2020-03-03,2992.897,4091.362,11484.212,2173.346
2020-03-04,3011.666,4115.052,11493.021,2169.443
2020-03-05,3071.677,4206.725,11711.373,2209.588
2020-03-06,3034.511,4138.507,11582.815,2192.936
2020-03-09,2943.291,3997.133,11108.548,2093.063
2020-03-10,2996.762,4082.732,11403.467,2148.81
2020-03-11,2968.517,4028.429,11200.05,2101.463
2020-03-12,2923.486,3950.911,10941.014,2045.926
2020-03-13,2887.427,3895.313,10831.125,2030.58
2020-03-16,2789.254,3727.84,10253.284,1910.767
2020-03-17,2779.641,3709.682,10202.753,1917.702
2020-03-18,2728.756,3636.257,10029.568,1887.042
2020-03-19,2702.13,3589.093,10019.858,1894.943
2020-03-20,2745.618,3653.224,10150.125,1915.046
2020-03-23,2660.167,3530.306,9691.534,1827.052
2020-03-24,2722.438,3625.115,9921.683,1876.91
2020-03-25,2781.591,3722.518,10241.076,1937.855
2020-03-26,2764.911,3698.047,10155.359,1927.275
2020-03-27,2772.203,3710.061,10109.906,1903.881
2020-03-30,2747.214,3674.111,9904.951,1860.484
2020-03-31,2750.296,3686.155,9962.305,1871.917
2020-04-01,2734.522,3675.076,9951.837,1864.8
2020-04-02,2780.638,3734.531,10179.204,1916.951
2020-04-03,2763.987,3713.218,10110.113,1906.675
2020-04-07,2820.763,3798.021,10428.913,1969.782
2020-04-08,2815.369,3780.345,10386.545,1964.757
2020-04-09,2825.904,3792.811,10463.046,1997.136
2020-04-10,2796.631,3769.178,10298.413,1949.885
2020-04-13,2783.048,3753.257,10223.163,1923.081
2020-04-14,2827.283,3825.699,10475.705,1985.426
2020-04-15,2811.174,3797.362,10417.374,1977.515
2020-04-16,2819.935,3802.381,10470.794,2008.388
2020-04-17,2838.495,3839.487,10527.99,2020.77
2020-04-20,2852.553,3853.455,10621.497,2043.437
2020-04-21,2827.013,3808.047,10506.856,2023.942
2020-04-22,2843.98,3839.383,10617.192,2043.171
2020-04-23,2838.499,3829.753,10564.046,2029.524
2020-04-24,2808.529,3796.972,10423.462,2003.748
2020-04-27,2815.495,3822.769,10452.171,2018.666
2020-04-28,2810.024,3849.147,10501.147,2030.724
2020-04-29,2822.442,3867.032,10514.173,2030.477
2020-04-30,2860.082,3912.577,10721.779,2069.432
2020-05-06,2878.14,3936.254,10883.219,2110.267
2020-05-07,2871.523,3924.895,10863.285,2106.842
2020-05-08,2895.344,3963.622,11001.579,2125.243
2020-05-11,2894.802,3960.18,10969.282,2102.825
2020-05-12,2891.556,3960.238,11015.559,2124.15
2020-05-13,2898.05,3968.253,11074.593,2140.681
2020-05-14,2870.342,3925.218,10962.147,2117.647
2020-05-15,2868.459,3912.816,10964.892,2124.311
2020-05-18,2875.418,3922.912,10921.146,2114.858
2020-05-19,2898.576,3956.25,11052.848,2144.121
2020-05-20,2883.738,3935.222,10948.478,2118.119
2020-05-21,2867.924,3913.795,10845.396,2099.432
2020-05-22,2813.765,3824.064,10604.966,2046.596
2020-05-25,2817.97,3829.325,10592.845,2052.302
2020-05-26,2846.547,3872.77,10815.431,2112.973
2020-05-27,2836.804,3845.614,10682.697,2071.473
2020-05-28,2846.222,3856.632,10653.492,2054.964
2020-05-29,2852.351,3867.023,10746.076,2086.666
2020-06-01,2915.431,3971.34,11102.15,2158.223
2020-06-02,2921.398,3983.568,11112.496,2145.286
2020-06-03,2923.371,3983.648,11108.359,2143.117
2020-06-04,2919.251,3982.185,11139.257,2151.385
2020-06-05,2930.799,4001.251,11180.598,2166.375
2020-06-08,2937.771,4021.955,11215.76,2153.564
2020-06-09,2956.112,4047.029,11284.242,2181.589
2020-06-10,2943.753,4039.705,11335.862,2201.988
2020-06-11,2920.897,3995.885,11243.617,2195.638
2020-06-12,2919.741,4003.083,11251.708,2206.764
2020-06-15,2890.031,3954.988,11192.273,2219.55
2020-06-16,2931.749,4014.57,11398.966,2260.458
2020-06-17,2935.873,4017.594,11420.837,2263.961
2020-06-18,2939.315,4044.384,11494.555,2266.032
2020-06-19,2967.634,4098.71,11668.133,2319.449
2020-06-22,2965.272,4102.046,11702.441,2342.88
2020-06-23,2970.62,4121.794,11794.01,2382.047
2020-06-24,2979.551,4138.99,11813.528,2382.473
2020-06-29,2961.516,4109.716,11752.359,2372.536
2020-06-30,2984.674,4163.964,11992.347,2438.197
2020-07-01,3025.981,4247.784,12112.965,2419.629
2020-07-02,3090.569,4335.845,12269.488,2424.393
2020-07-03,3152.813,4419.596,12433.265,2462.563
2020-07-06,3332.881,4670.095,12941.721,2529.487
2020-07-07,3345.337,4698.126,13163.979,2591.263
2020-07-08,3403.44,4774.004,13406.372,2651.969
2020-07-09,3450.594,4840.771,13754.744,2757.653
2020-07-10,3383.322,4753.133,13671.244,2778.457
2020-07-13,3443.286,4852.961,14149.144,2889.427
2020-07-14,3414.619,4806.69,13996.464,2858.672
2020-07-15,3361.304,4744.469,13734.129,2813.061
2020-07-16,3210.099,4516.253,12996.34,2646.26
2020-07-17,3214.129,4544.701,13114.938,2662.402
2020-07-20,3314.149,4680.305,13448.85,2697.301
2020-07-21,3320.895,4691.043,13536.174,2736.512
2020-07-22,3333.164,4714.445,13657.029,2769.028
2020-07-23,3325.11,4712.436,13661.5,2799.674
2020-07-24,3196.768,4505.591,12935.697,2627.843
2020-07-27,3205.227,4528.45,12976.867,2631.762
2020-07-28,3227.96,4568.258,13147.354,2666.521
2020-07-29,3294.552,4679.008,13557.441,2767.402
2020-07-30,3286.822,4656.151,13466.854,2743.634
2020-07-31,3310.007,4695.046,13637.883,2795.4
2020-08-03,3367.966,4771.311,13964.562,2868.882
2020-08-04,3371.688,4775.802,13860.459,2832.845
2020-08-05,3377.565,4777.109,13960.925,2860.241
2020-08-06,3386.463,4762.764,13863.13,2814.374
2020-08-07,3354.035,4707.926,13648.5,2749.953
2020-08-10,3379.252,4724.87,13657.313,2735.256
2020-08-11,3340.29,4681.784,13466.268,2688.7
2020-08-12,3319.266,4647.645,13308.521,2635.502
2020-08-13,3320.726,4635.713,13291.32,2622.64
2020-08-14,3360.099,4704.629,13489.01,2668.712
2020-08-17,3438.801,4815.226,13742.226,2696.392
2020-08-18,3451.089,4812.756,13768.167,2701.061
2020-08-19,3408.129,4740.678,13480.853,2612.835
2020-08-20,3363.899,4679.154,13320.923,2587.861
2020-08-21,3380.683,4718.843,13478.0,2632.452
2020-08-24,3385.638,4755.849,13666.692,2684.629
2020-08-25,3373.578,4761.951,13669.406,2701.604
2020-08-26,3329.739,4706.13,13428.399,2644.144
2020-08-27,3350.113,4731.345,13535.091,2689.17
2020-08-28,3403.807,4844.265,13851.324,2757.839
2020-08-31,3395.678,4816.215,13758.228,2728.313
2020-09-01,3410.607,4842.122,13849.658,2750.424
2020-09-02,3404.802,4843.887,13887.425,2771.85
2020-09-03,3384.981,4817.095,13772.374,2746.953
2020-09-04,3355.367,4770.219,13656.657,2732.155
2020-09-07,3292.591,4669.368,13284.033,2641.202
2020-09-08,3316.417,4694.389,13293.33,2650.629
2020-09-09,3254.628,4584.589,12861.75,2523.396
2020-09-10,3234.823,4581.978,12742.846,2483.031
2020-09-11,3260.346,4627.283,12942.949,2536.618
2020-09-14,3278.814,4651.051,13021.99,2572.601
2020-09-15,3295.68,4688.483,13143.457,2595.154
2020-09-16,3283.924,4657.358,13011.281,2554.8
2020-09-17,3270.435,4632.714,13015.189,2557.321
2020-09-18,3338.09,4737.089,13245.09,2596.082
2020-09-21,3316.935,4691.428,13149.501,2569.219
2020-09-22,3274.302,4635.761,13023.431,2555.544
2020-09-23,3279.711,4652.327,13110.072,2599.885
2020-09-24,3223.176,4563.066,12816.606,2535.868
2020-09-25,3219.418,4570.022,12814.174,2540.426
2020-09-28,3217.535,4581.909,12760.933,2521.246
2020-09-29,3224.359,4591.799,12900.695,2563.379
2020-09-30,3218.052,4587.395,12907.448,2574.758
2020-10-09,3272.076,4681.141,13289.262,2672.934
2020-10-12,3358.465,4823.158,13708.066,2777.388
2020-10-13,3359.75,4839.201,13798.579,2784.717
2020-10-14,3340.778,4807.102,13691.043,2764.244
2020-10-15,3332.183,4798.736,13624.891,2737.963
2020-10-16,3336.358,4791.676,13532.729,2724.497
2020-10-19,3312.667,4755.488,13421.194,2689.669
2020-10-20,3328.103,4793.467,13603.881,2740.583
2020-10-21,3325.025,4792.828,13467.913,2700.533
2020-10-22,3312.501,4777.985,13396.182,2673.585
2020-10-23,3277.997,4718.488,13128.455,2600.843
2020-10-26,3251.119,4691.236,13191.247,2617.743
2020-10-27,3254.316,4699.279,13269.654,2650.764
2020-10-28,3269.238,4737.272,13388.104,2670.481
2020-10-29,3272.727,4772.92,13519.661,2699.923
2020-10-30,3224.533,4695.334,13236.601,2655.865
2020-11-02,3225.12,4720.831,13420.961,2708.388
2020-11-03,3271.074,4777.561,13580.035,2744.314
2020-11-04,3277.44,4813.656,13659.499,2750.554
2020-11-05,3320.133,4885.112,13894.257,2787.878
2020-11-06,3312.159,4885.718,13838.422,2733.072
2020-11-09,3373.734,4981.35,14141.153,2813.998
2020-11-10,3360.149,4953.876,13993.335,2773.218
2020-11-11,3342.203,4904.898,13720.174,2681.524
2020-11-12,3338.679,4908.463,13792.074,2700.51
2020-11-13,3310.105,4856.851,13754.554,2706.813
2020-11-16,3346.969,4904.172,13850.829,2712.409
2020-11-17,3339.895,4894.786,13732.52,2658.092
2020-11-18,3347.303,4891.672,13658.203,2620.672
2020-11-19,3363.088,4927.989,13777.445,2645.161
2020-11-20,3377.727,4943.288,13852.418,2667.093
2020-11-23,3414.49,5005.027,13955.285,2686.358
2020-11-24,3402.823,4974.286,13902.537,2674.798
2020-11-25,3362.327,4910.7,13656.095,2615.531
2020-11-26,3369.733,4919.591,13599.994,2609.386
2020-11-27,3408.307,4980.765,13690.884,2618.991
2020-11-30,3391.755,4960.252,13670.11,2631.889
2020-12-01,3451.938,5067.098,13930.375,2698.443
2020-12-02,3449.381,5067.145,13961.575,2682.972
2020-12-03,3442.136,5057.06,13970.684,2712.518
2020-12-04,3444.581,5065.916,14026.656,2730.837
2020-12-07,3416.604,5022.235,13973.481,2726.483
2020-12-08,3410.177,5009.879,13973.892,2746.281
2020-12-09,3371.964,4942.699,13716.53,2697.826
2020-12-10,3373.276,4940.525,13731.342,2718.545
2020-12-11,3347.191,4889.629,13555.145,2687.781
2020-12-14,3369.12,4934.835,13692.133,2726.601
2020-12-15,3367.233,4945.1,13763.313,2758.854
2020-12-16,3366.983,4953.867,13751.091,2760.64
2020-12-17,3404.873,5017.478,13889.866,2785.615
2020-12-18,3394.896,4999.968,13854.12,2780.73
2020-12-21,3420.569,5046.84,14134.85,2882.443
2020-12-22,3356.782,4964.773,13882.303,2811.749
2020-12-23,3382.32,5007.124,14015.022,2842.97
2020-12-24,3363.113,5000.015,13915.574,2820.753
2020-12-25,3396.563,5042.014,14017.057,2840.801
2020-12-28,3397.285,5064.415,14044.101,2842.81
2020-12-29,3379.036,5042.936,13970.211,2812.997
2020-12-30,3414.453,5113.711,14201.565,2900.538
2020-12-31,3473.069,5211.289,14470.684,2966.256
2021-01-04,3502.958,5267.718,14827.469,3078.111
2021-01-05,3528.677,5368.505,15147.569,3097.977
2021-01-06,3550.877,5417.668,15187.614,3115.091
2021-01-07,3576.205,5513.657,15356.403,3162.398
2021-01-08,3570.108,5495.431,15319.291,3150.78
2021-01-11,3531.498,5441.158,15115.38,3092.861
2021-01-12,3608.339,5596.353,15460.032,3180.35
2021-01-13,3598.652,5577.971,15365.428,3130.298
2021-01-14,3565.905,5470.456,15070.129,3089.177
2021-01-15,3566.378,5458.081,15031.703,3089.945
2021-01-18,3596.224,5518.521,15269.272,3149.2
2021-01-19,3566.381,5437.523,15003.985,3084.488
2021-01-20,3583.092,5476.434,15223.357,3204.932
2021-01-21,3621.264,5564.969,15520.598,3283.721
2021-01-22,3606.75,5569.776,15628.73,3358.238
2021-01-25,3624.238,5625.923,15710.193,3355.24
2021-01-26,3569.429,5512.968,15352.42,3258.355
2021-01-27,3573.341,5528.003,15413.843,3281.031
2021-01-28,3505.176,5377.143,14913.205,3161.863
2021-01-29,3483.069,5351.965,14821.994,3128.865
2021-02-01,3505.284,5417.648,15024.244,3159.993
2021-02-02,3533.685,5501.092,15335.662,3228.698
2021-02-03,3517.308,5485.201,15233.149,3223.766
2021-02-04,3501.859,5473.948,15105.939,3200.549
2021-02-05,3496.333,5483.414,15007.295,3193.707
2021-02-08,3532.447,5564.562,15269.627,3278.06
2021-02-09,3603.489,5686.25,15630.565,3334.242
2021-02-10,3655.088,5807.719,15962.25,3413.81
2021-02-18,3675.357,5768.381,15767.436,3320.144
2021-02-19,3696.168,5778.842,15823.105,3285.535
2021-02-22,3642.445,5597.333,15336.951,3138.672
2021-02-23,3636.357,5579.668,15243.252,3112.357
2021-02-24,3564.08,5437.568,14870.665,3007.456
2021-02-25,3585.046,5469.558,14828.801,2977.176
2021-02-26,3509.08,5336.761,14507.445,2914.113
2021-03-01,3551.4,5418.784,14857.344,2994.751
2021-03-02,3508.591,5349.63,14751.117,2966.892
2021-03-03,3576.905,5452.213,14932.385,2997.749
2021-03-04,3503.492,5280.706,14416.06,2851.873
2021-03-05,3501.987,5262.796,14412.312,2871.972
2021-03-08,3421.414,5080.025,13863.813,2728.844
2021-03-09,3359.292,4970.999,13475.718,2633.45
2021-03-10,3357.737,5003.612,13563.339,2676.702
2021-03-11,3436.831,5128.216,13866.366,2746.575
2021-03-12,3453.078,5146.379,13897.025,2756.813
2021-03-15,3419.946,5035.544,13520.066,2644.015
2021-03-16,3446.733,5079.362,13642.955,2672.117
2021-03-17,3445.551,5100.858,13809.768,2704.136
2021-03-18,3463.068,5141.768,13963.924,2748.726
2021-03-19,3404.663,5007.091,13606.002,2671.518
2021-03-22,3443.439,5057.152,13760.966,2698.261
2021-03-23,3411.509,5009.246,13607.268,2668.082
2021-03-24,3367.061,4928.685,13407.347,2634.614
2021-03-25,3363.592,4926.347,13421.162,2655.999
2021-03-26,3418.327,5037.99,13769.683,2745.4
2021-03-29,3435.296,5046.877,13771.259,2733.963
2021-03-30,3456.677,5094.729,13888.438,2771.322
2021-03-31,3441.912,5048.361,13778.67,2758.501
2021-04-01,3466.332,5110.777,13979.694,2815.413
2021-04-02,3484.392,5161.557,14122.613,2852.229
2021-04-06,3482.967,5140.342,14083.34,2831.598
2021-04-07,3479.626,5103.743,13979.31,2807.201
2021-04-08,3482.555,5112.209,13989.939,2826.99
2021-04-09,3450.677,5035.337,13813.31,2783.327
2021-04-12,3412.948,4947.746,13495.718,2719.953
2021-04-13,3396.47,4939.644,13528.313,2742.852
2021-04-14,3416.721,4980.628,13738.001,2804.409
2021-04-15,3398.988,4948.974,13680.269,2790.644
2021-04-16,3426.618,4966.181,13720.743,2783.373
2021-04-19,3477.549,5087.017,14117.798,2898.729
2021-04-20,3472.943,5083.365,14101.902,2896.108
2021-04-21,3472.93,5098.745,14151.146,2916.975
2021-04-22,3465.114,5089.244,14209.441,2939.395
2021-04-23,3474.166,5135.453,14351.855,2994.488
2021-04-26,3441.166,5077.237,14224.448,2969.405
2021-04-27,3442.611,5090.52,14264.084,2986.034
2021-04-28,3457.068,5119.242,14398.381,3050.585
2021-04-29,3474.901,5164.169,14464.082,3051.417
2021-04-30,3446.856,5123.489,14438.567,3091.395
2021-05-06,3441.283,5061.124,14210.596,3014.812
2021-05-07,3418.874,4996.053,13933.809,2910.411
2021-05-10,3427.991,4992.422,13917.967,2921.721
2021-05-11,3441.845,5023.06,13966.785,2921.343
2021-05-12,3462.751,5044.548,14064.865,2960.355
2021-05-13,3429.536,4992.974,13917.65,2943.617
2021-05-14,3490.376,5110.59,14208.783,3033.806
2021-05-17,3517.616,5184.985,14456.542,3112.741
2021-05-18,3529.014,5187.601,14450.604,3090.123
2021-05-19,3510.965,5172.272,14484.455,3114.724
2021-05-20,3506.944,5186.412,14535.098,3143.616
2021-05-21,3486.557,5134.148,14417.457,3113.259
2021-05-24,3497.282,5155.588,14506.607,3139.686
2021-05-25,3581.342,5318.478,14846.453,3227.355
2021-05-26,3593.357,5320.593,14793.681,3196.848
2021-05-27,3608.851,5338.233,14897.188,3226.108
2021-05-28,3600.784,5321.089,14852.878,3232.291
2021-05-31,3615.477,5331.57,14996.377,3309.069
2021-06-01,3624.714,5341.68,15034.779,3300.159
2021-06-02,3597.138,5289.974,14857.908,3243.022
2021-06-03,3584.212,5255.286,14761.132,3201.784
2021-06-04,3591.845,5282.277,14870.914,3242.612
2021-06-07,3599.541,5277.627,14862.6,3228.243
2021-06-08,3580.106,5232.117,14716.982,3208.572
2021-06-09,3591.397,5236.449,14718.402,3207.626
2021-06-10,3610.859,5271.466,14893.593,3285.51
2021-06-11,3589.748,5224.703,14801.24,3298.497
2021-06-15,3556.559,5166.56,14673.339,3262.188
2021-06-16,3518.329,5080.491,14295.928,3125.701
2021-06-17,3525.604,5101.892,14472.37,3188.593
2021-06-18,3525.097,5102.466,14583.668,3239.227
2021-06-21,3529.183,5090.385,14641.293,3270.577
2021-06-22,3557.412,5122.158,14696.286,3281.992
2021-06-23,3566.22,5147.394,14843.831,3318.946
2021-06-24,3566.654,5155.974,14784.8,3279.159
2021-06-25,3607.562,5239.968,15003.85,3347.699
2021-06-28,3606.372,5251.76,15150.168,3412.863
2021-06-29,3573.178,5190.545,14999.798,3406.238
2021-06-30,3591.197,5224.041,15161.702,3477.178
2021-07-01,3588.782,5229.664,15038.876,3455.359
2021-07-02,3518.76,5081.117,14670.711,3333.897
2021-07-05,3534.322,5085.792,14718.663,3352.117
2021-07-06,3530.259,5083.104,14667.646,3291.988
2021-07-07,3553.716,5140.49,14940.047,3409.589
2021-07-08,3525.504,5088.257,14882.904,3432.957
2021-07-09,3524.088,5069.436,14844.356,3409.309
2021-07-12,3547.836,5132.709,15161.522,3534.763
2021-07-13,3566.523,5142.099,15189.295,3514.977
2021-07-14,3528.501,5083.085,15056.318,3488.627
2021-07-15,3564.59,5151.463,15169.334,3537.391
2021-07-16,3539.304,5094.773,14972.214,3432.647
2021-07-19,3539.123,5113.495,14992.904,3449.526
2021-07-20,3536.791,5108.994,15011.354,3463.791
2021-07-21,3562.661,5144.043,15212.599,3560.045
2021-07-22,3574.734,5151.752,15262.188,3544.436
2021-07-23,3550.396,5089.228,15028.567,3469.873
2021-07-26,3467.441,4925.299,14630.85,3371.228
2021-07-27,3381.183,4751.313,14093.635,3232.839
2021-07-28,3361.59,4760.483,14086.424,3284.92
2021-07-29,3411.724,4850.275,14515.323,3459.721
2021-07-30,3397.357,4811.17,14473.21,3440.182
2021-08-02,3464.285,4933.736,14798.158,3493.359
2021-08-03,3447.991,4934.458,14736.918,3477.229
2021-08-04,3477.219,4978.848,14990.109,3563.127
2021-08-05,3466.549,4948.67,14872.226,3532.5
2021-08-06,3458.228,4921.565,14827.41,3490.902
2021-08-09,3494.635,4985.563,14941.442,3456.747
2021-08-10,3529.931,5043.148,15057.591,3468.67
2021-08-11,3532.621,5015.341,15021.17,3437.058
2021-08-12,3524.737,4973.351,14901.971,3386.432
2021-08-13,3516.299,4945.983,14799.032,3345.126
2021-08-16,3517.345,4941.068,14693.736,3301.391
2021-08-17,3446.976,4837.403,14350.647,3224.153
2021-08-18,3485.286,4894.238,14454.114,3248.373
2021-08-19,3465.555,4862.139,14487.361,3278.357
2021-08-20,3427.334,4769.268,14253.535,3192.9
2021-08-23,3477.132,4835.878,14535.877,3293.77
2021-08-24,3514.471,4888.39,14663.549,3330.58
2021-08-25,3540.384,4898.157,14697.497,3348.662
2021-08-26,3501.664,4801.609,14415.459,3264.45
2021-08-27,3522.157,4827.043,14436.896,3257.072
2021-08-30,3528.151,4813.27,14423.366,3271.802
2021-08-31,3543.94,4805.61,14328.382,3214.117
2021-09-01,3567.101,4869.459,14314.086,3186.85
2021-09-02,3597.043,4869.411,14277.339,3138.803
2021-09-03,3581.734,4843.062,14179.864,3102.145
2021-09-06,3621.859,4933.726,14546.604,3228.088
2021-09-07,3676.587,4992.829,14702.898,3251.487
2021-09-08,3675.187,4972.132,14688.08,3219.947
2021-09-09,3693.13,4970.013,14698.528,3221.941
2021-09-10,3703.11,5013.522,14771.871,3232.01
2021-09-13,3715.372,4991.66,14705.827,3194.275
2021-09-14,3662.602,4917.162,14626.085,3236.547
2021-09-15,3656.223,4867.319,14536.313,3200.399
2021-09-16,3607.092,4807.698,14258.13,3128.845
2021-09-17,3613.966,4855.94,14359.358,3193.261
2021-09-22,3628.49,4821.768,14277.075,3164.328
2021-09-23,3642.22,4853.196,14387.359,3182.467
2021-09-24,3613.067,4849.428,14357.846,3207.817
2021-09-27,3582.831,4877.37,14344.287,3231.583
2021-09-28,3602.218,4883.828,14313.822,3211.454
2021-09-29,3536.294,4833.928,14079.023,3175.152
2021-09-30,3568.167,4866.383,14309.013,3244.646
2021-10-08,3592.167,4929.941,14414.159,3243.204
2021-10-11,3591.709,4936.192,14367.604,3196.189
2021-10-12,3546.936,4883.837,14135.376,3138.263
2021-10-13,3561.762,4940.109,14353.078,3210.159
2021-10-14,3558.28,4913.612,14341.376,3215.736
2021-10-15,3572.366,4932.108,14415.992,3276.321
2021-10-18,3568.138,4874.775,14350.02,3276.484
2021-10-19,3593.153,4922.723,14499.767,3297.293
2021-10-20,3587.001,4910.185,14452.246,3285.122
2021-10-21,3594.783,4928.016,14444.856,3279.487
2021-10-22,3582.604,4959.725,14492.821,3284.911
2021-10-25,3609.863,4979.524,14596.725,3338.624
2021-10-26,3597.638,4963.098,14552.819,3327.537
2021-10-27,3562.305,4898.164,14393.508,3308.962
2021-10-28,3518.417,4864.138,14244.819,3278.359
2021-10-29,3547.336,4908.77,14451.382,3350.665
2021-11-01,3544.48,4890.685,14476.526,3331.915
2021-11-02,3505.628,4839.846,14377.266,3339.597
2021-11-03,3498.537,4821.112,14367.78,3327.085
2021-11-04,3526.866,4868.742,14555.274,3362.249
2021-11-05,3491.568,4842.346,14462.622,3352.754
2021-11-08,3498.631,4848.18,14508.861,3380.292
2021-11-09,3507.002,4846.744,14571.933,3409.942
2021-11-10,3492.462,4821.193,14515.881,3399.663
2021-11-11,3532.786,4898.653,14699.744,3433.241
2021-11-12,3539.1,4888.375,14705.368,3430.141
2021-11-15,3533.303,4882.378,14636.391,3401.874
2021-11-16,3521.787,4883.321,14613.973,3393.715
2021-11-17,3537.366,4885.754,14711.184,3421.329
2021-11-18,3520.711,4837.619,14579.167,3383.906
2021-11-19,3560.373,4890.058,14752.486,3418.96
2021-11-22,3582.08,4912.399,14960.656,3505.727
2021-11-23,3589.089,4913.346,14905.133,3492.769
2021-11-24,3592.703,4916.658,14887.595,3478.662
2021-11-25,3584.179,4896.442,14827.951,3474.451
2021-11-26,3564.089,4860.127,14777.171,3468.865
2021-11-29,3562.697,4851.423,14810.197,3503.409
2021-11-30,3563.887,4832.026,14795.734,3495.593
2021-12-01,3576.885,4843.851,14794.247,3473.366
2021-12-02,3573.836,4856.163,14765.561,3466.914
2021-12-03,3607.432,4901.018,14892.053,3478.666
2021-12-06,3589.306,4892.621,14752.957,3405.935
2021-12-07,3595.088,4922.102,14697.167,3368.784
2021-12-08,3637.568,4995.93,14964.464,3424.704
2021-12-09,3673.041,5078.69,15147.875,3459.319
2021-12-10,3666.348,5055.117,15111.562,3466.797
2021-12-13,3681.082,5083.801,15212.485,3496.962
2021-12-14,3661.525,5049.695,15136.775,3495.06
2021-12-15,3647.63,5005.899,15026.207,3464.758
2021-12-16,3675.016,5034.732,15112.807,3490.449
2021-12-17,3632.364,4954.76,14867.554,3434.339
2021-12-20,3593.602,4880.418,14569.184,3332.606
2021-12-21,3625.125,4913.485,14688.983,3350.429
2021-12-22,3622.618,4914.454,14791.332,3368.699
2021-12-23,3643.339,4948.739,14863.928,3373.703
2021-12-24,3618.054,4921.345,14710.328,3297.106
2021-12-27,3615.974,4919.324,14715.646,3293.811
2021-12-28,3630.112,4955.964,14837.869,3328.559
2021-12-29,3597.0,4883.48,14653.823,3281.897
2021-12-30,3619.189,4921.511,14796.231,3322.795
2021-12-31,3639.775,4940.373,14857.346,3322.673
2022-01-04,3632.329,4917.765,14791.313,3250.159
2022-01-05,3595.176,4868.12,14525.759,3161.507
2022-01-06,3586.079,4818.232,14429.508,3127.48
2022-01-07,3579.543,4822.369,14343.654,3096.881
2022-01-10,3593.519,4844.045,14406.973,3095.689
2022-01-11,3567.441,4797.774,14223.351,3056.153
2022-01-12,3597.432,4845.579,14421.198,3136.685
2022-01-13,3555.259,4765.919,14138.336,3083.141
2022-01-14,3521.256,4726.732,14150.569,3119.408
2022-01-17,3541.666,4767.276,14363.567,3170.408
2022-01-18,3569.914,4813.347,14391.389,3144.333
2022-01-19,3558.18,4780.378,14207.193,3075.977
2022-01-20,3555.063,4823.509,14198.303,3065.994
2022-01-21,3522.568,4779.314,14029.546,3034.679
2022-01-24,3524.105,4786.738,14081.795,3056.434
2022-01-25,3433.061,4678.451,13683.895,2974.955
2022-01-26,3455.668,4712.311,13780.301,3004.412
2022-01-27,3394.247,4619.877,13398.845,2906.763
2022-01-28,3361.44,4563.772,13328.056,2908.945
2022-02-07,3429.581,4634.09,13456.647,2917.864
2022-02-08,3452.629,4608.773,13325.412,2846.482
2022-02-09,3479.946,4652.061,13531.311,2883.597
2022-02-10,3485.907,4639.863,13432.067,2826.517
2022-02-11,3462.948,4601.395,13224.378,2746.383
2022-02-14,3428.882,4551.688,13123.212,2732.01
2022-02-15,3446.089,4600.103,13345.626,2816.444
2022-02-16,3465.831,4617.989,13376.356,2818.397
2022-02-17,3468.035,4629.165,13422.899,2839.825
2022-02-18,3490.757,4651.236,13459.681,2826.813
2022-02-21,3490.612,4634.314,13471.157,2804.598
2022-02-22,3457.146,4574.153,13297.107,2765.91
2022-02-23,3489.147,4623.047,13549.985,2843.866
2022-02-24,3429.956,4529.319,13252.241,2783.899
2022-02-25,3451.406,4573.425,13412.918,2855.803
2022-02-28,3462.306,4581.646,13455.733,2881.306
2022-03-01,3488.835,4619.686,13488.637,2885.786
2022-03-02,3484.192,4578.601,13346.956,2834.636
2022-03-03,3481.113,4551.628,13201.82,2791.949
2022-03-04,3447.649,4496.43,13020.464,2748.638
2022-03-07,3372.855,4352.778,12573.435,2630.371
2022-03-08,3293.53,4265.391,12244.497,2582.986
2022-03-09,3256.388,4226.346,12107.171,2566.719
2022-03-10,3296.092,4292.837,12370.954,2635.194
2022-03-11,3309.747,4306.522,12447.373,2665.462
2022-03-14,3223.533,4174.758,12063.632,2570.447
2022-03-15,3063.965,3983.812,11537.235,2504.782
2022-03-16,3170.71,4156.081,12000.959,2635.083
2022-03-17,3215.045,4237.696,12289.974,2710.726
2022-03-18,3251.072,4265.902,12328.647,2713.795
2022-03-21,3253.686,4258.746,12379.636,2726.18
2022-03-22,3259.862,4255.295,12318.783,2688.234
2022-03-23,3271.033,4276.517,12408.65,2715.954
2022-03-24,3250.264,4251.306,12305.504,2706.215
2022-03-25,3212.24,4174.574,12072.728,2637.944
2022-03-28,3214.503,4148.466,11949.939,2594.128
2022-03-29,3203.939,4134.144,11895.077,2592.666
2022-03-30,3266.596,4254.099,12263.802,2696.826
2022-03-31,3252.203,4222.597,12118.254,2659.492
2022-04-01,3282.717,4276.158,12227.931,2666.969
2022-04-06,3283.426,4263.841,12172.911,2633.91
2022-04-07,3236.695,4209.1,11972.023,2578.533
2022-04-08,3251.85,4230.767,11959.271,2569.911
2022-04-11,3167.126,4100.07,11520.214,2462.043
2022-04-12,3213.33,4179.973,11756.377,2523.694
2022-04-13,3186.824,4139.737,11568.17,2466.841
2022-04-14,3225.641,4191.568,11714.615,2466.293
2022-04-15,3211.245,4188.747,11648.567,2460.362
2022-04-18,3195.524,4166.384,11691.473,2487.774
2022-04-19,3194.029,4134.902,11633.323,2453.545
2022-04-20,3151.05,4070.789,11392.228,2363.653
2022-04-21,3079.808,3995.83,11084.284,2312.456
2022-04-22,3086.919,4013.25,11051.697,2296.595
2022-04-25,2928.512,3814.913,10379.283,2169.004
2022-04-26,2886.426,3784.12,10206.639,2150.513
2022-04-27,2958.282,3895.536,10652.904,2269.171
2022-04-28,2975.485,3921.107,10628.92,2227.655
2022-04-29,3047.062,4016.241,11021.436,2319.137
2022-05-05,3067.759,4010.21,11046.383,2288.404
2022-05-06,3001.561,3908.815,10809.88,2244.969
2022-05-09,3004.141,3877.436,10765.625,2228.073
2022-05-10,3035.844,3919.868,10912.742,2276.345
2022-05-11,3058.703,3976.423,11109.479,2346.152
2022-05-12,3054.994,3958.74,11094.869,2351.271
2022-05-13,3084.285,3988.6,11159.791,2358.161
2022-05-16,3073.749,3956.538,11093.374,2331.23
2022-05-17,3093.697,4005.893,11230.159,2369.089
2022-05-18,3085.977,3991.907,11208.075,2365.377
2022-05-19,3096.965,3999.598,11250.061,2377.127
2022-05-20,3146.567,4077.6,11454.527,2417.349
2022-05-23,3146.857,4053.982,11447.952,2410.122
2022-05-24,3070.927,3959.154,11065.917,2318.075
2022-05-25,3107.464,3983.178,11143.182,2325.597
2022-05-26,3123.108,3993.045,11206.82,2321.134
2022-05-27,3130.239,4001.299,11193.587,2322.482
2022-05-30,3149.061,4029.018,11310.282,2350.385
2022-05-31,3186.427,4091.518,11527.621,2405.085
2022-06-01,3182.157,4083.177,11551.272,2428.957
2022-06-02,3195.458,4089.568,11628.309,2458.256
2022-06-06,3236.372,4166.085,11938.119,2554.659
2022-06-07,3241.764,4179.129,11935.569,2554.626
2022-06-08,3263.793,4219.812,12033.261,2576.335
2022-06-09,3238.954,4175.675,11810.584,2500.205
2022-06-10,3284.834,4238.994,12035.149,2556.473
2022-06-13,3255.551,4189.353,11999.312,2546.488
2022-06-14,3288.907,4222.311,12023.785,2548.314
2022-06-15,3305.407,4278.218,12137.758,2575.086
2022-06-16,3285.385,4250.061,12150.958,2585.471
2022-06-17,3316.786,4309.044,12331.141,2657.212
2022-06-20,3315.43,4330.433,12487.134,2710.141
2022-06-21,3306.719,4325.566,12423.864,2692.985
2022-06-22,3267.202,4270.623,12246.553,2677.285
2022-06-23,3320.149,4343.878,12514.726,2760.102
2022-06-24,3349.747,4394.772,12686.032,2824.44
2022-06-27,3379.185,4444.264,12825.565,2830.597
2022-06-28,3409.21,4490.517,12982.686,2840.419
2022-06-29,3361.518,4421.357,12696.505,2768.61
2022-06-30,3398.616,4485.011,12896.204,2810.601
2022-07-01,3387.637,4466.718,12860.355,2781.943
2022-07-04,3405.427,4496.03,13026.246,2834.689
2022-07-05,3404.025,4489.538,12973.108,2825.131
2022-07-06,3355.35,4423.97,12811.33,2802.715
2022-07-07,3364.398,4443.474,12935.85,2849.706
2022-07-08,3356.078,4428.781,12857.13,2817.639
2022-07-11,3313.584,4354.617,12617.231,2767.461
2022-07-12,3281.467,4313.618,12439.268,2702.693
2022-07-13,3284.292,4321.462,12508.886,2746.86
2022-07-14,3281.744,4322.074,12602.775,2819.129
2022-07-15,3228.061,4248.527,12411.008,2760.499
2022-07-18,3278.103,4292.586,12532.651,2800.357
2022-07-19,3279.431,4269.34,12494.766,2750.866
2022-07-20,3304.724,4283.803,12573.115,2765.162
2022-07-21,3272.001,4236.058,12455.193,2751.415
2022-07-22,3269.974,4238.234,12394.022,2737.314
2022-07-25,3250.388,4212.644,12291.593,2704.945
2022-07-26,3277.436,4245.976,12408.56,2713.458
2022-07-27,3275.755,4225.036,12399.694,2714.249
2022-07-28,3282.576,4225.673,12428.723,2705.901
2022-07-29,3253.238,4170.102,12266.92,2670.451
2022-08-01,3259.959,4188.678,12413.871,2733.736
2022-08-02,3186.266,4107.024,12120.021,2678.621
2022-08-03,3163.674,4066.975,11982.257,2628.818
2022-08-04,3189.039,4101.537,12065.223,2640.776
2022-08-05,3227.027,4156.911,12269.213,2683.602
2022-08-08,3236.934,4148.075,12302.151,2675.686
2022-08-09,3247.432,4156.291,12331.095,2694.8
2022-08-10,3230.02,4109.737,12223.514,2658.585
2022-08-11,3281.665,4193.543,12474.032,2721.492
2022-08-12,3276.888,4191.152,12419.391,2690.831
2022-08-15,3276.087,4185.679,12460.222,2718.593
2022-08-16,3277.885,4177.837,12470.114,2731.393
2022-08-17,3292.526,4216.959,12595.463,2777.91
2022-08-18,3277.544,4180.1,12517.32,2775.821
2022-08-19,3258.078,4151.074,12358.545,2734.218
2022-08-22,3277.794,4181.397,12505.678,2779.015
2022-08-23,3276.223,4161.082,12455.152,2780.306
2022-08-24,3215.203,4082.42,12096.393,2679.048
2022-08-25,3246.248,4116.24,12104.033,2667.301
2022-08-26,3236.223,4107.546,12059.707,2640.291
2022-08-29,3240.728,4089.521,12018.163,2630.505
2022-08-30,3227.22,4075.794,11970.792,2612.142
2022-08-31,3202.138,4078.84,11815.793,2570.415
2022-09-01,3184.98,4043.74,11712.393,2533.854
2022-09-02,3186.478,4023.613,11702.391,2533.023
2022-09-05,3199.912,4015.426,11678.694,2538.204
2022-09-06,3243.447,4052.28,11799.808,2540.635
2022-09-07,3246.294,4054.983,11849.078,2570.802
2022-09-08,3235.586,4037.684,11746.922,2523.006
2022-09-09,3262.054,4093.787,11877.787,2548.216
2022-09-13,3263.797,4111.115,11923.47,2550.625
2022-09-14,3237.542,4065.359,11774.783,2503.824
2022-09-15,3199.919,4027.119,11526.96,2424.192
2022-09-16,3126.398,3932.683,11261.498,2367.398
2022-09-19,3115.602,3928.0,11207.044,2350.376
2022-09-20,3122.406,3932.836,11283.925,2366.904
2022-09-21,3117.177,3903.735,11208.51,2331.516
2022-09-22,3108.91,3869.344,11114.428,2319.419
2022-09-23,3088.37,3856.021,11006.413,2303.905
2022-09-26,3051.226,3836.677,10962.561,2323.052
2022-09-27,3093.862,3892.295,11175.118,2374.737
2022-09-28,3045.067,3828.71,10899.695,2313.77
2022-09-29,3041.205,3827.143,10919.436,2332.995
2022-09-30,3024.391,3804.885,10778.614,2288.969
2022-10-10,2974.145,3720.937,10522.115,2236.245
2022-10-11,2979.793,3727.687,10577.811,2261.892
2022-10-12,3025.506,3784.306,10838.477,2343.3
2022-10-13,3016.356,3752.673,10817.668,2350.686
2022-10-14,3071.987,3842.47,11121.715,2434.219
2022-10-17,3084.942,3846.412,11162.26,2435.023
2022-10-18,3080.957,3838.267,11187.697,2446.928
2022-10-19,3044.378,3776.534,11027.241,2425.957
2022-10-20,3035.05,3754.927,10965.332,2401.716
2022-10-21,3038.929,3742.893,10918.966,2395.157
2022-10-24,2977.555,3633.373,10694.613,2336.838
2022-10-25,2976.283,3627.454,10639.817,2314.551
2022-10-26,2999.504,3656.903,10818.326,2372.876
2022-10-27,2982.903,3631.145,10750.142,2337.253
2022-10-28,2915.926,3541.33,10401.837,2250.51
2022-10-31,2893.483,3508.703,10397.041,2265.078
2022-11-01,2969.2,3634.173,10734.248,2337.653
2022-11-02,3003.37,3677.805,10877.506,2375.862
2022-11-03,2997.806,3647.897,10840.061,2376.061
2022-11-04,3070.796,3767.175,11187.43,2451.223
2022-11-07,3077.817,3775.297,11207.73,2454.694
2022-11-08,3064.493,3749.325,11142.927,2432.403
2022-11-09,3048.168,3714.27,11055.291,2399.336
2022-11-10,3036.132,3685.689,10908.549,2357.125
2022-11-11,3087.293,3788.439,11139.773,2405.318
2022-11-14,3083.401,3794.017,11113.465,2375.207
2022-11-15,3134.078,3865.973,11351.332,2431.733
2022-11-16,3119.98,3834.39,11235.558,2402.905
2022-11-17,3115.435,3818.664,11221.454,2385.861
2022-11-18,3097.243,3801.569,11180.429,2389.76
2022-11-21,3085.044,3769.127,11134.466,2387.295
2022-11-22,3088.943,3769.573,11002.935,2343.554
2022-11-23,3096.907,3773.529,10972.809,2340.337
2022-11-24,3089.31,3756.808,10956.685,2335.524
2022-11-25,3101.693,3775.776,10904.266,2309.36
2022-11-28,3078.549,3733.242,10829.08,2298.802
2022-11-29,3149.748,3848.422,11089.012,2339.793
2022-11-30,3151.335,3853.037,11108.497,2345.313
2022-12-01,3165.471,3894.769,11264.157,2381.183
2022-12-02,3156.144,3870.948,11219.793,2383.322
2022-12-05,3211.814,3946.876,11323.345,2377.107
2022-12-06,3212.533,3968.198,11398.82,2393.281
2022-12-07,3199.619,3958.441,11418.764,2414.043
2022-12-08,3197.35,3959.18,11389.793,2411.812
2022-12-09,3206.95,3998.244,11501.578,2420.629
2022-12-12,3179.042,3953.443,11399.135,2401.522
2022-12-13,3176.326,3945.681,11323.704,2376.205
2022-12-14,3176.525,3954.886,11321.812,2368.079
2022-12-15,3168.648,3951.989,11358.106,2399.124
2022-12-16,3167.858,3954.227,11295.027,2373.723
2022-12-19,3107.115,3893.221,11124.701,2346.697
2022-12-20,3073.766,3829.017,10949.12,2310.799
2022-12-21,3068.411,3830.538,10912.09,2303.703
2022-12-22,3054.431,3836.028,10876.31,2295.32
2022-12-23,3045.866,3828.219,10849.637,2286.188
2022-12-26,3065.563,3843.489,10978.985,2331.41
2022-12-27,3095.568,3887.854,11106.503,2359.5
2022-12-28,3087.4,3871.264,11010.529,2338.258
2022-12-29,3073.702,3856.701,10996.41,2349.383
2022-12-30,3089.258,3871.634,11015.986,2346.767
2023-01-03,3116.512,3887.899,11117.13,2356.424
2023-01-04,3123.516,3892.948,11095.373,2335.122
2023-01-05,3155.216,3968.578,11332.011,2399.458
2023-01-06,3157.637,3980.889,11367.732,2422.141
2023-01-09,3176.085,4013.12,11450.147,2440.366
2023-01-10,3169.507,4017.474,11506.794,2474.005
2023-01-11,3161.838,4010.031,11439.439,2445.971
2023-01-12,3163.451,4017.869,11465.728,2458.494
2023-01-13,3195.306,4074.377,11602.305,2493.126
2023-01-16,3227.592,4137.964,11785.768,2539.521
2023-01-17,3224.245,4137.242,11800.553,2545.555
2023-01-18,3224.406,4130.314,11810.66,2543.896
2023-01-19,3240.279,4156.008,11913.264,2571.438
2023-01-20,3264.814,4181.527,11980.62,2585.963
2023-01-30,3269.318,4201.345,12097.763,2613.885
2023-01-31,3255.669,4156.858,12001.265,2580.839
2023-02-01,3284.921,4195.933,12158.19,2613.689
2023-02-02,3285.671,4181.149,12131.201,2602.316
2023-02-03,3263.406,4141.632,12054.295,2580.111
2023-02-06,3238.698,4086.878,11912.562,2544.091
2023-02-07,3248.094,4094.234,11926.88,2537.969
2023-02-08,3232.106,4076.141,11853.463,2525.877
2023-02-09,3270.383,4130.857,12048.271,2569.733
2023-02-10,3260.673,4106.31,11976.853,2545.156
2023-02-13,3284.16,4143.574,12113.607,2573.181
2023-02-14,3293.283,4145.29,12094.94,2565.155
2023-02-15,3280.492,4123.689,12064.378,2547.198
2023-02-16,3249.03,4093.488,11907.399,2512.499
2023-02-17,3224.024,4034.507,11715.769,2449.351
2023-02-20,3290.338,4133.49,11954.128,2480.794
2023-02-21,3306.524,4144.354,11968.604,2469.807
2023-02-22,3291.148,4106.951,11900.122,2451.898
2023-02-23,3287.477,4103.646,11884.305,2457.482
2023-02-24,3267.16,4061.046,11787.453,2428.936
2023-02-27,3258.034,4043.844,11701.946,2409.794
2023-02-28,3279.605,4069.459,11783.798,2429.027
2023-03-01,3312.348,4126.942,11914.318,2443.946
2023-03-02,3310.654,4117.738,11849.508,2418.598
2023-03-03,3328.393,4130.551,11851.918,2422.437
2023-03-06,3322.026,4109.01,11842.885,2431.556
2023-03-07,3285.099,4048.852,11608.583,2383.731
2023-03-08,3283.248,4034.108,11598.288,2377.584
2023-03-09,3276.094,4019.851,11579.993,2372.68
2023-03-10,3230.077,3967.135,11442.537,2370.358
2023-03-13,3268.696,4008.686,11505.023,2357.068
2023-03-14,3245.312,3984.696,11416.569,2343.11
2023-03-15,3263.315,3986.902,11413.433,2337.463
2023-03-16,3226.891,3939.151,11237.704,2302.049
2023-03-17,3250.546,3958.819,11278.046,2293.67
2023-03-20,3234.91,3939.077,11247.135,2291.918
2023-03-21,3255.651,3982.378,11427.247,2337.257
2023-03-22,3265.748,3999.443,11496.931,2341.923
2023-03-23,3286.649,4039.09,11605.289,2361.409
2023-03-24,3265.654,4027.046,11634.22,2370.38
2023-03-27,3251.397,4012.477,11647.938,2398.015
2023-03-28,3245.376,3999.515,11564.45,2369.172
2023-03-29,3240.057,4006.144,11579.915,2371.19
2023-03-30,3261.249,4038.526,11651.831,2383.038
2023-03-31,3272.86,4050.926,11726.397,2399.502
2023-04-03,3296.396,4090.568,11889.42,2440.207
2023-04-04,3312.558,4103.105,11859.477,2421.655
2023-04-06,3312.628,4096.64,11866.311,2426.567
2023-04-07,3327.646,4123.28,11967.743,2446.945
2023-04-10,3315.358,4104.812,11871.928,2443.521
2023-04-11,3313.571,4100.148,11877.147,2439.396
2023-04-12,3327.182,4097.288,11883.514,2429.293
2023-04-13,3318.364,4068.979,11739.842,2405.76
2023-04-14,3338.153,4091.999,11800.094,2428.09
2023-04-17,3385.61,4149.384,11855.484,2434.442
2023-04-18,3393.331,4162.032,11860.399,2431.1
2023-04-19,3370.128,4124.559,11760.271,2415.76
2023-04-20,3367.031,4113.019,11717.264,2386.674
2023-04-21,3301.258,4032.567,11450.435,2341.191
2023-04-24,3275.413,3982.643,11317.012,2301.238
2023-04-25,3264.872,3962.666,11149.011,2259.193
2023-04-26,3264.101,3959.232,11185.683,2294.057
2023-04-27,3285.884,3988.419,11216.997,2307.271
2023-04-28,3323.275,4029.086,11338.666,2324.715
2023-05-04,3350.459,4030.247,11273.866,2297.67
2023-05-05,3334.503,4016.877,11180.872,2267.632
2023-05-08,3395.004,4062.662,11225.774,2273.4
2023-05-09,3357.671,4027.875,11125.021,2245.823
2023-05-10,3319.151,3996.87,11140.188,2262.217
2023-05-11,3309.551,3990.664,11142.525,2276.571
2023-05-12,3272.362,3937.762,11005.644,2252.38
2023-05-15,3310.737,3998.887,11178.623,2299.93
2023-05-16,3290.987,3978.205,11099.258,2294.192
2023-05-17,3284.232,3960.165,11091.084,2293.644
2023-05-18,3297.32,3956.07,11078.282,2277.974
2023-05-19,3283.542,3944.54,11091.359,2278.585
2023-05-22,3296.47,3969.328,11127.037,2280.151
2023-05-23,3246.238,3913.188,11012.576,2253.331
2023-05-24,3204.749,3859.094,10920.327,2245.257
2023-05-25,3201.261,3850.5,10896.582,2244.184
2023-05-26,3212.504,3850.951,10909.65,2229.268
2023-05-29,3221.448,3833.942,10822.093,2203.842
2023-05-30,3224.213,3837.753,10869.552,2218.603
2023-05-31,3204.564,3798.543,10793.85,2193.408
2023-06-01,3204.635,3806.868,10835.896,2206.426
2023-06-02,3230.069,3861.834,10998.075,2233.275
2023-06-05,3232.441,3844.249,10946.084,2202.136
2023-06-06,3195.34,3808.163,10773.45,2164.811
2023-06-07,3197.759,3789.342,10708.822,2129.898
2023-06-08,3213.586,3820.187,10722.873,2123.961
2023-06-09,3231.406,3836.703,10793.926,2143.009
2023-06-12,3228.834,3844.432,10873.74,2152.422
2023-06-13,3233.673,3864.907,10955.96,2166.962
2023-06-14,3228.989,3864.025,10984.556,2163.34
2023-06-15,3252.975,3925.499,11182.943,2237.74
2023-06-16,3273.334,3963.351,11306.531,2270.064
2023-06-19,3255.806,3930.908,11274.049,2265.185
2023-06-20,3240.365,3924.238,11305.354,2271.419
2023-06-21,3197.901,3864.032,11058.634,2211.836
2023-06-26,3150.619,3809.696,10872.3,2186.253
2023-06-27,3189.443,3845.433,10978.081,2191.828
2023-06-28,3189.376,3840.799,10926.323,2182.095
2023-06-29,3182.381,3821.844,10915.499,2180.063
2023-06-30,3202.062,3842.452,11026.586,2215.001
2023-07-03,3243.975,3892.882,11091.563,2228.211
2023-07-04,3245.349,3899.013,11130.304,2232.75
2023-07-05,3222.947,3868.805,11029.296,2212.415
2023-07-06,3205.575,3842.755,10968.37,2192.187
2023-07-07,3196.609,3825.699,10888.555,2169.208
2023-07-10,3203.696,3844.327,10942.832,2198.865
2023-07-11,3221.367,3869.486,11028.683,2216.779
2023-07-12,3196.134,3843.437,10919.259,2196.852
2023-07-13,3236.48,3898.423,11095.437,2237.515
2023-07-14,3237.701,3899.103,11080.323,2224.096
2023-07-17,3209.63,3867.175,11010.357,2207.445
2023-07-18,3197.82,3854.939,10972.962,2200.619
2023-07-19,3198.836,3850.866,10932.649,2177.247
2023-07-20,3169.522,3823.695,10816.271,2155.647
2023-07-21,3167.745,3821.91,10810.182,2163.117
2023-07-24,3164.161,3805.221,10747.793,2146.929
2023-07-25,3231.521,3915.115,11021.291,2192.897
2023-07-26,3223.028,3907.013,10968.98,2191.169
2023-07-27,3216.671,3902.346,10923.774,2184.096
2023-07-28,3275.926,3992.738,11100.396,2219.538
2023-07-31,3291.04,4014.63,11183.911,2236.673
2023-08-01,3290.949,3998.001,11143.234,2223.796
2023-08-02,3261.69,3969.895,11104.158,2218.565
2023-08-03,3280.463,4004.984,11163.42,2241.983
2023-08-04,3288.084,4020.579,11238.062,2263.373
2023-08-07,3268.831,3990.153,11145.03,2240.775
2023-08-08,3260.62,3979.732,11098.445,2228.909
2023-08-09,3244.487,3967.565,11039.451,2228.731
2023-08-10,3254.56,3975.717,11050.222,2239.306
2023-08-11,3189.248,3884.254,10808.865,2187.036
2023-08-14,3178.427,3855.906,10755.143,2164.693
2023-08-15,3176.176,3846.536,10679.728,2148.674
2023-08-16,3150.128,3818.334,10579.558,2132.969
2023-08-17,3163.739,3831.101,10644.523,2147.061
2023-08-18,3131.953,3784.004,10458.511,2118.925
2023-08-21,3092.978,3729.555,10320.393,2084.969
2023-08-22,3120.334,3758.227,10374.727,2086.941
2023-08-23,3078.402,3696.634,10152.604,2038.976
2023-08-24,3082.244,3723.429,10256.189,2064.573
2023-08-25,3064.075,3709.152,10130.471,2040.399
2023-08-28,3098.636,3752.619,10233.153,2060.044
2023-08-29,3135.887,3790.107,10454.98,2118.194
2023-08-30,3137.138,3788.51,10482.497,2117.125
2023-08-31,3119.876,3765.268,10418.21,2102.575
2023-09-01,3133.247,3791.491,10463.743,2100.258
2023-09-04,3177.06,3848.952,10611.739,2118.034
2023-09-05,3154.369,3820.317,10540.709,2111.327
2023-09-06,3158.077,3812.028,10515.213,2101.398
2023-09-07,3122.352,3758.475,10321.438,2056.98
2023-09-08,3116.719,3739.993,10281.878,2049.765
2023-09-11,3142.779,3767.537,10382.377,2063.189
2023-09-12,3137.059,3760.605,10373.993,2051.039
2023-09-13,3123.067,3736.651,10255.868,2027.729
2023-09-14,3126.551,3733.508,10197.592,2011.883
2023-09-15,3117.743,3708.777,10144.595,2002.728
2023-09-18,3125.932,3727.711,10200.036,2020.467
2023-09-19,3124.957,3720.502,10125.729,2002.665
2023-09-20,3108.568,3705.69,10072.459,1987.296
2023-09-21,3084.701,3672.445,9981.67,1967.607
2023-09-22,3132.432,3738.933,10178.736,2013.344
2023-09-25,3115.607,3714.604,10120.624,2005.255
2023-09-26,3102.273,3692.893,10060.151,1989.828
2023-09-27,3107.316,3700.495,10104.324,2006.224
2023-09-28,3110.475,3689.517,10109.527,2003.908
2023-10-09,3096.922,3684.727,10106.96,1998.607
2023-10-10,3075.236,3657.126,10050.035,1987.938
2023-10-11,3078.956,3667.548,10084.895,2003.902
2023-10-12,3107.901,3702.382,10168.494,2019.102
2023-10-13,3088.099,3663.41,10068.282,1996.601
2023-10-16,3073.813,3626.597,9924.92,1956.723
2023-10-17,3083.496,3639.402,9940.218,1961.886
2023-10-18,3058.71,3610.577,9816.676,1938.435
2023-10-19,3005.393,3533.545,9655.086,1913.702
2023-10-20,2983.059,3510.589,9570.357,1896.946
2023-10-23,2939.291,3474.244,9425.976,1864.909
2023-10-24,2962.244,3487.13,9483.903,1880.814
2023-10-25,2974.114,3504.458,9528.307,1863.796
2023-10-26,2988.299,3514.145,9566.103,1875.858
2023-10-27,3017.784,3562.385,9770.844,1929.909
2023-10-30,3021.553,3583.772,9927.994,1977.686
2023-10-31,3018.771,3572.506,9863.804,1968.226
2023-11-01,3023.077,3571.027,9826.731,1959.127
2023-11-02,3009.406,3554.189,9734.767,1939.705
2023-11-03,3030.798,3584.136,9853.89,1968.213
2023-11-06,3058.411,3632.608,10071.556,2032.335
2023-11-07,3057.27,3619.759,10056.493,2022.766
2023-11-08,3052.373,3611.072,10052.086,2023.13
2023-11-09,3053.279,3612.826,10032.086,2018.385
2023-11-10,3038.97,3586.489,9978.542,2005.235
2023-11-13,3046.533,3579.414,9988.828,2009.214
2023-11-14,3056.07,3582.058,10005.558,2004.813
2023-11-15,3072.835,3607.245,10077.963,2015.364
2023-11-16,3050.926,3572.364,9954.4,1978.118
2023-11-17,3054.366,3568.069,9979.687,1986.526
2023-11-20,3068.319,3576.323,10022.697,1992.97
2023-11-21,3067.933,3581.067,9997.088,1984.271
2023-11-22,3043.611,3544.416,9855.66,1950.008
2023-11-23,3061.856,3561.52,9933.02,1961.351
2023-11-24,3040.972,3538.009,9839.521,1937.94
2023-11-27,3031.7,3511.942,9785.566,1926.201
2023-11-28,3038.555,3518.523,9833.456,1938.423
2023-11-29,3021.687,3488.307,9744.393,1917.903
2023-11-30,3029.673,3496.203,9726.915,1922.591
2023-12-01,3031.636,3482.881,9720.571,1926.284
2023-12-04,3022.914,3460.138,9660.444,1908.917
2023-12-05,2972.296,3394.257,9470.36,1871.096
2023-12-06,2968.933,3399.598,9533.246,1881.942
2023-12-07,2966.206,3391.282,9519.907,1877.212
2023-12-08,2969.559,3399.462,9553.923,1892.178
2023-12-11,2991.439,3419.455,9632.611,1915.737
2023-12-12,3003.438,3426.803,9625.265,1903.871
2023-12-13,2968.761,3369.605,9476.623,1872.341
2023-12-14,2958.986,3351.964,9417.972,1860.513
2023-12-15,2942.557,3341.552,9385.333,1848.501
2023-12-18,2930.804,3329.366,9279.389,1819.995
2023-12-19,2932.391,3334.041,9289.336,1827.672
2023-12-20,2902.11,3297.502,9158.438,1802.881
2023-12-21,2918.715,3330.87,9257.091,1832.616
2023-12-22,2914.775,3337.228,9221.313,1825.842
2023-12-25,2918.813,3347.451,9256.283,1831.569
2023-12-26,2898.879,3324.79,9157.25,1808.5
2023-12-27,2914.614,3336.357,9191.741,1809.832
2023-12-28,2954.704,3414.54,9441.055,1879.496
2023-12-29,2974.935,3431.11,9524.689,1891.366
2024-01-02,2962.276,3386.352,9401.348,1855.922
2024-01-03,2967.247,3378.297,9330.864,1834.732
2024-01-04,2954.349,3347.052,9215.245,1801.761
2024-01-05,2929.183,3329.111,9116.442,1775.577
2024-01-08,2887.538,3286.056,8947.724,1744.411
2024-01-09,2893.251,3292.499,8971.719,1750.775
2024-01-10,2877.702,3277.129,8922.794,1743.198
2024-01-11,2886.65,3295.672,9053.883,1777.272
2024-01-12,2881.977,3284.167,8996.256,1761.16
2024-01-15,2886.291,3280.92,8963.926,1745.609
2024-01-16,2893.989,3300.876,8992.072,1752.23
2024-01-17,2833.615,3229.082,8759.758,1699.62
2024-01-18,2845.784,3274.729,8847.003,1732.358
2024-01-19,2832.279,3269.776,8787.024,1715.436
2024-01-22,2756.34,3218.902,8479.55,1666.88
2024-01-23,2770.976,3231.933,8596.281,1687.614
2024-01-24,2820.772,3277.109,8682.187,1696.188
2024-01-25,2906.109,3342.919,8856.224,1720.783
2024-01-26,2910.223,3333.821,8762.329,1682.478
2024-01-29,2883.356,3303.96,8581.759,1623.812
2024-01-30,2830.527,3245.039,8375.981,1583.771
2024-01-31,2788.548,3215.352,8212.845,1573.372
2024-02-01,2770.74,3217.711,8240.482,1589.037
2024-02-02,2730.152,3179.628,8055.775,1550.374
2024-02-05,2702.185,3200.422,7964.712,1562.61
2024-02-06,2789.486,3311.692,8460.379,1667.445
2024-02-07,2829.696,3343.63,8708.24,1707.02
2024-02-08,2865.903,3364.93,8820.603,1726.859
2024-02-19,2910.544,3403.808,8902.334,1746.422
2024-02-20,2922.73,3410.854,8905.962,1746.176
2024-02-21,2950.956,3456.871,8975.974,1752.478
2024-02-22,2988.358,3486.675,9043.748,1757.869
2024-02-23,3004.881,3489.742,9069.415,1758.193
2024-02-26,2977.022,3453.359,9066.087,1751.703
2024-02-27,3015.481,3494.787,9269.568,1793.979
2024-02-28,2957.852,3450.26,9047.095,1748.97
2024-02-29,3015.171,3516.083,9330.443,1807.034
2024-03-01,3027.02,3537.804,9434.747,1824.035
2024-03-04,3039.306,3540.869,9438.244,1834.833
2024-03-05,3047.793,3565.514,9416.805,1833.661
2024-03-06,3039.931,3551.048,9395.654,1832.58
2024-03-07,3027.401,3529.72,9267.117,1789.936
2024-03-08,3046.019,3544.91,9369.046,1807.294
2024-03-11,3068.455,3589.264,9581.534,1890.41
2024-03-12,3055.935,3597.494,9630.545,1906.037
2024-03-13,3043.835,3572.361,9604.993,1895.147
2024-03-14,3038.234,3562.223,9555.416,1883.021
2024-03-15,3054.636,3569.993,9612.75,1884.088
2024-03-18,3084.926,3603.528,9752.834,1926.396
2024-03-19,3062.756,3577.63,9696.688,1906.938
2024-03-20,3079.686,3585.384,9717.373,1909.245
2024-03-21,3077.113,3581.09,9682.51,1897.094
2024-03-22,3048.034,3545.002,9565.563,1869.175
2024-03-25,3026.306,3525.763,9422.612,1833.441
2024-03-26,3031.481,3543.747,9449.43,1841.535
2024-03-27,2993.139,3502.787,9222.466,1789.819
2024-03-28,3010.664,3520.965,9342.919,1806.897
2024-03-29,3041.167,3537.484,9400.853,1818.203
2024-04-01,3077.379,3595.647,9647.072,1872.118
2024-04-02,3074.959,3580.676,9586.952,1860.494
2024-04-03,3069.296,3567.803,9544.766,1840.412
2024-04-08,3047.053,3536.408,9394.606,1807.048
2024-04-09,3048.537,3533.487,9448.98,1827.579
2024-04-10,3027.335,3504.709,9297.96,1789.941
2024-04-11,3034.246,3504.245,9300.771,1782.085
2024-04-12,3019.474,3475.839,9228.234,1762.877
2024-04-15,3057.378,3549.076,9369.701,1795.518
2024-04-16,3007.068,3511.115,9155.069,1760.2
2024-04-17,3071.381,3565.403,9381.772,1797.311
2024-04-18,3074.225,3569.802,9376.806,1787.489
2024-04-19,3065.261,3541.662,9279.46,1756.001
2024-04-22,3044.595,3530.905,9239.14,1750.463
2024-04-23,3021.978,3506.225,9183.141,1753.161
2024-04-24,3044.822,3521.622,9251.134,1765.41
2024-04-25,3052.9,3530.281,9264.48,1764.727
2024-04-26,3088.636,3584.269,9463.907,1823.741
2024-04-29,3113.043,3623.912,9673.758,1887.571
2024-04-30,3104.825,3604.394,9587.124,1858.393
2024-05-06,3140.72,3657.877,9779.211,1895.208
2024-05-07,3147.738,3659.008,9770.938,1892.539
2024-05-08,3128.48,3630.223,9638.817,1865.108
2024-05-09,3154.32,3664.561,9788.068,1900.009
2024-05-10,3154.547,3666.277,9731.237,1878.165
2024-05-13,3148.021,3664.691,9673.319,1860.366
2024-05-14,3145.774,3657.045,9668.727,1855.598
2024-05-15,3119.902,3626.056,9583.541,1838.887
2024-05-16,3122.401,3640.359,9604.131,1844.211
2024-05-17,3154.026,3677.97,9709.422,1864.939
2024-05-20,3171.145,3690.962,9750.822,1875.928
2024-05-21,3157.966,3676.161,9681.66,1861.481
2024-05-22,3158.54,3684.451,9693.055,1877.927
2024-05-23,3116.387,3641.792,9541.643,1852.067
2024-05-24,3088.871,3601.475,9424.577,1818.562
2024-05-27,3124.043,3635.708,9507.745,1830.958
2024-05-28,3109.572,3609.172,9391.052,1806.255
2024-05-29,3111.018,3613.522,9414.979,1811.068
2024-05-30,3091.678,3594.312,9384.724,1813.155
2024-05-31,3086.813,3579.925,9364.375,1805.109
2024-06-03,3078.489,3588.748,9370.497,1819.455
2024-06-04,3091.199,3615.671,9469.315,1843.592
2024-06-05,3065.403,3594.794,9393.611,1833.55
2024-06-06,3048.794,3592.245,9340.01,1820.448
2024-06-07,3051.279,3574.114,9255.684,1781.07
2024-06-11,3028.045,3542.877,9262.347,1787.302
2024-06-12,3037.468,3544.123,9269.936,1779.418
2024-06-13,3028.919,3526.131,9206.236,1777.791
2024-06-14,3032.633,3541.533,9252.251,1791.362
2024-06-17,3015.891,3536.199,9281.254,1806.193
2024-06-18,3030.246,3545.59,9318.469,1811.365
2024-06-19,3018.049,3528.749,9219.069,1788.496
2024-06-20,3005.437,3503.282,9068.851,1762.701
2024-06-21,2998.138,3495.62,9064.845,1755.876
2024-06-24,2963.099,3476.81,8924.172,1731.515
2024-06-25,2949.996,3457.902,8850.289,1700.025
2024-06-26,2972.525,3480.265,8987.302,1730.642
2024-06-27,2945.852,3454.118,8849.697,1703.201
2024-06-28,2967.403,3461.657,8848.699,1683.43
2024-07-01,2994.73,3478.183,8899.166,1682.692
2024-07-02,2997.011,3471.786,8812.673,1665.035
2024-07-03,2982.376,3463.414,8760.434,1660.124
2024-07-04,2957.567,3445.813,8673.826,1647.22
2024-07-05,2949.933,3431.061,8695.548,1655.594
2024-07-08,2922.45,3401.76,8561.95,1628.758
2024-07-09,2959.372,3439.811,8705.943,1652.117
2024-07-10,2939.364,3428.966,8697.216,1651.11
2024-07-11,2970.387,3468.169,8870.356,1685.118
2024-07-12,2971.295,3472.401,8854.083,1683.629
2024-07-15,2974.011,3476.247,8801.624,1673.007
2024-07-16,2976.304,3498.283,8877.018,1696.336
2024-07-17,2962.855,3501.584,8835.144,1696.451
2024-07-18,2977.133,3520.931,8879.326,1717.709
2024-07-19,2982.309,3539.016,8903.232,1725.487
2024-07-22,2964.216,3514.925,8869.817,1723.914
2024-07-23,2915.369,3439.878,8606.583,1671.443
2024-07-24,2901.952,3418.166,8493.096,1650.908
2024-07-25,2886.742,3399.272,8474.704,1644.454
2024-07-26,2890.897,3409.293,8597.174,1659.534
2024-07-29,2891.845,3390.742,8514.647,1635.675
2024-07-30,2879.3,3369.382,8468.582,1630.951
2024-07-31,2938.749,3442.084,8754.087,1688.142
2024-08-01,2932.387,3419.267,8673.577,1665.973
2024-08-02,2905.338,3384.392,8553.551,1638.304
2024-08-05,2860.698,3343.321,8395.054,1607.288
2024-08-06,2867.284,3342.979,8463.863,1627.355
2024-08-07,2869.834,3341.489,8449.582,1620.332
2024-08-08,2869.901,3342.937,8446.208,1611.509
2024-08-09,2862.194,3331.627,8393.699,1595.642
2024-08-12,2858.205,3325.865,8373.471,1592.394
2024-08-13,2867.946,3334.39,8409.224,1607.186
2024-08-14,2850.654,3309.239,8310.998,1584.328
2024-08-15,2877.358,3341.953,8370.123,1592.71
2024-08-16,2879.43,3345.634,8349.87,1591.461
2024-08-19,2893.674,3356.968,8356.897,1589.287
2024-08-20,2866.661,3332.703,8252.868,1567.969
2024-08-21,2856.584,3321.635,8229.75,1558.512
2024-08-22,2848.772,3313.136,8162.175,1546.631
2024-08-23,2854.368,3327.191,8181.917,1546.903
2024-08-26,2855.52,3324.223,8194.646,1545.309
2024-08-27,2848.731,3305.334,8103.759,1530.744
2024-08-28,2837.429,3286.496,8078.819,1531.45
2024-08-29,2823.106,3277.681,8154.439,1541.4
2024-08-30,2842.214,3321.432,8348.478,1580.459
2024-09-02,2811.035,3265.011,8172.208,1536.95
2024-09-03,2802.979,3273.428,8268.05,1556.321
2024-09-04,2784.278,3252.165,8226.241,1554.64
2024-09-05,2788.314,3257.758,8249.659,1564.723
2024-09-06,2765.807,3231.346,8130.77,1538.072
2024-09-09,2736.488,3192.952,8063.27,1539.038
2024-09-10,2744.192,3195.755,8073.833,1539.98
2024-09-11,2721.795,3186.13,8105.385,1558.328
2024-09-12,2717.123,3172.475,8054.243,1551.814
2024-09-13,2704.09,3159.247,7983.548,1535.168
2024-09-18,2717.281,3171.01,7992.253,1533.473
2024-09-19,2736.022,3196.036,8087.604,1546.474
2024-09-20,2736.814,3201.05,8075.142,1536.599
2024-09-23,2748.918,3212.764,8083.382,1530.506
2024-09-24,2863.126,3351.909,8435.704,1615.322
2024-09-25,2896.306,3401.533,8537.731,1641.542
2024-09-26,3000.953,3545.32,8916.646,1714.144
2024-09-27,3087.529,3703.685,9514.864,1885.489
2024-09-30,3336.497,4017.855,10529.757,2175.086
2024-10-08,3489.775,4256.096,11495.101,2550.276
2024-10-09,3258.858,3955.984,10557.812,2280.096
2024-10-10,3301.926,3997.788,10471.081,2212.909
2024-10-11,3217.738,3887.167,10060.739,2100.871
2024-10-14,3284.323,3961.342,10327.4,2155.403
2024-10-15,3201.292,3855.995,10066.517,2085.986
2024-10-16,3202.948,3831.589,9965.024,2039.95
2024-10-17,3169.384,3788.222,9891.763,2033.484
2024-10-18,3261.563,3925.234,10357.677,2195.101
2024-10-21,3268.11,3935.197,10470.914,2210.335
2024-10-22,3285.867,3957.776,10559.51,2216.99
2024-10-23,3302.803,3973.209,10576.413,2205.302
2024-10-24,3280.263,3928.833,10441.746,2175.095
2024-10-25,3299.7,3956.421,10619.849,2238.897
2024-10-28,3322.198,3964.157,10685.891,2229.118
2024-10-29,3286.407,3924.649,10543.328,2177.306
2024-10-30,3266.238,3889.449,10530.849,2151.515
2024-10-31,3279.824,3891.04,10591.218,2164.462
2024-11-01,3272.014,3890.02,10455.502,2123.738
2024-11-04,3310.207,3944.762,10663.097,2185.984
2024-11-05,3386.987,4044.573,11006.938,2289.841
2024-11-06,3383.806,4024.283,10968.142,2265.833
2024-11-07,3470.661,4145.695,11235.921,2350.76
2024-11-08,3452.297,4104.047,11161.702,2321.587
2024-11-11,3470.066,4131.131,11388.566,2392.443
2024-11-12,3421.97,4085.743,11314.459,2390.803
2024-11-13,3439.278,4110.89,11359.289,2417.252
2024-11-14,3379.839,4039.619,11037.782,2334.964
2024-11-15,3330.726,3968.831,10748.97,2243.62
2024-11-18,3323.849,3950.381,10544.022,2190.95
2024-11-19,3346.01,3976.891,10743.844,2256.607
2024-11-20,3367.989,3985.773,10827.188,2267.855
2024-11-21,3370.404,3989.298,10819.877,2265.866
2024-11-22,3267.192,3865.699,10438.722,2175.571
2024-11-25,3263.76,3848.091,10420.521,2175.184
2024-11-26,3259.757,3840.185,10333.226,2150.097
2024-11-27,3309.779,3907.045,10566.101,2208.781
2024-11-28,3295.698,3872.551,10432.54,2169.803
2024-11-29,3326.456,3916.583,10611.719,2224.003
2024-12-02,3363.982,3947.632,10756.548,2255.498
2024-12-03,3378.806,3951.891,10713.578,2245.499
2024-12-04,3364.65,3930.557,10604.012,2213.406
2024-12-05,3368.855,3921.588,10634.489,2221.457
2024-12-06,3404.076,3973.141,10791.339,2267.064
2024-12-09,3402.534,3966.571,10731.659,2248.627
2024-12-10,3422.661,3995.637,10812.584,2264.051
2024-12-11,3432.49,3988.831,10848.423,2261.582
2024-12-12,3461.5,4028.505,10957.129,2292.145
2024-12-13,3391.878,3933.181,10713.072,2235.259
2024-12-16,3386.331,3911.842,10573.919,2201.532
2024-12-17,3361.485,3922.033,10537.429,2201.181
2024-12-18,3382.208,3941.89,10584.27,2202.137
2024-12-19,3370.033,3945.464,10649.034,2213.543
2024-12-20,3368.069,3927.744,10646.617,2209.662
2024-12-23,3351.257,3933.572,10537.402,2187.945
2024-12-24,3393.528,3983.688,10671.428,2213.548
2024-12-25,3393.35,3985.629,10603.1,2201.296
2024-12-26,3398.077,3987.48,10673.969,2209.846
2024-12-27,3400.142,3981.031,10659.976,2204.896
2024-12-30,3407.326,3999.055,10671.155,2206.285
2024-12-31,3351.763,3934.911,10414.611,2141.596
2025-01-02,3262.561,3820.395,10088.059,2060.442
2025-01-03,3211.43,3775.165,9897.12,2015.967
2025-01-06,3206.923,3768.97,9885.654,2014.19
2025-01-07,3229.644,3796.106,9998.757,2028.358
2025-01-08,3230.168,3789.215,9944.641,2008.444
2025-01-09,3211.393,3779.877,9976.004,2010.66
2025-01-10,3168.524,3732.481,9795.943,1975.305
2025-01-13,3160.755,3722.513,9796.177,1982.459
2025-01-14,3240.94,3820.54,10165.169,2075.756
2025-01-15,3227.117,3796.026,10060.13,2037.933
2025-01-16,3236.032,3800.384,10101.095,2051.351
2025-01-17,3241.821,3812.343,10161.321,2067.275
2025-01-20,3244.378,3829.676,10256.396,2104.728
2025-01-21,3242.623,3832.615,10305.693,2112.39
2025-01-22,3213.624,3797.017,10225.871,2101.035
2025-01-23,3230.164,3803.744,10176.174,2093.313
2025-01-24,3252.626,3832.864,10292.729,2121.839
2025-01-27,3250.601,3817.08,10156.066,2063.82
2025-02-05,3229.488,3795.085,10164.224,2062.923
2025-02-06,3270.659,3842.831,10393.634,2120.745
2025-02-07,3303.667,3892.703,10576.003,2174.351
2025-02-10,3322.17,3901.062,10631.246,2183.877
2025-02-11,3318.057,3883.135,10557.622,2152.732
2025-02-12,3346.385,3919.862,10708.884,2191.76
2025-02-13,3332.483,3905.14,10626.624,2176.156
2025-02-14,3346.724,3939.009,10749.456,2215.298
2025-02-17,3355.83,3947.398,10791.06,2226.615
2025-02-18,3324.491,3912.783,10617.261,2182.574
2025-02-19,3351.539,3940.16,10772.654,2226.982
2025-02-20,3350.783,3928.896,10794.545,2225.584
2025-02-21,3379.113,3978.444,10991.369,2281.512
2025-02-24,3373.028,3969.717,10983.043,2266.244
2025-02-25,3346.04,3925.651,10854.495,2240.589
2025-02-26,3380.214,3959.941,10955.648,2268.215
2025-02-27,3388.062,3968.116,10927.508,2256.508
2025-02-28,3320.897,3890.049,10611.24,2170.392
2025-03-03,3316.925,3888.474,10649.592,2196.525
2025-03-04,3324.21,3885.221,10679.436,2190.078
2025-03-05,3341.965,3902.571,10709.46,2190.362
2025-03-06,3381.098,3956.237,10898.751,2234.689
2025-03-07,3372.546,3944.014,10843.732,2205.307
2025-03-10,3366.163,3928.802,10825.704,2199.877
2025-03-11,3379.828,3941.416,10861.164,2204.03
2025-03-12,3371.924,3927.232,10843.227,2191.268
2025-03-13,3358.729,3911.579,10736.194,2166.004
2025-03-14,3419.562,4006.557,10978.299,2226.716
2025-03-17,3426.129,3996.788,10957.818,2215.127
2025-03-18,3429.759,4007.723,11014.747,2228.644
2025-03-19,3426.429,4010.168,10979.052,2222.347
2025-03-20,3408.948,3974.992,10879.489,2200.032
2025-03-21,3364.831,3914.696,10687.554,2152.279
2025-03-24,3370.028,3934.849,10695.488,2152.555
2025-03-25,3369.976,3932.295,10649.076,2145.479
2025-03-26,3368.697,3919.357,10643.819,2139.902
2025-03-27,3373.749,3932.412,10668.101,2145.095
2025-03-28,3351.307,3915.166,10607.331,2128.209
2025-03-31,3335.746,3887.306,10504.332,2103.699
2025-04-01,3348.435,3887.684,10503.655,2101.878
2025-04-02,3350.127,3884.386,10513.117,2104.625
2025-04-03,3342.008,3861.503,10365.731,2065.403
2025-04-07,3096.576,3589.441,9364.498,1807.206
2025-04-08,3145.549,3650.759,9424.68,1840.312
2025-04-09,3186.81,3686.794,9539.892,1858.356
2025-04-10,3223.638,3735.115,9754.644,1900.528
2025-04-11,3238.227,3750.517,9834.444,1926.37
2025-04-14,3262.808,3759.142,9884.302,1932.913
2025-04-15,3267.662,3761.235,9858.097,1930.399
2025-04-16,3276.004,3772.82,9774.728,1907.109
2025-04-17,3280.341,3772.222,9759.047,1908.776
2025-04-18,3276.73,3772.523,9781.647,1913.97
2025-04-21,3291.434,3784.881,9905.528,1944.318
2025-04-22,3299.757,3783.952,9870.054,1928.432
2025-04-23,3296.355,3786.882,9935.797,1949.162
2025-04-24,3297.288,3784.357,9878.315,1935.858
2025-04-25,3295.06,3786.994,9917.055,1947.186
2025-04-28,3288.415,3781.619,9855.196,1934.457
2025-04-29,3286.655,3775.077,9849.802,1931.942
2025-04-30,3279.031,3770.571,9899.821,1948.03
2025-05-06,3316.114,3808.542,10082.335,1986.409
2025-05-07,3342.665,3831.627,10104.129,1996.51
2025-05-08,3351.996,3852.896,10197.659,2029.452
2025-05-09,3341.999,3846.157,10126.825,2011.767
2025-05-12,3369.245,3890.61,10301.158,2064.714
2025-05-13,3374.871,3896.258,10288.083,2062.261
2025-05-14,3403.948,3943.211,10354.223,2083.142
2025-05-15,3380.821,3907.199,10186.448,2043.247
2025-05-16,3367.462,3889.085,10179.596,2039.445
2025-05-19,3367.583,3877.145,10171.09,2032.756
2025-05-20,3380.478,3898.171,10249.173,2048.459
2025-05-21,3387.574,3916.381,10294.221,2065.39
2025-05-22,3380.189,3913.865,10219.621,2045.566
2025-05-23,3348.372,3882.274,10132.412,2021.499
2025-05-26,3346.839,3860.107,10091.158,2005.259
2025-05-27,3340.687,3839.397,10029.111,1991.643
2025-05-28,3339.932,3836.237,10003.265,1985.383
2025-05-29,3363.446,3858.7,10127.204,2012.548
2025-05-30,3347.487,3840.232,10040.627,1993.188
2025-06-03,3361.976,3852.013,10057.17,2002.7
2025-06-04,3376.203,3868.743,10144.581,2024.933
2025-06-05,3384.099,3877.556,10203.501,2048.615
2025-06-06,3385.358,3873.984,10183.699,2039.435
2025-06-09,3399.772,3885.246,10250.138,2061.291
2025-06-10,3384.816,3865.465,10162.181,2037.271
2025-06-11,3402.316,3894.625,10246.021,2061.867
2025-06-12,3402.658,3892.199,10234.335,2067.154
2025-06-13,3376.996,3864.182,10122.114,2043.824
2025-06-16,3388.729,3873.795,10163.547,2057.323
2025-06-17,3387.405,3870.379,10151.427,2049.943
2025-06-18,3388.809,3874.971,10175.588,2054.729
2025-06-19,3362.108,3843.091,10051.966,2026.817
2025-06-20,3359.895,3846.644,10005.032,2009.893
2025-06-23,3381.582,3857.902,10048.394,2017.634
2025-06-24,3420.566,3904.034,10217.629,2064.135
2025-06-25,3455.974,3960.066,10393.724,2128.392
2025-06-26,3448.453,3946.02,10343.479,2114.425
2025-06-27,3424.227,3921.758,10378.55,2124.344
2025-06-30,3444.426,3936.079,10465.12,2153.014
2025-07-01,3457.747,3942.762,10476.294,2147.919
2025-07-02,3454.792,3943.685,10412.628,2123.719
2025-07-03,3461.151,3968.068,10534.584,2164.088
2025-07-04,3472.319,3982.203,10508.761,2156.234
2025-07-07,3473.127,3965.175,10435.507,2130.186
2025-07-08,3497.475,3998.453,10588.395,2181.077
2025-07-09,3493.05,3991.401,10581.798,2184.675
2025-07-10,3509.682,4010.024,10631.126,2189.577
2025-07-11,3510.177,4014.807,10696.098,2207.097
2025-07-14,3519.65,4017.668,10684.517,2197.068
2025-07-15,3504.999,4019.064,10744.562,2235.049
2025-07-16,3503.777,4007.202,10720.807,2230.194
2025-07-17,3516.826,4034.491,10873.619,2269.327
2025-07-18,3534.483,4058.549,10913.839,2277.152
2025-07-21,3559.791,4085.607,11007.487,2296.883
2025-07-22,3581.861,4118.958,11099.831,2310.856
2025-07-23,3582.298,4119.769,11059.037,2310.671
2025-07-24,3605.727,4149.037,11193.06,2345.367
2025-07-25,3593.655,4127.163,11168.142,2340.056
2025-07-28,3597.937,4135.824,11217.581,2362.6
2025-07-29,3609.711,4152.025,11289.406,2406.594
2025-07-30,3615.717,4151.238,11203.029,2367.684
2025-07-31,3573.208,4075.591,11009.769,2328.313
2025-08-01,3559.952,4054.929,10991.321,2322.627
2025-08-04,3583.309,4070.702,11041.56,2334.323
2025-08-05,3617.598,4103.45,11106.957,2343.376
2025-08-06,3633.995,4113.485,11177.782,2358.955
2025-08-07,3639.667,4114.666,11157.94,2342.861
2025-08-08,3635.128,4104.967,11128.673,2333.959
2025-08-11,3647.547,4122.511,11291.426,2379.816
2025-08-12,3665.918,4143.825,11351.633,2409.398
2025-08-13,3683.465,4176.578,11551.365,2496.504
2025-08-14,3666.443,4173.313,11451.435,2469.656
2025-08-15,3696.771,4202.353,11634.668,2534.219
2025-08-18,3728.027,4239.413,11835.572,2606.202
2025-08-19,3727.288,4223.374,11821.626,2601.743
2025-08-20,3766.21,4271.396,11926.741,2607.653
2025-08-21,3771.099,4288.071,11919.763,2595.465
2025-08-22,3825.759,4377.998,12166.061,2682.553
2025-08-25,3883.562,4469.222,12441.067,2762.99
2025-08-26,3868.382,4452.591,12473.174,2742.127
2025-08-27,3800.35,4386.127,12295.069,2723.198
2025-08-28,3843.597,4463.782,12571.371,2827.172
2025-08-29,3857.927,4496.759,12696.15,2890.125
2025-09-01,3875.53,4523.711,12828.952,2956.375
2025-09-02,3858.133,4490.453,12553.838,2872.222
2025-09-03,3813.557,4459.83,12471.995,2899.373
2025-09-04,3765.876,4365.209,12118.702,2776.248
2025-09-05,3812.514,4460.325,12590.562,2958.181
2025-09-08,3826.841,4467.573,12666.842,2933.246
2025-09-09,3807.292,4436.258,12510.597,2867.969
2025-09-10,3812.221,4445.365,12557.68,2904.269
2025-09-11,3875.309,4548.035,12979.892,3053.749
2025-09-12,3870.598,4521.998,12924.135,3020.423
2025-09-15,3860.504,4533.056,13005.774,3066.18
2025-09-16,3861.865,4523.337,13063.974,3087.04
2025-09-17,3876.341,4551.023,13215.457,3147.345
2025-09-18,3831.656,4498.109,13075.658,3095.851
2025-09-19,3820.089,4501.92,13070.863,3091.003
2025-09-22,3828.576,4522.608,13157.974,3107.887
2025-09-23,3821.833,4519.778,13119.817,3114.553
2025-09-24,3853.642,4566.071,13356.143,3185.571
2025-09-25,3853.302,4593.488,13445.896,3235.765
2025-09-26,3828.106,4550.049,13208.996,3151.53
2025-09-29,3862.532,4620.053,13479.428,3238.012
2025-09-30,3882.777,4640.694,13526.509,3238.16
2025-10-09,3933.972,4709.482,13725.557,3261.822
2025-10-10,3897.028,4616.834,13355.419,3113.262
2025-10-13,3889.502,4593.979,13231.466,3078.762
2025-10-14,3865.229,4539.064,12895.107,2955.983
2025-10-15,3912.21,4606.288,13118.754,3025.867
2025-10-16,3916.228,4618.422,13086.409,3037.442
2025-10-17,3839.755,4514.235,12688.936,2935.37
2025-10-20,3863.893,4538.22,12813.208,2993.455
2025-10-21,3916.332,4607.872,13077.316,3083.716
2025-10-22,3913.758,4592.57,12996.608,3059.319
2025-10-23,3922.41,4606.345,13025.446,3062.163
2025-10-24,3950.312,4660.684,13289.185,3171.569
2025-10-27,3996.945,4716.019,13489.403,3234.455
2025-10-28,3988.224,4691.973,13430.104,3229.575
2025-10-29,4016.331,4747.838,13691.383,3324.271
2025-10-30,3986.901,4709.911,13532.126,3263.022
2025-10-31,3954.79,4640.668,13378.212,3187.533
2025-11-03,3976.521,4653.403,13404.063,3196.871
2025-11-04,3960.186,4618.699,13175.221,3134.09
2025-11-05,3969.248,4627.257,13223.56,3166.231
2025-11-06,4007.76,4693.403,13452.417,3224.624
2025-11-07,3997.556,4678.794,13404.056,3208.206
2025-11-10,4018.597,4695.051,13427.612,3178.827
2025-11-11,4002.758,4652.166,13289.005,3134.316
2025-11-12,4000.14,4645.908,13240.616,3122.027
2025-11-13,4029.501,4702.074,13476.521,3201.754
2025-11-14,3990.492,4628.14,13216.031,3111.507
2025-11-17,3972.035,4598.053,13202.005,3105.203
2025-11-18,3939.813,4568.193,13080.488,3069.219
2025-11-19,3946.742,4588.292,13080.086,3076.845
2025-11-20,3931.051,4564.948,12980.818,3042.341
2025-11-21,3834.891,4453.608,12538.071,2920.078
2025-11-24,3836.766,4448.048,12585.084,2929.043
2025-11-25,3870.023,4490.405,12777.313,2980.934
2025-11-26,3864.184,4517.626,12907.834,3044.695
2025-11-27,3875.259,4515.403,12875.195,3031.296
2025-11-28,3888.596,4526.662,12984.081,3052.587
2025-12-01,3914.006,4576.486,13146.716,3092.499
2025-12-02,3897.712,4554.335,13056.701,3071.149
2025-12-03,3878.0,4531.049,12955.253,3036.786
2025-12-04,3875.793,4546.566,13006.717,3067.484
2025-12-05,3902.808,4584.537,13147.677,3109.297
2025-12-08,3924.078,4621.755,13329.99,3190.269
2025-12-09,3909.522,4598.223,13277.362,3209.603
2025-12-10,3900.496,4591.827,13316.424,3209.004
2025-12-11,3873.318,4552.185,13147.387,3163.675
2025-12-12,3889.346,4580.95,13258.328,3194.359
2025-12-15,3867.921,4552.06,13112.089,3137.801
2025-12-16,3824.812,4497.555,12914.668,3071.762
2025-12-17,3870.278,4579.875,13224.514,3175.908
2025-12-18,3876.371,4552.793,13053.975,3107.065
2025-12-19,3890.448,4568.178,13140.215,3122.238
2025-12-22,3917.364,4611.624,13332.731,3191.985
2025-12-23,3919.979,4620.734,13368.989,3205.011
2025-12-24,3940.947,4634.059,13486.419,3229.577
2025-12-25,3959.621,4642.536,13531.411,3239.343
2025-12-26,3963.679,4657.24,13603.894,3243.876
2025-12-29,3965.28,4639.372,13537.097,3222.611
2025-12-30,3965.116,4651.282,13604.067,3242.905
2025-12-31,3968.84,4629.94,13525.022,3203.172
2026-01-05,4023.417,4717.746,13828.63,3294.551
2026-01-06,4083.667,4790.694,14022.552,3319.292
2026-01-07,4085.772,4776.666,14030.559,3329.693
2026-01-08,4082.979,4737.654,13959.482,3302.307
2026-01-09,4120.426,4758.922,14120.151,3327.813
2026-01-12,4165.287,4789.916,14366.908,3388.341
2026-01-13,4138.759,4761.032,14169.397,3321.889
2026-01-14,4126.093,4741.931,14248.599,3349.138
2026-01-15,4112.601,4751.429,14306.726,3367.917
2026-01-16,4101.913,4731.873,14281.08,3361.017
2026-01-19,4114.0,4734.456,14294.053,3337.608
2026-01-20,4113.649,4718.878,14155.628,3277.979
2026-01-21,4116.94,4723.069,14255.125,3295.523
2026-01-22,4122.576,4723.709,14327.045,3328.647
2026-01-23,4136.164,4702.497,14439.658,3349.503
2026-01-26,4132.605,4706.964,14316.637,3319.149
2026-01-27,4139.904,4705.692,14329.906,3342.599
2026-01-28,4151.238,4717.991,14342.895,3323.562
2026-01-29,4157.985,4753.87,14300.076,3304.51
2026-01-30,4117.948,4706.34,14205.893,3346.355
2026-02-02,4015.746,4605.98,13824.352,3264.111
2026-02-03,4067.738,4660.107,14127.105,3324.892
2026-02-04,4102.202,4698.683,14156.273,3311.515
2026-02-05,4075.917,4670.419,13952.712,3260.278
2026-02-06,4065.583,4643.596,13906.734,3236.464
2026-02-09,4123.09,4719.056,14208.436,3332.77
2026-02-10,4128.373,4724.296,14210.626,3320.537
2026-02-11,4131.985,4713.819,14160.934,3284.735
2026-02-12,4134.018,4719.578,14282.998,3328.063
2026-02-13,4082.073,4660.406,14100.189,3275.958
2026-02-24,4117.409,4707.544,14291.565,3308.265
2026-02-25,4147.231,4735.886,14475.865,3354.819
2026-02-26,4146.631,4726.874,14503.786,3344.982
2026-02-27,4162.882,4710.647,14495.093,3310.305
2026-03-02,4182.591,4728.669,14465.788,3294.161
2026-03-03,4122.676,4655.896,14022.392,3209.482
2026-03-04,4082.474,4602.625,13917.752,3164.371
2026-03-05,4108.567,4647.692,14088.839,3216.939
2026-03-06,4124.194,4660.439,14172.627,3229.302
2026-03-09,4096.602,4615.455,14067.503,3208.582
2026-03-10,4123.138,4674.756,14354.073,3306.141
2026-03-11,4133.433,4704.496,14465.41,3349.529
2026-03-12,4129.103,4687.56,14374.871,3317.522
2026-03-13,4095.449,4669.14,14280.78,3310.278
2026-03-16,4084.786,4671.559,14307.577,3357.022
2026-03-17,4049.907,4637.439,14039.73,3280.059
2026-03-18,4062.984,4658.332,14187.796,3346.365
2026-03-19,4006.552,4583.251,13901.567,3309.103
2026-03-20,3957.053,4567.018,13866.202,3352.103
2026-03-23,3813.283,4417.997,13345.514,3235.221
2026-03-24,3881.28,4474.722,13536.556,3251.545
2026-03-25,3931.838,4537.466,13801.001,3316.971
2026-03-26,3889.084,4477.534,13606.443,3272.488
2026-03-27,3913.724,4502.57,13760.369,3295.88
2026-03-30,3923.287,4491.95,13726.19,3273.355
2026-03-31,3891.861,4450.049,13478.056,3184.952
2026-04-01,3948.552,4526.067,13706.52,3247.523
2026-04-02,3919.285,4478.914,13486.937,3172.649
2026-04-03,3880.097,4440.789,13352.904,3149.596
2026-04-07,3890.165,4440.616,13400.412,3160.816
2026-04-08,3994.998,4595.556,14042.496,3347.61
2026-04-09,3966.171,4566.224,13996.266,3323.299
2026-04-10,3986.225,4636.566,14309.472,3448.787
2026-04-13,3988.558,4646.155,14407.864,3476.44
2026-04-14,4026.626,4701.284,14639.952,3558.527
2026-04-15,4027.21,4685.246,14498.455,3514.96
2026-04-16,4055.547,4736.608,14796.335,3626.271
2026-04-17,4051.425,4728.672,14885.416,3678.293
2026-04-20,4082.127,4757.442,14966.747,3677.576
2026-04-21,4085.077,4767.997,14982.14,3688.937
2026-04-22,4106.258,4799.627,15177.286,3752.759
2026-04-23,4093.25,4786.327,15043.449,3720.247
2026-04-24,4079.9,4769.369,14940.301,3667.785
2026-04-27,4086.344,4770.947,14995.748,3648.788
2026-04-28,4078.637,4758.208,14830.455,3596.712
2026-04-29,4107.514,4810.347,15120.923,3687.168
2026-04-30,4112.159,4807.307,15107.553,3677.148
2026-05-06,4160.174,4877.093,15459.616,3778.159
2026-05-07,4180.092,4900.51,15641.886,3833.057
2026-05-08,4179.952,4871.912,15563.797,3796.128
2026-05-11,4225.021,4951.837,15899.302,3928.974
2026-05-12,4214.489,4948.047,15824.921,3934.882
2026-05-13,4242.572,4998.342,16089.749,4038.333
2026-05-14,4177.918,4914.597,15745.736,3951.14
2026-05-15,4135.389,4859.593,15561.372,3929.064
2026-05-18,4131.528,4833.524,15530.229,3914.875
2026-05-19,4169.538,4852.883,15569.907,3908.438
2026-05-20,4162.185,4850.7,15569.979,3921.789
2026-05-21,4077.277,4783.098,15247.271,3829.779
2026-05-22,4112.9,4845.096,15597.297,3938.502
2026-05-25,4152.569,4921.597,15856.61,4021.16
